row_id,link_text,artist_info,series_info,condition,original,pulled_at,prediction
900617,A Clearance Opportunity! Meiji or Edo era Original,Miyagawa Shuntei (1873 - 1914),,This print with nice color and detail as shown. Toning and staining throughout. Backed with paper. Please see photos for details.,1,2024-02-13 15:34:51,4.5671
913568,A Clearance Opportunity! Meiji or Edo era Original,Hiroshige III (1843 - 1894),,This print with nice color and detail as shown. Rubbing and staining at edges. Loss at bottom edge. Please see photos for details.,1,2024-02-13 15:34:51,4.5843
902617,A Clearance Opportunity! Meiji or Edo era Original,Zeshin (1807 - 1891),,This print with nice detail as shown. Staining along edges. Please see photos for details.,1,2024-02-13 15:34:51,4.3403
908396,Fine Old Reprint Clearance! A Fuji Arts Value,Hiroshige (1797 - 1858),,This print with nice color and detail as shown. Toning and staining in margins. Please see photos for details.,0,2024-02-13 15:34:52,4.6198
901929,Fine Old Reprint Clearance! A Fuji Arts Value,Hiroshige (1797 - 1858),,This print with nice color and detail as shown. Toning and staining in margins. Please see photos for details.,0,2024-02-13 15:34:52,4.6198
900003,Fine Old Reprint Clearance! A Fuji Arts Value,Eishi (1756 - 1829),,"This print with nice color and detail as shown. Rubbing, toning, staining throughout. Please see photos for details.",0,2024-02-13 15:34:52,4.2988
910109,"Agemaki, Chapter 47",Kuniyoshi (1797 - 1861),"Series; Ukiyo-e Comparisons of the Cloudy Chapters of Genji, 1845 - 1846","Good detail. Backed with paper. Small repair at edge, a couple light creases.",1,2024-02-13 15:34:53,5.3703
912085,"Maki-bashira, Chapter 31",Kuniyoshi (1797 - 1861),"Series; Ukiyo-e Comparisons of the Cloudy Chapters of Genji, 1845 - 1846","Good detail. Backed with paper. Wormhole, repaired. A few creases.",1,2024-02-13 15:34:53,5.3703
907391,"Shiigamoto, Chapter 46",Kuniyoshi (1797 - 1861),"Series; Ukiyo-e Comparisons of the Cloudy Chapters of Genji, 1845 - 1846",Good detail. Backed with paper.,1,2024-02-13 15:34:53,5.3703
900209,"Tokonatsu, Chapter 26",Kuniyoshi (1797 - 1861),"Series; Ukiyo-e Comparisons of the Cloudy Chapters of Genji, 1845 - 1846","Good detail. Backed with paper. Wormhole, repaired.",1,2024-02-13 15:34:53,5.3703
908667,"Miyuki, Chapter 29",Kuniyoshi (1797 - 1861),"Series; Ukiyo-e Comparisons of the Cloudy Chapters of Genji, 1845 - 1846","Good detail. Backed with paper. Wormhole, repaired. Light diagonal crease.",1,2024-02-13 15:34:53,5.3703
914337,"Suzumushi, Chapter 38",Kuniyoshi (1797 - 1861),"Series; Ukiyo-e Comparisons of the Cloudy Chapters of Genji, 1845 - 1846",Good detail. Backed with paper.,1,2024-02-13 15:34:53,5.3703
904095,"Wakana no jo, Chapter 34",Kuniyoshi (1797 - 1861),"Series; Ukiyo-e Comparisons of the Cloudy Chapters of Genji, 1845 - 1846",Good detail. Backed with paper. Small repair at edge.,1,2024-02-13 15:34:53,5.3703
908259,"Yume-no-Ukihashi, Chapter 54",Kuniyoshi (1797 - 1861),"Series; Ukiyo-e Comparisons of the Cloudy Chapters of Genji, 1845 - 1846",Good detail. Backed with paper.,1,2024-02-13 15:34:53,5.3703
904564,"Wakana no ge, Chapter 35",Kuniyoshi (1797 - 1861),"Series; Ukiyo-e Comparisons of the Cloudy Chapters of Genji, 1845 - 1846","Good detail. Backed with paper. Wormhole, repaired.",1,2024-02-13 15:34:53,5.3703
900214,"4:00 AM: Beauty in Bed Lighting a Pipe, 1885",Arai Kiyozaburo,Series; Hands of the Hour,Excellent color and detail.,1,2024-02-13 15:34:54,4.7604
911769,"Yokobue, Chapter 37",Kuniyoshi (1797 - 1861),"Series; Ukiyo-e Comparisons of the Cloudy Chapters of Genji, 1845 - 1846",Good detail. Backed with paper. Small repair at edge.,1,2024-02-13 15:34:54,5.3703
908830,"Takegawa, Chapter 44",Kuniyoshi (1797 - 1861),"Series; Ukiyo-e Comparisons of the Cloudy Chapters of Genji, 1845 - 1846",Good detail. Backed with paper.,1,2024-02-13 15:34:54,5.3703
912988,"Kobai, Chapter 43",Kuniyoshi (1797 - 1861),"Series; Ukiyo-e Comparisons of the Cloudy Chapters of Genji, 1845 - 1846",Good detail. Backed with paper. Small repair.,1,2024-02-13 15:34:54,5.3703
914190,Camellia,Nakajima Chinami (born 1945),,Excellent color and detail. No issues to report.,1,2024-02-13 15:34:54,5.058
905754,Cactus,Nakajima Chinami (born 1945),,Excellent color and detail. No issues to report.,1,2024-02-13 15:34:54,5.058
908034,Sparrow on a Snow-covered Nandina,After Nagamachi Chikuseki (1747 - 1806),,Nice color and detail.,1,2024-02-13 15:34:54,4.9261
905581,"Scene from Yayoi zakura hisago no makubari, 1860",Toyokuni III/Kunisada (1786 - 1864),,Nice detail. A few creases at edges and repairs. Light diagonal ripple in right panel.,1,2024-02-13 15:34:54,4.9902
903559,"Scene from Ikanimo Choryo Yumeno ukihashi, 1861",Toyokuni III/Kunisada (1786 - 1864),,Nice detail. Horizontal centerfold. A few creases at edges and small repairs.,1,2024-02-13 15:34:54,4.9902
907846,"Scene from Higashiyama Sakura soshi, 1851",Kuniyoshi (1797 - 1861),,"Nice detail. A couple repairs, a few creases at edges.",1,2024-02-13 15:34:54,5.3703
902363,"Emperor Nintoku, 1896",Gekko (1859 - 1920),Series; Gekko's Essays,Nice color and detail. A couple creases at edges.,1,2024-02-13 15:34:54,4.7082
914793,"No. 8, Laolai: Amusing His Parents",Chikanobu (1838 - 1912),Series; Juxtaposed Pictures of Twenty-four Paragons of Filial Piety,Nice color and detail. Backed with paper.,1,2024-02-13 15:34:54,5.3508
911751,"No. 7, Wang Xiang: Catching Fish for His Stepmother in Winter, 1890",Chikanobu (1838 - 1912),Series; Juxtaposed Pictures of Twenty-four Paragons of Filial Piety,Excellent color and detail. Backed with paper. Faint staining near top.,1,2024-02-13 15:34:54,5.3508
911650,"4:00 PM: Beauty after a Bath, 1885",Arai Kiyozaburo,Series; Hands of the Hour,Excellent color and detail. Small repair at edge.,1,2024-02-13 15:34:54,4.7604
902115,"5:00 AM: Beauty Leaving, 1885",Arai Kiyozaburo,Series; Hands of the Hour,Excellent color and detail. Small fold at corner.,1,2024-02-13 15:34:54,4.7604
916049,"Scene from Sukeroku Yukari no Edo-zakura, 1862",Toyokuni III/Kunisada (1786 - 1864),,Nice detail. Horizontal centerfold. A few creases at edges and repairs.,1,2024-02-13 15:34:54,4.9902
913247,"No. 20, Jiang Ge: He Labored to Support His Mother",Chikanobu (1838 - 1912),Series; Juxtaposed Pictures of Twenty-four Paragons of Filial Piety,This print with excellent color and detail as shown. Backed with paper. Some faint soiling. A couple faint stains. Good overall.,1,2024-02-13 15:34:55,5.3508
915421,"No. 9, Ding Lan: He Carved Wooden Figures of His Parents to Serve Them, 1890",Chikanobu (1838 - 1912),Series; Juxtaposed Pictures of Twenty-four Paragons of Filial Piety,This print with excellent color and detail as shown. Backed with paper. Some faint soiling. A couple faint stains. Good overall.,1,2024-02-13 15:34:55,5.3508
902865,"No. 14, Wang Pou: Crying by the Grave When Thunder Rolled",Chikanobu (1838 - 1912),Series; Juxtaposed Pictures of Twenty-four Paragons of Filial Piety,Nice color and detail. Backed with paper.,1,2024-02-13 15:34:55,5.3508
900943,"No. 13, Huang Xiang: He Fanned the Pillow and Warmed the Sheets, 1890",Chikanobu (1838 - 1912),Series; Juxtaposed Pictures of Twenty-four Paragons of Filial Piety,This print with excellent color and detail as shown. Backed with paper. Some faint soiling. A couple faint stains. Good overall.,1,2024-02-13 15:34:55,5.3508
915512,"No. 24, Huang Tingjian: Personally Scrubbing His Mother's Chamber Pot, 1891",Chikanobu (1838 - 1912),Series; Juxtaposed Pictures of Twenty-four Paragons of Filial Piety,This print with excellent color and detail as shown. Backed with paper. Some faint soiling. A couple faint stains. Good overall.,1,2024-02-13 15:34:55,5.3508
907398,"No. 16, Guo Ju: He Buried His Son to Save His Mother, 1891",Chikanobu (1838 - 1912),Series; Juxtaposed Pictures of Twenty-four Paragons of Filial Piety,This print with excellent color and detail as shown. Backed with paper. Some faint soiling. A couple faint stains. Good overall.,1,2024-02-13 15:34:55,5.3508
906289,"No. 22, Wu Meng: Attracting Mosquitoes to Drink His Blood",Chikanobu (1838 - 1912),Series; Juxtaposed Pictures of Twenty-four Paragons of Filial Piety,This print with excellent color and detail as shown. Backed with paper. Some faint soiling. A couple faint stains. Good overall.,1,2024-02-13 15:34:55,5.3508
906576,"No. 11, Jiang Shi: A Miraculous Spring, 1890",Chikanobu (1838 - 1912),Series; Juxtaposed Pictures of Twenty-four Paragons of Filial Piety,This print with excellent color and detail as shown. Backed with paper. Some faint soiling. A couple faint stains. Good overall.,1,2024-02-13 15:34:55,5.3508
908224,"No. 10, Tanzi: He Fed His Parent's Doe's Milk, 1890",Chikanobu (1838 - 1912),Series; Juxtaposed Pictures of Twenty-four Paragons of Filial Piety,This print with excellent color and detail as shown. Backed with paper. Some faint soiling. A couple faint stains. Good overall.,1,2024-02-13 15:34:55,5.3508
908987,"No. 5, Dong Yang: He Sold Himself for His Father's Funeral, 1890",Chikanobu (1838 - 1912),Series; Juxtaposed Pictures of Twenty-four Paragons of Filial Piety,This print with excellent color and detail as shown. Backed with paper. Some faint soiling. A couple faint stains. Good overall.,1,2024-02-13 15:34:55,5.3508
915170,Table of Contents for Paragons of Filial Piety,Chikanobu (1838 - 1912),Series; Juxtaposed Pictures of Twenty-four Paragons of Filial Piety,This print with excellent color and detail as shown. Backed with paper. Some faint soiling. A couple faint stains. Good overall.,1,2024-02-13 15:34:55,5.3508
901067,Title Page for Paragons of Filial Piety,Chikanobu (1838 - 1912),Series; Juxtaposed Pictures of Twenty-four Paragons of Filial Piety,This print with excellent color and detail as shown. Backed with paper. Some faint soiling. A couple faint stains. Good overall.,1,2024-02-13 15:34:55,5.3508
905907,"Purple of Edo, circa 1850",Kuniyoshi (1797 - 1861),,Nice detail and good color. Backed with paper. Small repair.,1,2024-02-13 15:34:55,5.3703
904082,Smiling Beauty with a Fan,Toyokuni III/Kunisada (1786 - 1864),,"Nice detail. A couple repairs, light vertical folds at sides, a few creases at edges.",1,2024-02-13 15:34:56,4.9902
911006,"Wakana no jo, Chapter 34",Kunisada II (1823 - 1880),"Series; Lady Murasaki's Genji Cards, 1857",Good color and detail.,1,2024-02-13 15:34:56,5.0398
916024,"Prince Genji and Beauty Doing Origami, 1869",Kuniaki II (1835 - 1888),,Good detail. A few repairs.,1,2024-02-13 15:34:56,5.1666
911344,Aoto Fujitsuna,Yasuji Inoue (1864 - 1889),Series; Foundations of Morality and Success (Kyodo Risshi no Motoi),Good color and detail. Backed with paper.,1,2024-02-13 15:34:56,4.5801
902833,"The Little Cherry, Most Beloved Tree in the Garden, 1847 - 1852",Toyokuni III/Kunisada (1786 - 1864),,"Nice detail. Thinning along vertical fold at side, small hole, repaired.",1,2024-02-13 15:34:56,4.9902
911064,"Poem by Koroku-jo, 1863",Toyokuni III/Kunisada (1786 - 1864),Series; A Refreshing Collection of Haiku by Beauties,Good detail. A few small repairs.,1,2024-02-13 15:34:56,4.9902
915380,"Snowy Morning, 1847 - 1852",Kuniyoshi (1797 - 1861),,"Good detail. Backed with paper. A few small holes, large loss, repaired. Wrinkling at top of center panel.",1,2024-02-13 15:34:56,5.3703
900338,"Asagao, Chapter 20",Kunisada II (1823 - 1880),"Series; Lady Murasaki's Genji Cards, 1857",Good color and detail.,1,2024-02-13 15:34:56,5.0398
906918,"Young Nobleman's Procession, 1847 - 1852",Toyokuni III/Kunisada (1786 - 1864),,"Good detail. Stitching holes at one side of each panel, a few wormholes at edges, repaired. A few creases and slight rubbing at edges.",1,2024-02-13 15:34:56,4.9902
900730,"The Soga Brothers Avenge Their Father, 1851 - 1852",Kuniyoshi (1797 - 1861),,"Nice detail. Backed with paper. Small tear at edge, a few holes, repaired.",1,2024-02-13 15:34:56,5.3703
915104,Murakami Yoshimitsu Retrieving His Clan's Banner,Yasuji Inoue (1864 - 1889),Series; Foundations of Morality and Success (Kyodo Risshi no Motoi),"Nice color and detail. Backed with paper. Tear, repaired.",1,2024-02-13 15:34:56,4.5801
908337,Sugawara Michizane,Kiyochika (1847 - 1915),Series; Foundations of Morality and Success (Kyodo Risshi no Motoi),Nice color and detail. Backed with paper. Light vertical fold at side.,1,2024-02-13 15:34:56,5.1663
915139,Arai Hakuseki,Toshikata (1866 - 1908),Series; Foundations of Morality and Success (Kyodo Risshi no Motoi),"Nice color and detail. Small tear at edge, hole, thinning spot, repaired. Light diagonal crease above center.",1,2024-02-13 15:34:56,4.6882
907632,Festival Lanterns and Other Designs,20th century artist (not read),,"This print with excellent color and detail, as shown. Slight toning, a couple creases at edges. Please see photos for details. Nice overall.",1,2024-02-13 15:34:56,4.466
904660,"Lord Yoritomo's Hunting Party Assembles in the Foothills of Mt. Fuji, circa 1839 - 1841",Kuniyoshi (1797 - 1861),,"Nice detail. Backed with paper. A few wormholes and small holes, repaired.",1,2024-02-13 15:34:56,5.3703
912947,"Chushingura: Oboshi Yoshikane and the Other More than 40 Loyal Retainers Burn Incense at Sengakuji, Having Fulfilled Their Vow, 1847 - 1848",Kuniyoshi (1797 - 1861),,"Nice detail. Backed with paper. Stitching holes at one side of each panel, repaired.",1,2024-02-13 15:34:56,5.3703
912260,Wisteria: Oshiyun Shirafuji,Kuniyoshi (1797 - 1861),Series; Brother-pictures of Thirty Chosen Trees and Flowers,"Good detail. Horizontal folds. Thinning along centerfold, a couple holes, repaired.",1,2024-02-13 15:34:56,5.3703
911240,"Benten, circa 1847 - 1848",Kuniyoshi (1797 - 1861),Series; Women Compared with the Seven Gods of Good Fortune,"Good detail. A few wormholes, repaired. A few creases.",1,2024-02-13 15:34:56,5.3703
911043,"Panoramic View of Chishima from the Kanrantei in Matsushima, Mutsu Province, 1881",Chikanobu (1838 - 1912),,"Nice color and detail. Small losses at corners, repaired.",1,2024-02-13 15:34:56,5.3508
915566,"Cockfighting in a Garden, 1898",Chikanobu (1838 - 1912),,"Excellent color and detail. Backed with paper. A few small holes, repaired.",1,2024-02-13 15:34:56,5.3508
905768,"Imperial Officials Guide, 1886",Chikanobu (1838 - 1912),,Nice color and detail. Small repair.,1,2024-02-13 15:34:56,5.3508
912665,"Tsukiji Riverbank, 1955",Mori Masamoto (1912 - ?),,Excellent color and detail. No issues to report.,1,2024-02-13 15:34:56,5.9723
907650,"Morning in the Village, 1993",Seiji Sano (born 1959),,"Excellent color and detail. A couple light creases at edges, small indent in margin.",1,2024-02-13 15:34:56,5.5356
908862,"Nihondaira Cherry Blossoms, 1986",Urata Shusha,,Excellent color and detail. A couple light creases at edges. Notch at upper right edge for aligning blocks.,1,2024-02-13 15:34:56,5.3366
909998,"Nakamura Shikan as a Nobleman, 1862",Toyokuni III/Kunisada (1786 - 1864),"Series; The Six Poetry Immortals, 1862","Good detail. Thinning at edge, repaired. A few light creases at edges.",1,2024-02-13 15:34:57,4.9902
907884,"Fujibakama, Chapter 30",Kunisada II (1823 - 1880),"Series; Fifty-four Chapters of the False Genji, 1864","Good color and detail. Backed with paper. A couple repairs, light creases at center.",1,2024-02-13 15:34:57,5.0398
908607,Flower Arranging,Chikanobu (1838 - 1912),,Nice color and good detail. A few small repairs.,1,2024-02-13 15:34:57,5.3508
915241,"Doting on the Little Princess, 1847 - 1852",Toyokuni III/Kunisada (1786 - 1864),,"Good detail. Small tear at edge, repaired.",1,2024-02-13 15:34:57,4.9902
914230,Annual Events in the Floating World: The Third Month,Toyokuni III/Kunisada (1786 - 1864),,"Good detail. A few repairs, a couple light creases at edges, light diagonal fold in left panel.",1,2024-02-13 15:34:57,4.9902
902321,"Suma, Chapter 12",Kunisada II (1823 - 1880),"Series; Fifty-four Chapters of the False Genji, 1864","Good color and detail. Some prints have a few small repairs, a couple creases at edges, or slight rubbing.",1,2024-02-13 15:34:57,5.0398
914194,"The 47 Ronin, Act 8",Chikanobu (1838 - 1912),Series; Bamboo Joints,Excellent color and good detail.,1,2024-02-13 15:34:57,5.3508
906783,"Hanachirusato, Chapter 11",Kunisada II (1823 - 1880),"Series; Fifty-four Chapters of the False Genji, 1864","Good color and detail. Some prints have a few small repairs, a couple creases at edges, or slight rubbing.",1,2024-02-13 15:34:58,5.0398
900482,"Drastic Price Reduction Moved to Clearance, Act Fast!",Kuniyoshi (1797 - 1861),"Series; Kanadehon Chushingura, 1854",Good detail. A few repairs.,1,2024-02-13 15:34:59,5.3703
914887,"Nowaki, Chapter 28",Kunisada II (1823 - 1880),"Series; Fifty-four Chapters of the False Genji, 1864","Good color and detail. Some prints have a few small repairs, a couple creases at edges, or slight rubbing.",1,2024-02-13 15:34:59,5.0398
914031,"Hatsune, Chapter 23",Kunisada II (1823 - 1880),"Series; Fifty-four Chapters of the False Genji, 1864","Good color and detail. Some prints have a few small repairs, a couple creases at edges, or slight rubbing.",1,2024-02-13 15:34:59,5.0398
915059,Moonlight at Fujikawa Bridge,Tokuriki (1902 - 1999),"Series; Thirty-six Views of Mt. FujiOriginal, First Edition ReleaseA Fuji Arts $25 Opening Special Offer Auction! Get your bid in!",Excellent detail. Light spotting.,1,2024-02-14 15:37:31,4.8756
902930,"Bird and Trees, 1964",Yoshiharu Kimura (born 1934),A Fuji Arts $25 Opening Special Offer Auction! Get your bid in!,Excellent color and detail. Light staining in margins.,1,2024-02-14 15:37:31,4.9155
913020,September,Toshi Yoshida (1911 - 1995),"Series; The Flowers and Birds of the Oriental Year, 1982A Fuji Arts $25 Opening Special Offer Auction! Get your bid in!",Excellent detail and nice color. Light toning. Paper mounts on reverse at top and bottom center.,1,2024-02-14 15:37:31,5.6802
913771,"Gosho Doll with Rooster, 1935",Hasui (1883 - 1957),Series; Gosho Ningyo (Japanese Dolls)A Fuji Arts $25 Opening Special Offer Auction! Get your bid in!,Nice color and detail. Light spotting.,1,2024-02-14 15:37:31,5.3538
912773,Iris Leaf Battle Helmet,Shin-hanga & Modern artist (not read),A Fuji Arts $25 Opening Special Offer Auction! Get your bid in!,"Nice color and detail. Small loss at corner, small tears at edges, repaired.",1,2024-02-14 15:37:31,4.0626
901358,"Tokichiro Kinoshita Surprised by the Strength of Ichimatsu, 1894",Toshihide (1863 - 1925),A Fuji Arts $25 Opening Special Offer Auction! Get your bid in!,"Excellent color and detail. Slight separation along vertical folds between panels, a couple small tears at edges, repaired.",1,2024-02-14 15:37:31,5.0291
915446,"Revenge at Iga Pass, 1856",Kunisato (active 1850s),A Fuji Arts $25 Opening Special Offer Auction! Get your bid in!,"Good color and detail. Backed with paper. Small losses, repaired. Folds at corners, slight curling.",1,2024-02-14 15:37:31,4.9143
900427,"The Village School Scene, 1921",Toshishide (1863 - 1925),Series; Toshihide's Essays (Toshihide Zuihitsu)A Fuji Arts $25 Opening Special Offer Auction! Get your bid in!,"Nice detail. A few tears at edges, repaired. A few creases.",1,2024-02-14 15:37:32,4.9143
911791,"Katsufudo Yohei, 1859",Toyokuni III/Kunisada (1786 - 1864),Series; Atari senkin otoko kagamiA Fuji Arts $25 Opening Special Offer Auction! Get your bid in!,"Good color and detail. Large loss, a few tiny tears at edges, repaired.",1,2024-02-14 15:37:32,4.9902
912610,Sumo Wrestling Match,Kuniaki II (1835 - 1888),A Fuji Arts $25 Opening Special Offer Auction! Get your bid in!,"Good color and detail. Vertical folds, creasing throughout.",1,2024-02-14 15:37:32,5.1666
901250,View of Toshogu Shrine in Nikko,Chikuyo Hasegawa (active circa 1870s - 1880s) ,A Fuji Arts $25 Opening Special Offer Auction! Get your bid in!,"Nice color and detail. Backed with paper. Vertical folds, diagonal fold at corner.",1,2024-02-14 15:37:32,4.9143
909241,"Seven Ri Beach, 1860",Hiroshige II (1826 - 1869),A Fuji Arts $25 Opening Special Offer Auction! Get your bid in!,"Good detail. A few small repairs, vertical wrinkling throughout.",1,2024-02-14 15:37:32,4.6123
909917,"Kanagawa, Noge, and Yokohama: Evening Scene of Yokohama 1861",Hiroshige II (1826 - 1869),A Fuji Arts $25 Opening Special Offer Auction! Get your bid in!,"Nice color and detail. A few repairs, wrinkling throughout.",1,2024-02-14 15:37:32,4.6123
907534,"Famous Places in Osaka, Set of 10 Lithographs, 1895",Hayashi Motoharu (1858 - 1903),A Fuji Arts $25 Opening Special Offer Auction! Get your bid in!,"Nice color and detail. A couple creases at edges, some prints have a few spots. One print has a couple stains in the margin, another has a tear at edge, repaired. Please see photos for details.",0,2024-02-14 15:37:32,4.1914
902648,"Scene from Sukeroku, 1872",Kunichika (1835 - 1900),A Fuji Arts $25 Opening Special Offer Auction! Get your bid in!,Nice color and detail. A few small repairs.,1,2024-02-14 15:37:32,4.9712
905330,"Nakamura Shikan IV as Seitaka doji, 1883",Kunichika (1835 - 1900),A Fuji Arts $25 Opening Special Offer Auction! Get your bid in!,Good color and detail. A few repairs.,1,2024-02-14 15:37:32,4.9712
909085,"Fishing Village in Izu, 1977",Fumio Kitaoka (1918 - 2007),A Fuji Arts $25 Opening Special Offer Auction! Get your bid in!,Excellent color and detail. A couple light creases at edges.,1,2024-02-14 15:37:33,5.3961
900344,"Ichikawa Danjuro VII as Takechi Mitsuhide, Ichikawa Danjuro VIII as Fuwa Banzaemon, and Ichikawa Gonjuro I as Nagoya Sanza, 1861",Toyokuni III/Kunisada (1786 - 1864),"Series; Toyokuni's Manga on Three Wine Cups, 1861A Fuji Arts $25 Opening Special Offer Auction! Get your bid in!",Good detail. Small repair at edge.,1,2024-02-14 15:37:33,4.9902
902028,"Ichikawa Danjuro V as Akushichibei Kagekiyo, Ichikawa Danjuro VI as Hanakawado Sukeroku, and Ichikawa Kodanji IV as the Fox Tadanobu, 1861",Toyokuni III/Kunisada (1786 - 1864),"Series; Toyokuni's Manga on Three Wine Cups, 1861A Fuji Arts $25 Opening Special Offer Auction! Get your bid in!",Good detail. A couple light creases near bottom.,1,2024-02-14 15:37:33,4.9902
901339,"Scene from Ise ondo koi no netaba, 1852",Toyokuni III/Kunisada (1786 - 1864),A Fuji Arts $25 Opening Special Offer Auction! Get your bid in!,"Good detail. Backed with paper. Stitching holes at one side of each panel, repaired. Small lightly rubbed spot.",1,2024-02-14 15:37:33,4.9902
915312,"Scene from Hatsu momiji ogura no shikishi, 1854",Toyokuni III/Kunisada (1786 - 1864),A Fuji Arts $25 Opening Special Offer Auction! Get your bid in!,"Good detail. Backed with paper. Stitching holes at one side of each panel, repaired. A couple creases at edges.",1,2024-02-14 15:37:33,4.9902
903811,Scene from Kiichi Hogen sanryaku no maki,Kunitsuna II (1829 - 1874),A Fuji Arts $25 Opening Special Offer Auction! Get your bid in!,"Good detail. A couple light horizontal and vertical folds, small repairs, a few creases.",1,2024-02-14 15:37:33,5.0461
903416,"Moon, 1996",Fumio Fujita (born 1933),A Fuji Arts $25 Opening Special Offer Auction! Get your bid in!,Excellent color and detail. Light crease in top margin.,1,2024-02-14 15:37:33,4.1778
914868,"Variegated Kingfisher, Balsam, and Job's Tears",Nakayama Sugakudo (active circa 1850 - 1860),Series; Forty-eight Hawks Drawn from LifeA Fuji Arts $25 Opening Special Offer Auction! Get your bid in!,Excellent color and detail. Backed with paper.,1,2024-02-14 15:37:33,4.659
905164,View of Nihonbashi Bridge in Snow,Hiroshige (1797 - 1858),Series; Famous Views of the Eastern CapitalA Fuji Arts $25 Opening Special Offer Auction! Get your bid in!,Excellent color and detail. No issues to report.,0,2024-02-14 15:37:33,4.6198
910977,"Single oban original - Summer Group, 1891",Imao Keinen (1845 - 1924) ,Series; Four Seasons in the VillageA Fuji Arts $25 Opening Special Offer Auction! Get your bid in!,Nice color and detail as shown. Stitching holes at side. Some prints have a couple light creases or spots.,1,2024-02-14 15:37:33,4.3278
913177,Awabi Divers Triptych,Utamaro (1750 - 1806),A Fuji Arts $25 Opening Special Offer Auction! Get your bid in!,"Nice color and detail. Light spotting, a couple creases at edges.",0,2024-02-14 15:37:33,4.0166
900959,Clearing Weather at Asakusa,Harunobu (1724 - 1770),Series; Eight Views of Contemporary EdoA Fuji Arts $25 Opening Special Offer Auction! Get your bid in!,Nice color and detail. Creasing at top edge.,0,2024-02-14 15:37:33,4.9678
900968,Ochanomizu in the Eastern Capital,Hokuju (active circa 1789 - 1818) ,A Fuji Arts $25 Opening Special Offer Auction! Get your bid in!,Nice color and detail. A few faint spots.,0,2024-02-14 15:37:33,4.7602
908689,"Hanging Cloud Bridge at Mt. Gyodo, Ashikaga",Hokusai (1760 - 1849),Series; Famous Bridges in JapanA Fuji Arts $25 Opening Special Offer Auction! Get your bid in!,"Nice color and detail. A few spots, a couple light creases at edges.",0,2024-02-14 15:37:33,3.9827
914709,Thunderstorm Beneath the Summit,Hokusai (1760 - 1849),Series; Thirty-six Views of FujiA Fuji Arts $25 Opening Special Offer Auction! Get your bid in!,Nice color and detail. Slight rippling at top and bottom edges.,0,2024-02-14 15:37:33,3.9827
912695,Night Rain at Akasaka Kiribatake,Hiroshige II (1826 - 1869),Series; One Hundred Famous Views of EdoA Fuji Arts $25 Opening Special Offer Auction! Get your bid in!,Excellent color and detail. No issues to report.,0,2024-02-14 15:37:33,4.6123
911026,Autumn Moon at Ishiyama Temple,Hiroshige (1797 - 1858),Series; Eight Views of Omi ProvinceA Fuji Arts $25 Opening Special Offer Auction! Get your bid in!,"Nice color and detail. Diagonal folds across left, wrinkling.",0,2024-02-14 15:37:33,4.6198
902276,Wada,Hiroshige (1797 - 1858),Series; Sixty-nine Stations of the KisokaidoA Fuji Arts $25 Opening Special Offer Auction! Get your bid in!,Nice color and detail. A couple creases at edges.,0,2024-02-14 15:37:33,4.6198
906375,Beauty under the Mosquito Netting,Utamaro (1750 - 1806),A Fuji Arts $25 Opening Special Offer Auction! Get your bid in!,Excellent color and detail. A few creases at top center edge.,0,2024-02-14 15:37:33,4.0166
915484,Viewing the Moon,Munakata (1903 - 1975),Series; Dream CarpA Fuji Arts Special Offer Auction,Excellent overall with no issues to report.,0,2024-02-14 15:37:34,4.9143
912033,"Oka Castle, Taketa",Munakata (1903 - 1975),A Fuji Arts Special Offer Auction,"This print with excellent color and detail as shown. Slight toning, a few creases at edges. Please see photos for details.",0,2024-02-14 15:37:34,4.9143
904744,"Waikiki Beach, Hawaii",Munakata (1903 - 1975),A Fuji Arts Special Offer Auction,"This print with excellent detail as shown. Slight toning, a couple light creases at edges. Please see photos for details.",0,2024-02-14 15:37:34,4.9143
915743,Midsummer,Munakata (1903 - 1975),Series; Four Seasons of Scenery at FukumitsuA Fuji Arts Special Offer Auction,This print with excellent color and detail as shown. A few creases at edges. Please see photos for details. Nice overall.,0,2024-02-14 15:37:34,4.9143
901138,"Oban diptych original - Winter Group, 1891",Imao Keinen (1845 - 1924),Series; Four Seasons,Nice color and detail. Stitching holes at one side of each panel. Some prints have a couple light creases or spots.,1,2024-02-14 15:37:34,4.61
915390,Crown Prince Shotoku,Munakata (1903 - 1975),A Fuji Arts Special Offer Auction,"This print with excellent detail as shown. Slight toning, a few creases and spots. Please see photos for details. Good overall.",0,2024-02-14 15:37:34,4.9143
915278,"Single oban original - Winter Group, 1891",Imao Keinen (1845 - 1924),Series; Four Seasons,Nice color and detail. Stitching holes at side. Some prints have a couple light creases or spots.,1,2024-02-14 15:37:34,4.61
909249,"Single oban original - Winter Group, 1891",Imao Keinen (1845 - 1924),Series; Four Seasons,Nice color and detail. Stitching holes at side. Some prints have a couple light creases or spots.,1,2024-02-14 15:37:34,4.61
903570,Two Women,Munakata (1903 - 1975),Series; Dream CarpA Fuji Arts Special Offer Auction,This print with excellent detail as shown. A couple light creases at edges. Please see photos for details.,0,2024-02-14 15:37:34,4.9143
912784,Triassic,Munakata (1903 - 1975),A Fuji Arts Special Offer Auction,This print with excellent color and detail as shown. Slight creasing. Please see photos for details.,0,2024-02-14 15:37:34,4.9143
905410,Oe Church (Oe Tenshudo),Munakata (1903 - 1975),A Fuji Arts Special Offer Auction,"This print with excellent color and detail as shown. Small fold at corner, a couple light creases at edges. Please see photos for details.",0,2024-02-14 15:37:34,4.9143
908761,Wakato Ohashi Bridge,Munakata (1903 - 1975),A Fuji Arts Special Offer Auction,"This print with excellent detail as shown. Slight toning, a couple light creases at edges. Please see photos for details.",0,2024-02-14 15:37:34,4.9143
907540,Sleepwalking,Munakata (1903 - 1975),Series; Dream CarpA Fuji Arts Special Offer Auction,This print with excellent detail as shown. Slight toning. Please see photos for details.,0,2024-02-14 15:37:34,4.9143
902639,Birds,Munakata (1903 - 1975),A Fuji Arts Special Offer Auction,This print with excellent color and detail as shown. A couple light creases at edges. Please see photos for details.,0,2024-02-14 15:37:34,4.9143
906694,Two Goddesses,Munakata (1903 - 1975),A Fuji Arts Special Offer Auction,"This print with excellent color and detail as shown. A few creases at edges, slight curling. Please see photos for details.",0,2024-02-14 15:37:34,4.9143
903378,Hometown,Munakata (1903 - 1975),A Fuji Arts Special Offer Auction,This print with excellent color and detail as shown. A few creases. Please see photos for details.,0,2024-02-14 15:37:34,4.9143
912066,Peony,Munakata (1903 - 1975),A Fuji Arts Special Offer Auction,This print with excellent color and detail as shown. A couple light creases at edges. Please see photos for details.,0,2024-02-14 15:37:34,4.9143
900159,Cape Ashizuri,Munakata (1903 - 1975),A Fuji Arts Special Offer Auction,"This print with excellent detail as shown. Slight toning, two diagonal folds across lower portion. Please see photos for details.",0,2024-02-14 15:37:34,4.9143
911725,Sumiya Kakuya,Munakata (1903 - 1975),A Fuji Arts Special Offer Auction,"This print with excellent color and detail as shown. Faint spotting, a few creases at edges. Please see photos for details.",0,2024-02-14 15:37:34,4.9143
913403,Sanzon (Three Buddhist Deities),Munakata (1903 - 1975),Series; Wandering Away from Home: Compositions on Isamu Yoshii's TankaA Fuji Arts Special Offer Auction,"This print with excellent color and detail as shown. Slight creasing, a few faint stains. Please see photos for details.",0,2024-02-14 15:37:34,4.9143
905347,Weeping Cherry,Munakata (1903 - 1975),A Fuji Arts Special Offer Auction,This print with excellent color and detail as shown. Diagonal folds and creasing at edges. Please see photos for details.,0,2024-02-14 15:37:34,4.9143
900611,Dainichi Nyorai,Munakata (1903 - 1975),A Fuji Arts Special Offer Auction,This print with excellent detail as shown. Slight toning. Please see photos for details.,0,2024-02-14 15:37:34,4.9143
910486,"Single oban original - Summer Group, 1891",Imao Keinen (1845 - 1924) ,Series; Four Seasons,Nice color and detail. Stitching holes at side. Some prints have a couple light creases or spots.,1,2024-02-14 15:37:35,4.3278
901831,"Single oban original - Summer Group, 1891",Imao Keinen (1845 - 1924) ,Series; Four Seasons,Nice color and detail. Stitching holes at side. Some prints have a couple light creases or spots.,1,2024-02-14 15:37:35,4.3278
903424,"Single oban original - Summer Group, 1891",Imao Keinen (1845 - 1924) ,Series; Four Seasons,Nice color and detail. Stitching holes at side. Some prints have a couple light creases or spots.,1,2024-02-14 15:37:35,4.3278
904259,"Oban diptych original - Summer Group, 1891",Imao Keinen (1845 - 1924),Series; Four Seasons,Nice color and detail. Stitching holes at one side of each panel. Some prints have a couple light creases or spots.,1,2024-02-14 15:37:35,4.61
903979,"Single oban original - Summer Group, 1891",Imao Keinen (1845 - 1924) ,Series; Four Seasons,Nice color and detail. Stitching holes at side. Some prints have a couple light creases or spots.,1,2024-02-14 15:37:35,4.3278
900641,"Single oban original - Autumn Group, 1891 ",Imao Keinen (1845 - 1924) ,Series; Four Seasons,Nice color and detail. Stitching holes at side. Some prints have a couple light creases or spots.,1,2024-02-14 15:37:35,4.3278
904704,"Single oban original - Summer Group, 1891",Imao Keinen (1845 - 1924) ,Series; Four Seasons,Nice color and detail. Stitching holes at side. Some prints have a couple light creases or spots.,1,2024-02-14 15:37:35,4.3278
905253,"Single oban original - Autumn Group, 1891 ",Imao Keinen (1845 - 1924) ,Series; Four Seasons,Nice color and detail. Stitching holes at side. Some prints have a couple light creases or spots.,1,2024-02-14 15:37:35,4.3278
903771,"Single oban original - Autumn Group, 1891 ",Imao Keinen (1845 - 1924) ,Series; Four Seasons,Nice color and detail. Stitching holes at side. Some prints have a couple light creases or spots.,1,2024-02-14 15:37:35,4.3278
907440,"Single oban original - Winter Group, 1891",Imao Keinen (1845 - 1924),Series; Four Seasons,Nice color and detail. Stitching holes at side. Some prints have a couple light creases or spots.,1,2024-02-14 15:37:35,4.61
901081,"Single oban original - Winter Group, 1891",Imao Keinen (1845 - 1924),Series; Four Seasons,Nice color and detail. Stitching holes at side. Some prints have a couple light creases or spots.,1,2024-02-14 15:37:35,4.61
914611,"Single oban original - Summer Group, 1891",Imao Keinen (1845 - 1924) ,Series; Four Seasons,Nice color and detail. Stitching holes at side. Some prints have a couple light creases or spots.,1,2024-02-14 15:37:35,4.3278
904764,"Single oban original - Autumn Group, 1891 ",Imao Keinen (1845 - 1924) ,Series; Four Seasons,Nice color and detail. Stitching holes at side. Some prints have a couple light creases or spots.,1,2024-02-14 15:37:35,4.3278
915294,"Oban diptych original - Spring Group, 1891",Imao Keinen (1845 - 1924),Series; Four Seasons,Nice color and detail as shown. Stitching holes at one side of each panel. Some prints have a couple light creases or spots.,1,2024-02-14 15:37:36,4.61
908412,"Oban diptych original - Spring Group, 1891",Imao Keinen (1845 - 1924),Series; Four Seasons,Nice color and detail as shown. Stitching holes at one side of each panel. Some prints have a couple light creases or spots.,1,2024-02-14 15:37:36,4.61
905863,"Single oban original - Spring Group, 1891",Imao Keinen (1845 - 1924),Series; Four Seasons,Nice color and detail. Stitching holes at side. Some prints have a couple light creases or spots.,1,2024-02-14 15:37:36,4.61
902912,"Oban diptych original - Summer Group, 1891",Imao Keinen (1845 - 1924),Series; Four Seasons,Nice color and detail. Stitching holes at one side of each panel. Some prints have a couple light creases or spots.,1,2024-02-14 15:37:36,4.61
914120,"Single oban original - Autumn Group, 1891 ",Imao Keinen (1845 - 1924) ,Series; Four Seasons,Nice color and detail as shown. Stitching holes at side. Some prints have a couple light creases or spots.,1,2024-02-14 15:37:36,4.3278
910564,"Single oban original - Autumn Group, 1891 ",Imao Keinen (1845 - 1924) ,Series; Four Seasons,Nice color and detail as shown. Stitching holes at side. Some prints have a couple light creases or spots.,1,2024-02-14 15:37:36,4.3278
906408,"Single oban original - Spring Group, 1891",Imao Keinen (1845 - 1924),Series; Four Seasons,Nice color and detail. Stitching holes at side. Some prints have a couple light creases or spots.,1,2024-02-14 15:37:36,4.61
913052,"Oban diptych original - Spring Group, 1891",Imao Keinen (1845 - 1924),Series; Four Seasons,Nice color and detail. Stitching holes at one side of each panel. Some prints have a couple light creases or spots.,1,2024-02-14 15:37:36,4.61
904788,"Oban diptych original - Spring Group, 1891",Imao Keinen (1845 - 1924),Series; Four Seasons,Nice color and detail. Stitching holes at one side of each panel. Some prints have a couple light creases or spots.,1,2024-02-14 15:37:36,4.61
901290,"Single oban original - Autumn Group, 1891 ",Imao Keinen (1845 - 1924) ,Series; Four Seasons,Nice color and detail as shown. Stitching holes at side. Some prints have a couple light creases or spots.,1,2024-02-14 15:37:36,4.3278
916053,"Single oban original - Spring Group, 1891",Imao Keinen (1845 - 1924),Series; Four Seasons,Nice color and detail as shown. Stitching holes at side. Some prints have a couple light creases or spots.,1,2024-02-14 15:37:36,4.61
904202,"Hojo Takatoki Tormented by Tengu, 1887",Kunisada III (1848 - 1920),,"Nice detail. Horizontal centerfold, a couple diagonal folds in right panel. A few light creases at edges and small repairs.",1,2024-02-14 15:37:36,4.5157
905435,"Single oban original - Autumn Group, 1891 ",Imao Keinen (1845 - 1924) ,Series; Four Seasons,Nice color and detail as shown. Stitching holes at side. Some prints have a couple light creases or spots.,1,2024-02-14 15:37:36,4.3278
905060,"Scene from Nani Takashima Ryuta jitsuroku, 1855",Toyokuni III/Kunisada (1786 - 1864),,"Nice detail. Backed with paper. A few creases and small repairs, diagonal fold in right panel.",1,2024-02-14 15:37:36,4.9902
901315,"Swordfight in an Interior, 1892",Kunichika (1835 - 1900),,Nice color and detail. A few repairs.,1,2024-02-14 15:37:36,4.9712
907555,"Single oban original - Spring Group, 1891",Imao Keinen (1845 - 1924),Series; Four Seasons,Nice color and detail as shown. Stitching holes at side. Some prints have a couple light creases or spots.,1,2024-02-14 15:37:36,4.61
904695,"Single oban original - Spring Group, 1891",Imao Keinen (1845 - 1924),Series; Four Seasons,"Nice color and detail. Stitching holes at side. Rippling, a few wrinkles.",1,2024-02-14 15:37:36,4.61
905490,"Scene from Yuki to Sumi Kuruwa no Tatehiki, 1872",Kunichika (1835 - 1900),,Nice color and detail. A few small creases at edges.,1,2024-02-14 15:37:37,4.9712
901654,"Scene from Momoyama monogatari, 1869",Kunichika (1835 - 1900),,Good detail. A few repairs and light creases.,1,2024-02-14 15:37:37,4.9712
913503,"Sculptor Hidari Jingoro and the Living Doll, 1873",Kunichika (1835 - 1900),,Good color and detail. Vertical folds. A few repairs and creases.,1,2024-02-14 15:37:37,4.9712
909790,Daiba Nisaburo Fighting Nozarashi Gosuke,Kunichika (1835 - 1900),,"Good color and detail. Right panel backed with paper. A couple small repairs, wrinkling at edges.",1,2024-02-14 15:37:37,4.9712
915339,"Memorial Portrait of Bando Shuka I, 1855",Edo era artist (unsigned),,Good detail. A few light creases at edges and small repairs.,1,2024-02-14 15:37:37,4.1951
902990,"Ichimura Uzaemon XIII as Tekomae no Takekichi, 1859",Toyokuni III/Kunisada (1786 - 1864),Series; Mirror of Today's Pictures,Nice detail. Horizontal centerfold. A few repairs at edges and creases.,1,2024-02-14 15:37:37,4.9902
906705,Summer in Aizu,Kiyoshi Saito (1907 - 1997),,Nice color and detail. A couple small spots.,1,2024-02-14 15:37:37,6.1511
905344,Children of Aizu,Kiyoshi Saito (1907 - 1997),,Nice color and detail. Faint staining at corners.,1,2024-02-14 15:37:38,6.1511
903232,"Woman Shaking a Jar, 1977",Yoshitoshi Mori (1898 - 1992),,"Excellent color and detail. Light spotting on background, light diagonal fold across lower right.",1,2024-02-14 15:37:38,5.0084
900117,"Autumn Beauty Kuchi-e Print, 1897",Takeuchi Keishu (1847 - 1915),,Nice color and good detail. Vertical folds. A few creases at edges.,1,2024-02-14 15:37:39,4.855
911244,Statue of a Buddhist Deity,Shin-hanga & Modern artist (unsigned),,Excellent detail.,1,2024-02-14 15:37:39,4.1396
912925,"Summer at Shima, 1947",Kawai Kenji (1908 - 1995),,Nice color and detail.,1,2024-02-14 15:37:39,5.1916
905674,"Twilight in Sakurajima, 1947",Hideo Nishiyama (1911 - 1989),,Nice color and detail. A couple light creases at edges.,1,2024-02-14 15:37:39,5.2692
906342,"Near Lake Kawaguchi, 1949",Okumura Koichi (1904 - 1974),,Nice color and detail.,1,2024-02-14 15:37:39,5.068
911774,"Fuji, 1981",Okumura Togyu (1889 - 1990),,Nice color and detail. A couple light creases at edges. Tape remnants on reverse at edges from previous mounting.,1,2024-02-14 15:37:39,5.0949
910384,"Gate, Kamakura (G), 1973",Kiyoshi Saito (1907 - 1997),,Nice color and detail. Light fold at bottom edge.,1,2024-02-14 15:37:39,6.1511
904925,"Atsuta Coast, 1975",Fumio Kitaoka (1918 - 2007),,"Excellent color and detail. A few creases at edges, a couple spots in margins. Tape remnants on reverse at edges from previous mounting.",1,2024-02-14 15:37:39,5.3961
902775,"Spring at the Imperial Palace (Hanzomon), 1993",Fumio Kitaoka (1918 - 2007),,"Excellent color and detail. A couple light creases at edges, a few spots in margins.",1,2024-02-14 15:37:39,5.3961
915501,"Hermitage in Hagi Kuchi-e Print, 1899",Tomioka Eisen (1864 - 1905),,"Nice color and detail. Vertical folds, diagonal fold at edge.",1,2024-02-14 15:37:39,4.6625
914762,Watching a Prisoner Kuchi-e Print,Tomioka Eisen (1864 - 1905),,Nice color and detail. Vertical folds. Diagonal fold at side.,1,2024-02-14 15:37:39,4.6625
904025,Soldier and Couple Kuchi-e Print,Meiji era artist (unsigned),,"Good color and detail. Vertical and diagonal folds, creasing throughout.",1,2024-02-14 15:37:39,4.2429
901107,"The First Rabbit Day of The Year, 1903",Takeuchi Keishu (1861-1942),,"Nice color and detail. Vertical and diagonal folds, light creasing throughout.",1,2024-02-14 15:37:39,4.8824
915255,"White Sake Seller Kuchi-e Print, 1907",Takeuchi Keishu (1861 - 1942),,Nice color and good detail. Horizontal folds.,1,2024-02-14 15:37:39,4.8336
912545,"Flowing Water Kuchi-e Print, 1900",Kajita Hanko (1870 - 1917),,"Nice detail. Vertical folds, diagonal folds at edges.",1,2024-02-14 15:37:39,4.8012
902916,"Doll Kuchi-e Print, 1912",Takeuchi Keishu (1847 - 1915),,Nice color and detail. Horizontal folds. Light creasing throughout.,1,2024-02-14 15:37:39,4.855
913748,"Beauty Reading Kuchi-e Print, 1902",Terazaki Kogyo (1866 - 1919),,Nice color and detail. Vertical folds. A couple small repairs and creases.,1,2024-02-14 15:37:39,5.05
909810,Incense Kuchi-e Print,Kiyokata Kaburagi (1878 - 1972),,"Good color and detail. Horizontal and diagonal folds. Repairs at edges, wrinkling throughout.",1,2024-02-14 15:37:39,5.2124
915980,"Beauty Reading a Letter Kuchi-e Print, 1900",Toshikata (1866 - 1908),,"Good color and detail. Vertical folds. Small repair, a few creases.",1,2024-02-14 15:37:39,4.6882
912151,The Komuso,Wada Sanzo (1883 - 1967),"Series; Japanese Vocations in Pictures, Series 1",Nice color and detail. Slight curling at top corners.,1,2024-02-14 15:37:39,4.9335
904369,Coal Vendor,Wada Sanzo (1883 - 1967),"Series; Japanese Vocations in Pictures, Series 1",Nice color and detail.,1,2024-02-14 15:37:39,4.9335
910255,Evening Newspaper Sellers,Wada Sanzo (1883 - 1967),"Series; Japanese Vocations in Pictures, Series 1",Nice color and detail.,1,2024-02-14 15:37:39,4.9335
914752,Statue of a Buddhist Deity,Shin-hanga & Modern artist (unsigned),,Excellent detail. Small paper remnant in lower right margin.,1,2024-02-14 15:37:39,4.1396
905181,"Snowy Morning Kuchi-e Print, 1904",Tomioka Eisen (1864 - 1905),,"Nice color and detail. Vertical folds, a few light creases.",1,2024-02-14 15:37:39,4.6625
900791,"Sagami Province, Enoshima",Hiroshige (1797 - 1858),Series; Sights of the ProvincesShokoku Meisho,Excellent color and detail. Mounted at top corners to original backing sheet. Creasing at top right corner.,1,2024-02-14 15:37:40,4.6198
900285,Macaw,Hiroshige (1797 - 1858),From an untitled series of Kacho-e (Bird and Flower prints),Excellent color and detail. Mounted at top corners to original backing sheet.,1,2024-02-14 15:37:40,4.6198
909015,Pheasant,Hiroshige (1797 - 1858),From an untitled series of Kacho-e (Bird and Flower prints),Excellent color and detail. Mounted at top corners to original backing sheet.,1,2024-02-14 15:37:40,4.6198
912604,"Yamato Province, Tatsutagawa",Hiroshige (1797 - 1858),Series; Sights of the ProvincesShokoku Meisho,Excellent color and detail. No issues to report.,1,2024-02-14 15:37:40,4.6198
909205,"Ricefield Moon, Shinano Province, Sarashina",Hiroshige (1797 - 1858),Series; Sights of the ProvincesShokoku Meisho,"Excellent color and detail. Please note, each print is ""tipped in"" to the windowed paper presentation folder with two very small spots of wheat paste at the upper reverse corners, exactly as originally produced. The print can be easily removed by the collector if desired.",1,2024-02-14 15:37:40,4.6198
901948,The Kamo Embankment,Hiroshige (1797 - 1858),Series; Calligraphy as Taught by the Chancellor SugawaraSugawara Denju Tenerai Kagami,"Excellent color and detail. Slight toning. Please note, each print is ""tipped in"" to the windowed paper presentation folder with two very small spots of wheat paste at the upper reverse corners, exactly as originally produced. The print can be easily removed by the collector if desired.",1,2024-02-14 15:37:40,4.6198
903278,Initiation,Hiroshige (1797 - 1858),Series; Calligraphy as Taught by the Chancellor SugawaraSugawara Denju Tenerai Kagami,Excellent color and detail. Small crease at top corner.,1,2024-02-14 15:37:40,4.6198
909121,"Keishi, Arashiyama",Hiroshige (1797 - 1858),Series; Sights of the ProvincesShokoku Meisho,"Excellent color and detail. Slight toning, small mark on cover at corner. Please note, each print is ""tipped in"" to the windowed paper presentation folder with two very small spots of wheat paste at the upper reverse corners, exactly as originally produced. The print can be easily removed by the collector if desired.",1,2024-02-14 15:37:40,4.6198
902878,Dawn of the Ancient Capital,Isao Takahashi,,Excellent color and detail. Tape on reverse at corners from previous mounting.,1,2024-02-14 15:37:40,5.0172
901181,"Kyoto, Torimoto, 1982",Masao Ido (1945 - 2016),,"Excellent color and detail. Light crease at edge, a couple small spots in margins.",1,2024-02-14 15:37:40,5.1949
902762,"Sagami Province, Shichiri-ga-hama",Hiroshige (1797 - 1858),Series; Sights of the ProvincesShokoku Meisho,"Excellent color and detail. Slight toning. Please note, each print is ""tipped in"" to the windowed paper presentation folder with two very small spots of wheat paste at the upper reverse corners, exactly as originally produced. The print can be easily removed by the collector if desired.",1,2024-02-14 15:37:40,4.6198
908796,"Cherry Blossoms and Mt. Fuji, 1979",Nakao Yoshitaka (1911 - 1994),,Excellent color and detail. No issues to report.,1,2024-02-14 15:37:40,4.8091
904870,Magpie,Hiroshige (1797 - 1858),From an untitled series of Kacho-e (Bird and Flower prints),"Excellent color and detail. A couple small marks. Please note, each print is ""tipped in"" to the windowed paper presentation folder with two very small spots of wheat paste at the upper reverse corners, exactly as originally produced. The print can be easily removed by the collector if desired.",1,2024-02-14 15:37:40,4.6198
904864,"Settsu Province, Yodogawa",Hiroshige (1797 - 1858),Series; Sights of the ProvincesShokoku Meisho,"Excellent color and detail. Please note, each print is ""tipped in"" to the windowed paper presentation folder with two very small spots of wheat paste at the upper reverse corners, exactly as originally produced. The print can be easily removed by the collector if desired.",1,2024-02-14 15:37:41,4.6198
903845,Carriage Stopping,Hiroshige (1797 - 1858),Series; Calligraphy as Taught by the Chancellor SugawaraSugawara Denju Tenerai Kagami,"This print with excellent color and detail. Slight toning. Please note, each print is ""tipped in"" to the windowed paper presentation folder with two very small spots of wheat paste at the upper reverse corners, exactly as originally produced. The print can be easily removed by the collector if desired.",1,2024-02-14 15:37:41,4.6198
906824,Congratulations,Hiroshige (1797 - 1858),Series; Calligraphy as Taught by the Chancellor SugawaraSugawara Denju Tenerai Kagami,"This print with excellent color and detail as shown. Slight toning. Please note, each print is ""tipped in"" to the windowed paper presentation folder with two very small spots of wheat paste at the upper reverse corners, exactly as originally produced. The print can be easily removed by the collector if desired.",1,2024-02-14 15:37:41,4.6198
909077,"First Act, The Imperial Palace",Hiroshige (1797 - 1858),Series; Calligraphy as Taught by the Chancellor Sugawara Sugawara Denju Tenerai Kagami,"This print with excellent color and detail. Slight toning, small crease at top corner. Please note, each print is ""tipped in"" to the windowed paper presentation folder with two very small spots of wheat paste at the upper reverse corners, exactly as originally produced. The print can be easily removed by the collector if desired.",1,2024-02-14 15:37:41,4.6198
910067,The Village School,Hiroshige (1797 - 1858),Series; Calligraphy as Taught by the Chancellor SugawaraSugawara Denju Tenerai Kagami,"This print with excellent color and detail. Light toning, small crease across top corner.  Please note, each print is ""tipped in"" to the windowed paper presentation folder with two very small spots of wheat paste at the upper reverse corners, exactly as originally produced. The print can be easily removed by the collector if desired.",1,2024-02-14 15:37:41,4.6198
914298,"Harima Province, Maiko-no-hama",Hiroshige (1797 - 1858),Series; Sights of the ProvincesShokoku Meisho,"This print with excellent color and detail. Small tear across corner, repaired. Slight oning. Light toning and spotting inside front of folder. Please note, each print is ""tipped in"" to the windowed paper presentation folder with two very small spots of wheat paste at the upper reverse corners, exactly as originally produced. The print can be easily removed by the collector if desired.",1,2024-02-14 15:37:41,4.6198
904270,Riding an Ox,Hiroshige (1797 - 1858),Series; Calligraphy as Taught by the Chancellor SugawaraSugawara Denju Tenerai Kagami,"This print with excellent color and detail as shown. Slight toning. Please note, each print is ""tipped in"" to the windowed paper presentation folder with two very small spots of wheat paste at the upper reverse corners, exactly as originally produced. The print can be easily removed by the collector if desired.",1,2024-02-14 15:37:41,4.6198
915894,Eight Loves,Hiroshige (1797 - 1858),Series; Calligraphy as Taught by the Chancellor SugawaraSugawara Denju Tenerai Kagami,"Excellent color and detail. Please note, each print is ""tipped in"" to the windowed paper presentation folder with two very small spots of wheat paste at the upper reverse corners, exactly as originally produced. The print can be easily removed by the collector if desired.",1,2024-02-14 15:37:41,4.6198
903356,Shower at Terashima,Shin-hanga & Modern artist (not read),,"Excellent color and detail. Small crease at corner, s couple small spots.",1,2024-02-14 15:37:42,4.0626
915396,Bunraku Puppet Head,Tokuriki (1902 - 1999),,Excellent color and detail. Slight creasing at edges.,1,2024-02-14 15:37:42,4.8756
912024,The Genpei War: The Great Battle at Uji Bridge,Toyonobu (1859 - 1886),,Excellent color and detail. Light crease at corner. A couple small spots.,1,2024-02-14 15:37:42,5.4468
903954,Daigo Five-storied Pagoda,Tokuriki (1902 - 1999),,Excellent detail. Light crease at edge.,1,2024-02-14 15:37:42,4.8756
901814,Shinkyo Gion Festival,Tokuriki (1902 - 1999),,Excellent color and detail. A couple light creases at edge.,1,2024-02-14 15:37:42,4.8756
910811,Kyoto Specialty Fushimi Doll Shop,Tokuriki (1902 - 1999),,"Excellent color and detail. Slight separation at end of vertical centerfold, repaired. A few creases at edges, slight rubbing at upper left.",1,2024-02-14 15:37:42,4.8756
915019,Toyotomi’s Record of Achievements: Kinoshita Leading Construction of Sunomata Castle in One Night,Toshinaka (1868 - 1934),,"Excellent color and detail. Slight thinning along vertical fold at side, repaired.",1,2024-02-14 15:37:42,5.3759
900453,"The Soga Brothers Defeated Suketsune, 1882",Kiyochika (1847 - 1915),,"Nice color and detail. A couple small repairs, vertical fold at side.",1,2024-02-14 15:37:43,5.1663
914942,"The Great Battle of the Uji River, on the 16th Day of the Third Month, 1184, circa 1843 - 1847",Yoshitora (active circa 1840 - 1880),,"Nice detail. Backed with paper. Small loss at edge, wormholes, repaired. Vertical fold at side of two panels.",1,2024-02-14 15:37:43,5.3681
909489,"The Great Battle of Awazu Plain, 1847 - 1852",Yoshikane (1832 - 1881),,"Nice detail. Slight separation at ends of vertical fold a side of two panels, a couple holes, repaired.",1,2024-02-14 15:37:43,5.2406
905921,"Rebel Headquarters at Kawajiri, 1877",Kyosai (1831 - 1889),,Nice color and detail. A few small repairs and light creases.,1,2024-02-14 15:37:43,5.0329
911757,Beauties in a Garden,Chikanobu (1838 - 1912) ,,Nice color and detail.,1,2024-02-14 15:37:44,5.1498
912860,Beauty beside a Screen,Chikanobu (1838 - 1912) ,,Nice color and detail.,1,2024-02-14 15:37:44,5.1498
905952,"The First Three Shoguns of the Tokugawa Dynasty, 1885",Chikanobu (1838 - 1912) ,,Nice color and detail.,1,2024-02-14 15:37:44,5.1498
913447,"Horse Racing at Shinobazu Pond, 1885",Chikanobu (1838 - 1912) ,,Nice color and detail.,1,2024-02-14 15:37:44,5.1498
912939,"Bando Shuka I as Banzui Otoki and Bando Kichiya as the Son Chomatsu, 1855",Toyokuni III/Kunisada (1786 - 1864),"Series; Past and Present, Both Sides of the Leaf","Good detail. Loss at edge, stitching holes at side, repaired.",1,2024-02-14 15:37:44,4.9902
915365,"Ichikawa Kodanji as the Priest Kozen of Bukkoji Temple, 1861",Toyokuni III/Kunisada (1786 - 1864),,Good detail. Vertical fold at side. A few small repairs.,1,2024-02-14 15:37:44,4.9902
903438,Five Chivalrous Men,Kunichika (1835 - 1900),,"Good detail. Slight thinning along horizontal centerfolds, a few small holes, repaired. Vertical fold in right panel.",1,2024-02-14 15:37:44,4.9712
914011,"Higashi Honganji Temple, 1922",Hiromitsu Nakazawa (1874 - 1964),"Series; A Great Collection of Japan (Nihon taikan), 1922",Nice color and detail. Some prints have a few spots.,1,2024-02-14 15:37:44,4.2245
915066,"Mr. Mikami seen from Kusatsu, 1922",Hiromitsu Nakazawa (1874 - 1964),"Series; A Great Collection of Japan (Nihon taikan), 1922",Nice color and detail. Some prints have a few spots.,1,2024-02-14 15:37:44,4.2245
910299,"Chiryu, 1922",Hiromitsu Nakazawa (1874 - 1964),"Series; A Great Collection of Japan (Nihon taikan), 1922",Nice color and detail. Some prints have a few spots.,1,2024-02-14 15:37:44,4.2245
909148,"Sarusawa Pond, 1922",Hiromitsu Nakazawa (1874 - 1964),"Series; A Great Collection of Japan (Nihon taikan), 1922",Nice color and detail. Some prints have a few spots.,1,2024-02-14 15:37:44,4.2245
908177,"Shirai Gonpachi and Honjo Sukeichi, 1855",Toyokuni III/Kunisada (1786 - 1864),"Series; Past and Present, Both Sides of the Leaf","Good detail. Loss at edge, stitching holes at side, repaired.",1,2024-02-14 15:37:44,4.9902
900874,"Shallow River, 1922",Hiromitsu Nakazawa (1874 - 1964),"Series; A Great Collection of Japan (Nihon taikan), 1922",Nice color and detail. Some prints have a few spots.,1,2024-02-14 15:37:44,4.2245
902519,Red Sea Bream,Gekko (1859 - 1920),,This print with excellent color and detail as shown. A few spots. Please see photos for details.,1,2024-02-14 15:37:44,4.7082
909743,Dancer ,Gekko (1859 - 1920),Series; Gekko's Essays,"This print with nice color and detail as shown. A couple small spots, light crease at edge. Please see photos for details.",1,2024-02-14 15:37:44,4.7082
907036,"Sumida River, 1864",Hiroshige II (1826 - 1869),Series; Famous Places in Edo,This print with good color and detail as shown. A few creases and marks. Please see photos for details.,1,2024-02-14 15:37:44,4.6123
910940,Bunraku Puppet Performance,Shin-hanga & Modern artist (not read),,"This print with excellent color and detail as shown. Light toning, a few small spots. Please see photos for details. Good overall.",1,2024-02-14 15:37:44,4.0626
901923,"Drastic Price Reduction Moved to Clearance, Act Fast!",Meiji era artist (unsigned),,"Good color and detail. Horizontal and vertical folds, a few wormholes. Please note, this is one large sheet, not two separate panels.",1,2024-02-14 15:37:44,4.2429
902942,"Drastic Price Reduction Moved to Clearance, Act Fast!",Kunisato (died 1858),,"Good detail. Losses and holes, slight creasing.",1,2024-02-14 15:37:44,5.3748
907661,"Drastic Price Reduction Moved to Clearance, Act Fast!",Yoshitora (active circa 1836 - 1887),,Nice detail. Losses and holes.,1,2024-02-14 15:37:44,4.8103
901873,"Drastic Price Reduction Moved to Clearance, Act Fast!",Kokunimasa (1874 - 1944),,"Nice color and detail. Wormholes and losses at edges, folds, creasing.",1,2024-02-14 15:37:44,5.4284
915560,"Drastic Price Reduction Moved to Clearance, Act Fast!",Toyokuni III/Kunisada (1786 - 1864),,"Good detail. Slight creasing, staining.",1,2024-02-14 15:37:44,4.9902
904342,"Drastic Price Reduction Moved to Clearance, Act Fast!",Hiromitsu Nakazawa (1874 - 1964),"Series; A Great Collection of Japan (Nihon taikan), 1922",Nice color and detail. Some prints have a few spots.,1,2024-02-14 15:37:44,4.2245
911898,Princess at Kiyomizu Temple in Ueno,Kunisada III (1848 - 1920) ,,Good detail. Backed with paper.,1,2024-02-14 15:37:44,5.2927
915299,A Snow Man,Hiyoshi Mamoru (active circa 1950s),,"This print with excellent color and detail as shown. A few creases at edges, small spot in margin. Please see photos for details.",1,2024-02-14 15:37:44,4.8939
904676,"Drastic Price Reduction Moved to Clearance, Act Fast!",Miyagawa Shuntei (1873 - 1914),,"This print with nice detail as shown. Rubbing, wrinkling, and staining throughout. Backed with paper. Please see photos for details.",1,2024-02-14 15:37:45,4.5671
910514,"Drastic Price Reduction Moved to Clearance, Act Fast!",Edo era artist (unsigned),,"This print with nice color and detail as shown. Rubbing, staining, and small losses throughout. Please see photos for details.",1,2024-02-14 15:37:45,4.1951
904754,"Drastic Price Reduction Moved to Clearance, Act Fast!",Edo era artist (unsigned),,This print with nice color and detail as shown. Rubbing and staining throughout. Losses along edges. Please see photos for details.,1,2024-02-14 15:37:45,4.1951
906664,"Drastic Price Reduction Moved to Clearance, Act Fast!",Edo era artist (unsigned),,This print with nice color and detail as shown. Rubbing and staining throughout. Please see photos for details.,1,2024-02-14 15:37:45,4.1951
903670,"Drastic Price Reduction Moved to Clearance, Act Fast!",Utamaro (1750 - 1806),,This print with nice color and detail as shown. Brown spotting. Please see photos for details.,0,2024-02-14 15:37:45,4.0166
903856,"Drastic Price Reduction Moved to Clearance, Act Fast!",Eisho (active circa 1790 - 1799),,This print with excellent color and detail as shown. Brown spotting throughout. Please see photos for details.,0,2024-02-14 15:37:45,4.9143
907722,"Drastic Price Reduction Moved to Clearance, Act Fast!",Sharaku (active 1794 - 1795),,This print with nice color and detail as shown. Light spotting on face. Please see photos for details.,0,2024-02-14 15:37:45,4.0523
913664,"Drastic Price Reduction Moved to Clearance, Act Fast!",Hiromitsu Nakazawa (1874 - 1964),"Series; A Great Collection of Japan (Nihon taikan), 1922",Nice color and detail. Some prints have a few spots.,1,2024-02-14 15:37:45,4.2245
903129,"Drastic Price Reduction Moved to Clearance, Act Fast!",Sharaku (active 1794 - 1795),,This print with nice color and detail as shown. Faint spotting. Please see photos for details.,0,2024-02-14 15:37:45,4.0523
909818,"Drastic Price Reduction Moved to Clearance, Act Fast!",Shigemasa (1739 - 1820),,This print with nice color and detail as shown. Spotting throughout. Please see photos for details.,0,2024-02-14 15:37:45,4.7983
912998,"Drastic Price Reduction Moved to Clearance, Act Fast!",Ikkei (active circa 1870s),,This print with nice color and detail as shown. Rubbing and staining throughout. Backed with paper. Please see photos for details.,1,2024-02-14 15:37:46,4.678
913311,"Drastic Price Reduction Moved to Clearance, Act Fast!",Kunimori (active circa 1818 - 1843),,This print with nice color and detail as shown. Rubbing and staining mostly along edges. Please see photos for details.,1,2024-02-14 15:37:46,4.7934
906277,"Child Playing Fireman, 1892",Kunichika (1835 - 1900),,"Nice color and detail. Vertical centerfold. Thin spot at edge, repaired. A couple creases at edges.",1,2024-02-15 15:28:36,4.9712
910286,"Bando Takesaburo I as Nakano Mitsuyoshi, 1854",Toyokuni III/Kunisada (1786 - 1864),,Nice detail. Partially backed with paper. Fold at corner.,1,2024-02-15 15:28:36,4.9902
908135,"Nakamura Fukusuke as Fuku no Tsubone and Nakamura Gantaro as the Puppeteer, 1854",Toyokuni III/Kunisada (1786 - 1864),,Nice detail. Partially backed with paper. Light crease at edge.,1,2024-02-15 15:28:36,4.9902
906873,"Heating Incense in the Bedroom in Vain, 1852",Toyokuni III/Kunisada (1786 - 1864),,"Nice detail. Horizontal and vertical folds. A few small repairs, light creasing throughout.",1,2024-02-15 15:28:36,4.9902
900981,"Horai Palace, 1866",Kunisada II (1823 - 1880),,"Nice detail. A few small repairs, vertical fold at side.",1,2024-02-15 15:28:36,5.0398
902571,"Mansion Overlooking an Iris Garden, 1860",Toyokuni III/Kunisada (1786 - 1864),,"Nice detail. A few creases at edges and repairs, diagonal fold in right panel.",1,2024-02-15 15:28:36,4.9902
910082,"A Child Who Likes Toys, 1892",Kunichika (1835 - 1900),,Nice color and detail. Vertical centerfold. A couple creases at edges.,1,2024-02-15 15:28:37,4.9712
913722,Chrysanthemum Tanzaku Print,Shin-hanga & Modern artist (unsigned),,Excellent overall with no issues to report.,1,2024-02-15 15:28:38,4.1396
909566,"Temple of Kinugasa, circa 1930s",Shotei (Takahashi Hiroaki) (1871 - 1945),,Excellent color and detail. No issues to report.,1,2024-02-15 15:28:38,4.8451
908319,Evening Snow,Hasui (1883 - 1957),,Excellent color and detail. No issues to report.,1,2024-02-15 15:28:38,5.3538
901154,Dancing Beauty,Meiji era artist (unsigned),,"Nice color and detail. A couple creases and small spots, slight curling.",1,2024-02-15 15:28:38,4.2429
906136,"Child Having a Nightmare, 1892",Kunichika (1835 - 1900),,"Nice color and detail. Vertical centerfold. Thinning at edge, repaired. A couple creases at edges.",1,2024-02-15 15:28:38,4.9712
900293,"Beauty with a Doll, 2005",Okumura Yukimasa (born 1947),Series; Tokyo Beauties of Yanagibashi,Excellent overall with no issues to report.,1,2024-02-15 15:28:38,5.0306
913027,"Child Eating Rice, 1893",Kunichika (1835 - 1900),,Nice color and detail. Vertical centerfold. A couple creases at edges.,1,2024-02-15 15:28:38,4.9712
913476,"Shaving the Head, 1892",Kunichika (1835 - 1900),,"Nice color and detail. Vertical centerfold. Thinning at side, small tear at edge, repaired. A couple creases at edges.",1,2024-02-15 15:28:38,4.9712
904357,"Girl Playing Shamisen and Singing, 1892",Kunichika (1835 - 1900),,"Nice color and detail. Slight separation at ends of vertical centerfold, repaired. A couple creases at edges.",1,2024-02-15 15:28:38,4.9712
900890,"Fish Market Child, 1892",Kunichika (1835 - 1900),,"Nice color and detail. Vertical centerfold. A couple tiny tears at edge, repaired. A couple creases at edges.",1,2024-02-15 15:28:38,4.9712
906268,"Child Imitating a Lion, 1892",Kunichika (1835 - 1900),,"Nice color and detail. Vertical centerfold, light diagonal folds near center. A couple creases at edges.",1,2024-02-15 15:28:38,4.9712
902911,"Boy Sumo Wrestler, 1893",Kunichika (1835 - 1900),,"Nice color and detail. Slight separation at ends of vertical centerfold, repaired. A couple creases at edges.",1,2024-02-15 15:28:38,4.9712
910365,"Mischievous Child, 1892",Kunichika (1835 - 1900),,"Nice color and detail. Vertical centerfold. Thinning at side, a couple tiny tears at edge, repaired. A couple creases at edges.",1,2024-02-15 15:28:38,4.9712
903343,Fuji Arts Overstock Triptych - Exceptional Bargain!,Toyokuni III/Kunisada (1786 - 1864),A Fuji Arts Special Offer Auction,"This print with nice color and detail as shown. Rubbing, staining, and creases throughout. Three separate panels. Please see photos for details.",1,2024-02-15 15:28:39,4.9902
906538,Farmer and Scarecrow with View of Mt. Fuji,Meiji era artist (unsigned),,Excellent color and detail. Slight toning.,1,2024-02-15 15:28:39,4.2429
900346,Full Moon over the River Tanzaku Print,20th century artist (unsigned),,Excellent color and detail. Slight toning.,1,2024-02-15 15:28:39,4.5375
913585,Fuji Arts Overstock Triptych - Exceptional Bargain!,Kunichika (1835 - 1900),A Fuji Arts Special Offer Auction,"This print with nice color and detail as shown. Rubbing, staining, and creases throughout. Backed with paper. Three separate panels. Please see photos for details.",1,2024-02-15 15:28:39,4.9712
905803,A Clearance Opportunity! Shin-hanga or Modern era Original,Shin-hanga & Modern artist (not read),,This painting with nice color and detail as shown. Brown spotting. Please see photos for details.,1,2024-02-15 15:28:40,4.0626
909220,Fuji Arts Overstock Triptych - Exceptional Bargain!,Chikashige (active circa 1869 - 1882),A Fuji Arts Special Offer Auction,"Nice color and detail. Backed with paper. Vertical crease, stain.",1,2024-02-15 15:28:40,4.6691
904219,A Clearance Opportunity! Meiji or Edo era Original,Ginko (active 1874 - 1897),"Series; Annual Events of the Theatrical Year in Great Edo, 1897",This print with nice color and detail as shown. Staining at right edge. Please see photos for details.,1,2024-02-15 15:28:40,4.9605
900558,Fuji Arts Overstock Triptych - Exceptional Bargain!,Chikashige (active circa 1869 - 1882),A Fuji Arts Special Offer Auction,"Nice color and detail. Backed with paper. A couple holes, stain.",1,2024-02-15 15:28:40,4.6691
901207,A Clearance Opportunity! Shin-hanga or Modern era Original,Shin-hanga & Modern artist (not read),,This painting with nice detail as shown. Please see photos for details.,1,2024-02-15 15:28:40,4.0626
905443,Tadanobu,Tsukioka Kogyo (1869 - 1927),"Series; Pictures of Noh Plays (Nogaku zue), 1897 - 1902","Beautiful, crisp printing with excellent color and detail. These prints have been stored only and are clean and bright. Backed with paper. Small repair. Some prints have a couple spots.",1,2024-02-15 15:28:41,4.273
914264,Adachigahara,Tsukioka Kogyo (1869 - 1927),"Series; Pictures of Noh Plays (Nogaku zue), 1897 - 1902","Beautiful, crisp printing with excellent color and detail. These prints have been stored only and are clean and bright. Backed with paper. Small repair. Some prints have a couple spots.",1,2024-02-15 15:28:41,4.273
913640,Kazuraki,Tsukioka Kogyo (1869 - 1927),"Series; Pictures of Noh Plays (Nogaku zue), 1897 - 1902","Beautiful, crisp printing with excellent color and detail. These prints have been stored only and are clean and bright. Backed with paper. Small repair. Some prints have a couple spots.",1,2024-02-15 15:28:41,4.273
904092,Tsuchiguruma (The Wheelbarrow),Tsukioka Kogyo (1869 - 1927),"Series; Pictures of Noh Plays (Nogaku zue), 1897 - 1902","Beautiful, crisp printing with excellent color and detail. These prints have been stored only and are clean and bright. Backed with paper. Small repair. Some prints have a couple spots.",1,2024-02-15 15:28:41,4.273
914248,Hibari Yama (Skylark Mountain),Tsukioka Kogyo (1869 - 1927),"Series; Pictures of Noh Plays (Nogaku zue), 1897 - 1902","Beautiful, crisp printing with excellent color and detail. These prints have been stored only and are clean and bright. Backed with paper. Small repair. Some prints have a couple spots.",1,2024-02-15 15:28:41,4.273
914872,Kurumazo,Tsukioka Kogyo (1869 - 1927),"Series; Pictures of Noh Plays (Nogaku zue), 1897 - 1902","Beautiful, crisp printing with excellent color and detail. These prints have been stored only and are clean and bright. Backed with paper. A couple small repairs. Some prints have a couple spots.",1,2024-02-15 15:28:41,4.273
911671,A Clearance Opportunity! Meiji or Edo era Original,Toyokuni III/Kunisada (1786 - 1864),,This print with nice color and detail as shown. Light rubbing and staining throughout. Please see photos for details.,1,2024-02-15 15:28:41,4.9902
902119,Ukai (Cormorant Fishing),Tsukioka Kogyo (1869 - 1927),"Series; Pictures of Noh Plays (Nogaku zue), 1897 - 1902","Beautiful, crisp printing with excellent color and detail. These prints have been stored only and are clean and bright. Backed with paper. A few small repairs, a couple light creases.",1,2024-02-15 15:28:41,4.273
913095,A Clearance Opportunity! Meiji or Edo era Original,Nobukazu (1874 - 1944),,"Good detail. Losses and tears at edges, vertical folds.",1,2024-02-15 15:28:41,5.3052
904476,A Clearance Opportunity! Meiji or Edo era Original,Kunichika (1835 - 1900),"Series; Fifty-four Modern Feelings (Matched with the Chapters of Genji), circa 1883 - 1884",This print with nice color and detail as shown. Rubbing and staining throughout. Please see photos for details.,1,2024-02-15 15:28:41,4.9712
906563,A Clearance Opportunity! Meiji or Edo era Original,Kunichika (1835 - 1900),"Series; Fifty-four Modern Feelings (Matched with the Chapters of Genji), circa 1883 - 1884",This print with nice color and detail as shown. Rubbing and staining mostly along edges. Please see photos for details.,1,2024-02-15 15:28:41,4.9712
915409,A Clearance Opportunity! Meiji or Edo era Original,Edo era artist (not read),,This print with nice color and detail as shown. Rubbing and staining throughout. Please see photos for details.,1,2024-02-15 15:28:41,4.0073
907977,A Clearance Opportunity! Meiji or Edo era Original,Miyagawa Shuntei (1873 - 1914),,This print with nice color and detail as shown. Rubbing and staining throughout. Backed with paper. Please see photos for details.,1,2024-02-15 15:28:41,4.5671
900119,Akogi,Tsukioka Kogyo (1869 - 1927),"Series; Pictures of Noh Plays (Nogaku zue), 1897 - 1902","Beautiful, crisp printing with excellent color and detail. These prints have been stored only and are clean and bright. Backed with paper. A few small repairs. Some prints have a couple spots.",1,2024-02-15 15:28:41,4.273
902269,The Pagoda of Yasaka,Masao Ido (1945 - 2016),Series; One Hundred Famous Views of Kyoto: Higashiyama,Excellent color and detail. Some prints have very slight rubbing at top corners from original publisher mounting. Excellent condition overall.,1,2024-02-15 15:28:42,5.1949
910300,Chion-in Temple,Masao Ido (1945 - 2016),Series; One Hundred Famous Views of Kyoto: Higashiyama,"Excellent color and detail. Very slight rubbing at top corners from original publisher mounting, a few small spots in margins.",1,2024-02-15 15:28:42,5.1949
906484,Shoren-in Temple,Masao Ido (1945 - 2016),Series; One Hundred Famous Views of Kyoto: Higashiyama,Excellent color and detail. Some prints have very slight rubbing at top corners from original publisher mounting. Excellent condition overall.,1,2024-02-15 15:28:42,5.1949
903712,Maruyama Park,Masao Ido (1945 - 2016),Series; One Hundred Famous Views of Kyoto: Higashiyama,Excellent color and detail. Some prints have very slight rubbing at top corners from original publisher mounting. Excellent condition overall.,1,2024-02-15 15:28:42,5.1949
909525,Kodai-ji Temple,Masao Ido (1945 - 2016),Series; One Hundred Famous Views of Kyoto: Higashiyama,Excellent color and detail. Some prints have very slight rubbing at top corners from original publisher mounting. Excellent condition overall.,1,2024-02-15 15:28:42,5.1949
908581,Ishibe-Koji,Masao Ido (1945 - 2016),Series; One Hundred Famous Views of Kyoto: Higashiyama,Excellent color and detail. Some prints have very slight rubbing at top corners from original publisher mounting. Excellent condition overall.,1,2024-02-15 15:28:42,5.1949
902977,"Expelling Korean Soldiers from the King's Palace, 1894",Kokunimasa (1874 - 1944),,Nice color and detail. Backed with paper. Vertical folds.,1,2024-02-15 15:28:42,5.4284
906326,"Chinese General, Ye Zhi Zhao, with his Korean Concubine Retreating from the Japanese Army, 1894",Toshihide (1863 - 1925),,Nice color and detail. Backed with paper.,1,2024-02-15 15:28:42,5.0291
906749,"The Battle at Tianzhuangdai: The Gathering of Eleven Generals, 1895",Gekko (1859 - 1920),,"Excellent color and detail. Backed with paper. Vertical folds between panels, light horizontal lines where backing papers meet.",1,2024-02-15 15:28:42,4.7082
914430,"Our Cavalry Scouting the Battery at Port Arthur from Tucheng, 1894",Nobukazu (1874 - 1944),,Nice color and detail.,1,2024-02-15 15:28:42,5.3052
905994,"Attack at the Site of the Hundred-foot Cliff, 1895",Kiyochika (1847 - 1915),,"Excellent color and detail. Small repair, very light rippling.",1,2024-02-15 15:28:42,5.1663
901704,"Scene of the Land-based Battery Attack on Weihaiwei, 1895",Kiyochika (1847 - 1915),,"Excellent color and detail. A couple repairs, slight curling at top of center panel.",1,2024-02-15 15:28:42,5.1663
912622,"Battle on the Outskirts of Fengtianfu, 1894",Kokunimasa (1874 - 1944),,Nice color and detail. A few small repairs.,1,2024-02-15 15:28:42,5.4284
915902,"Major General Odera Fighting Bravely at the Hundred Foot Cliff near Weihaiwei, 1895",Kiyochika (1847 - 1915),,Nice color and detail. Light wrinkling throughout.,1,2024-02-15 15:28:42,5.1663
902376,"The Second Army's Fierce Battle at Lushunkou, 1894",Kokunimasa (1874 - 1944),,Nice color and detail. A couple small creases at edges.,1,2024-02-15 15:28:42,5.4284
911663,"Captain Higuchi Takes an Orphan in His Arms during the Hard Fighting, 1895",Kiyochika (1847 - 1915),,"Nice color and detail. Light wrinkling throughout, slight paper remnants at top of center panel.",1,2024-02-15 15:28:42,5.1663
903187,Obasute,Tsukioka Kogyo (1869 - 1927),"Series; Pictures of Noh Plays (Nogaku zue), 1897 - 1902","Beautiful, crisp printing with excellent color and detail. These prints have been stored only and are clean and bright. Backed with paper. Small indent, a couple spots.",1,2024-02-15 15:28:42,4.273
913579,Himuro (The Ice House),Tsukioka Kogyo (1869 - 1927),"Series; Pictures of Noh Plays (Nogaku zue), 1897 - 1902","Beautiful, crisp printing with excellent color and detail. These prints have been stored only and are clean and bright. Backed with paper. Small repair. Some prints have a couple spots.",1,2024-02-15 15:28:42,4.273
901467,"The Entire Pescadores Island Chain Occupied by the Japanese Forces, 1895",Kiyochika (1847 - 1915),,"Excellent color and detail. Backed with paper. Vertical folds between panels, light horizontal lines where backing papers meet.",1,2024-02-15 15:28:42,5.1663
907476,Kiyomizu-zaka,Masao Ido (1945 - 2016),Series; One Hundred Famous Views of Kyoto: Higashiyama,Excellent color and detail. Some prints have very slight rubbing at top corners from original publisher mounting. Excellent condition overall.,1,2024-02-15 15:28:43,5.1949
914268,Yasaka-jinja Shrine,Masao Ido (1945 - 2016),Series; One Hundred Famous Views of Kyoto: Higashiyama,Excellent color and detail. Some prints have very slight rubbing at top corners from original publisher mounting. Excellent condition overall.,1,2024-02-15 15:28:43,5.1949
901036,The Stage of Kiyomizu,Masao Ido (1945 - 2016),Series; One Hundred Famous Views of Kyoto: Higashiyama,"Excellent color and detail. Very slight rubbing at top corners from original publisher mounting. A few tiny spots in margins, otherwise excellent condition.",1,2024-02-15 15:28:43,5.1949
910432,Imamiya-jinja Shrine,Masao Ido (1945 - 2016),Series; One Hundred Famous Views of Kyoto: Kitayama,Excellent color and detail. Some prints have very slight rubbing at top corners from original publisher mounting. Excellent condition overall.,1,2024-02-15 15:28:43,5.1949
904936,Mashu-in Temple,Masao Ido (1945 - 2016),Series; One Hundred Famous Views of Kyoto: Kitayama,"Excellent color and detail. Very slight rubbing at top corners from original publisher mounting. Small spot in margin, otherwise excellent condition.",1,2024-02-15 15:28:43,5.1949
904875,Jinko-in Temple,Masao Ido (1945 - 2016),Series; One Hundred Famous Views of Kyoto: Kitayama,Excellent color and detail. Some prints have very slight rubbing at top corners from original publisher mounting. Excellent condition overall.,1,2024-02-15 15:28:43,5.1949
900607,Koetsu-ji Temple,Masao Ido (1945 - 2016),Series; One Hundred Famous Views of Kyoto: Kitayama,Excellent color and detail. Some prints have very slight rubbing at top corners from original publisher mounting. Excellent condition overall.,1,2024-02-15 15:28:43,5.1949
913230,Josho-ji Temple,Masao Ido (1945 - 2016),Series; One Hundred Famous Views of Kyoto: Kitayama,Excellent color and detail. Some prints have very slight rubbing at top corners from original publisher mounting. Excellent condition overall.,1,2024-02-15 15:28:43,5.1949
913306,Koto-in Temple,Masao Ido (1945 - 2016),Series; One Hundred Famous Views of Kyoto: Kitayama,Excellent color and detail. Some prints have very slight rubbing at top corners from original publisher mounting. Excellent condition overall.,1,2024-02-15 15:28:43,5.1949
911251,Bujo-ji Temple,Masao Ido (1945 - 2016),Series; One Hundred Famous Views of Kyoto: Kyoto Prefecture,Excellent color and detail. Some prints have very slight rubbing at top corners from original publisher mounting. Excellent condition overall.,1,2024-02-15 15:28:43,5.1949
906287,Shisen-do Temple,Masao Ido (1945 - 2016),Series; One Hundred Famous Views of Kyoto: Kitayama,Excellent color and detail. Some prints have very slight rubbing at top corners from original publisher mounting. Excellent condition overall.,1,2024-02-15 15:28:43,5.1949
913263,Ama-no-Hashidate,Masao Ido (1945 - 2016),Series; One Hundred Famous Views of Kyoto: Kyoto Prefecture,Excellent color and detail. Some prints have very slight rubbing at top corners from original publisher mounting. Excellent condition overall.,1,2024-02-15 15:28:44,5.1949
906360,Ine-no-Funaya,Masao Ido (1945 - 2016),Series; One Hundred Famous Views of Kyoto: Kyoto Prefecture,Excellent color and detail. Some prints have very slight rubbing at top corners from original publisher mounting. Excellent condition overall.,1,2024-02-15 15:28:44,5.1949
907268,"Box, Seal in the Form of a Puppy, and Feather Surimono",Hokkei (1780 - 1850),,Nice detail. A couple small creases at edges.,1,2024-02-15 15:28:45,5.2876
910443,Arrows and Target Surimono,Shinsai (1764? - 1820),,"Nice detail. Small loss at corner, repaired. A couple lightly indented lines, small crease.",1,2024-02-15 15:28:45,5.1777
900063,"Shiragi of Inagi-ro and Ochiyo of Nakanocho, 1883",Chikanobu (1838 - 1912),Series; Praise for Multicolored Blossoms,Excellent color and nice detail.,1,2024-02-15 15:28:45,5.3508
905088,"Beauties of Kadoebi-ro, 1884",Chikanobu (1838 - 1912),Series; Praise for Multicolored Blossoms,Excellent color and nice detail.,1,2024-02-15 15:28:45,5.3508
902068,"Sugawara of Daimonji-ro and Oai of Nakanocho, 1884",Chikanobu (1838 - 1912),Series; Praise for Multicolored Blossoms,Excellent color and nice detail.,1,2024-02-15 15:28:45,5.3508
904596,"Shotaku of Shinagawa-ro and Omatsu of Nakanocho, 1884",Chikanobu (1838 - 1912),Series; Praise for Multicolored Blossoms,Excellent color and nice detail.,1,2024-02-15 15:28:45,5.3508
916162,"Kocho of Kadoebi-ro and Yoshi of Nakanocho, 1884",Chikanobu (1838 - 1912),Series; Praise for Multicolored Blossoms,Excellent color and nice detail.,1,2024-02-15 15:28:45,5.3508
910271,"Bow, Arrows, and Target Surimono",Shinsai (1764? - 1820),,Nice detail. Backed with paper. A couple tiny creases at corners.,1,2024-02-15 15:28:45,5.1777
904653,"Ariwara of Shinagawa-ro and Beauty of Nakanocho, 1884",Chikanobu (1838 - 1912),Series; Praise for Multicolored Blossoms,Excellent color and nice detail.,1,2024-02-15 15:28:45,5.3508
902340,"Night Rain at Yanagihara, 1881",Kiyochika (1847 - 1915),,"Nice color and detail. Vertical folds. A few creases at edges and repairs, paper remnant in top margin.",1,2024-02-15 15:28:45,5.1663
911405,Rakushisha,Masao Ido (1945 - 2016),Series; One Hundred Famous Views of Kyoto: Sagano,Excellent color and detail. Some prints have very slight rubbing at top corners from original publisher mounting. Excellent condition overall.,1,2024-02-15 15:28:45,5.1949
907778,"Scene from Keisei Chigogafuchi, 1817",Ashiyuki (active circa 1813 - 1831),,"Good detail. Partially backed with paper. Small repair, a few creases.",1,2024-02-15 15:28:45,5.051
908263,"Scene from Kagamiyama kokyo no nishiki-e, 1829",Ashiyuki (active circa 1813 - 1831),,"Nice detail and good color. Horizontal centerfold, a few small repairs.",1,2024-02-15 15:28:45,5.051
915431,Swordfight in the Snow,Sadanobu II (1848 - 1940),,Good color and detail. A few creases at edges and repairs.,1,2024-02-15 15:28:45,4.9112
911792,Angry Confrontation and Supernatural Flame,Sadanobu II (1848 - 1940),,Excellent color and nice detail. A few repairs.,1,2024-02-15 15:28:45,4.9112
913767,"Cherry Blossoms; Chinese Man; Calligraphy; Dancers, 1878",Kyosai (1831 - 1889) and Hiroshige III (1843 - 1894),,Good color and detail. Small repair.,1,2024-02-15 15:28:45,4.947
912731,"Acrobats; Turtle Poling a Boat; Frog Harimaze, 1864",Kyosai (1831 - 1889),Series; Cartoons by Kyosai (Kyosai Manga),Good color and detail.,1,2024-02-15 15:28:45,5.0329
908439,"Apricot in the Night; Nap; Dance of the Three-legged Kettle Harimaze, 1864",Kyosai (1831 - 1889),Series; Cartoons by Kyosai (Kyosai Manga),"Good color and detail. A couple small repairs, fold at corner.",1,2024-02-15 15:28:45,5.0329
902502,"Noblewoman; Noh Performer; Seascape; Balancing Act Harimaze, 1864",Kyosai (1831 - 1889),Series; Cartoons by Kyosai (Kyosai Manga),"Good color and detail. A couple small repairs, fold at corner.",1,2024-02-15 15:28:45,5.0329
915897,"Bando Shinsui, circa 1840s",Kuniyoshi (1797 - 1861),Series; Index of Favorite Actors Showing Off,"Good detail. A few cuts and holes, repaired. Slight rubbing at edges.",1,2024-02-15 15:28:45,5.3703
903459,"Five Komuso, 1859",Toyokuni III/Kunisada (1786 - 1864),,"Nice detail and good color. Backed with paper. Stitching holes at one side of each panel, wormholes, repaired.",1,2024-02-15 15:28:45,4.9902
907194,"Scene from Yoshitsune Senbon Zakura, 1848",Kuniyoshi (1797 - 1861),,"Good detail. A couple small wormholes, repaired.",1,2024-02-15 15:28:45,5.3703
902489,"Kumasaka Chohan Fighting Ushiwakamaru at an Inn, 1847 - 1850",Kuniyoshi (1797 - 1861),,"Nice detail. Stitching holes at one side of each panel, a few wormholes, repaired. A couple light creases at edges.",1,2024-02-15 15:28:46,5.3703
910860,"Three People Drinking at the Beginning of Spring, 1847",Kuniyoshi (1797 - 1861),,"Nice detail. A few wormholes, repaired. A couple light creases at edges.",1,2024-02-15 15:28:46,5.3703
907826,Landscape with Chrysanthemums,Shin-hanga & Modern artist (unsigned),,Excellent color and detail. No issues to report.,1,2024-02-15 15:28:46,4.1396
909591,"Scene from Itsumadegusa Ukina no Kaeuta, 1854",Toyokuni III/Kunisada (1786 - 1864),,"Nice detail. Backed with paper. Stitching holes at one side of each panel, repaired.",1,2024-02-15 15:28:46,4.9902
901140,"Scene from Kaikei tenga-jaya mura, 1854",Toyokuni III/Kunisada (1786 - 1864),,"Nice detail. Backed with paper. Stitching holes at one side of each panel, repaired.",1,2024-02-15 15:28:46,4.9902
914786,"Scene from Tsukimi no Hare Meiga no Ichijiku, 1962",Kuniaki (active circa 1844 - 1868) ,,"Good detail. Backed with paper. Slight separation at ends of vertical folds between panels, a few wormholes, repaired.",1,2024-02-15 15:28:46,4.9961
911218,"Scene from Ise Ondo Koi no Netaba, 1855",Toyokuni III/Kunisada (1786 - 1864),,"Good detail. Thinning area, a few holes, repaired. Light curling at sides, staining on beauty's face.",1,2024-02-15 15:28:46,4.9902
915667,"Sakyo of the Shinagawa-ro and Kama of Nakanocho, 1883",Chikanobu (1838 - 1912),Series; Praise for Multicolored Blossoms,Excellent color and nice detail.,1,2024-02-15 15:28:46,5.3508
901737,"Ichinose of Shinagawa-ro and Kobuki of Nakanocho, 1884",Chikanobu (1838 - 1912),Series; Praise for Multicolored Blossoms,Excellent color and nice detail.,1,2024-02-15 15:28:46,5.3508
913742,"Hagoromo of Kadoebi-ro and Koiku of Nakanacho, 1884",Chikanobu (1838 - 1912),Series; Praise for Multicolored Blossoms,Excellent color and nice detail.,1,2024-02-15 15:28:46,5.3508
905794,"Sakyo of Hikota-ro and Chiya of Nakanomachi, 1883",Chikanobu (1838 - 1912),Series; Praise for Multicolored Blossoms,Excellent color and nice detail.,1,2024-02-15 15:28:46,5.3508
907130,"Scene from Hatsu-momiji Ogura no Shikishi, 1854",Toyokuni III/Kunisada (1786 - 1864),,Nice detail. A few small repairs. Slight curling at sides.,1,2024-02-15 15:28:46,4.9902
912345,"Scene from Fujimi Saigyo, 1849",Kuniyoshi (1797 - 1861),,"Nice detail. Stitching holes at one side of each panel, a few small holes, repaired. A few light creases at edges.",1,2024-02-15 15:28:47,5.3703
903142,"Scene from Sugawara denju tenarai kagami, 1850",Kuniyoshi (1797 - 1861),,"Nice detail. Horizontal and vertical centerfolds. A couple losses at corners and wormholes, repaired.",1,2024-02-15 15:28:47,5.3703
906852,"Scene from Kotoba no Hana Momiji no Yozakari, 1849",Kuniyoshi (1797 - 1861),,"Nice detail. Backed with paper. A few small repairs, curling, light rippling near shoulder.",1,2024-02-15 15:28:48,5.3703
905900,"Miracle of Masterpieces by Ukiyo Matabei, 1853",Kuniyoshi (1797 - 1861),,Good detail. A few small repairs.,1,2024-02-15 15:28:48,5.3703
914315,"Beauty Unrolling a Scroll, 1849 - 1853",Kuniyoshi (1797 - 1861),,"Nice detail. Thinning at edges, a few holes, repaired. A few light creases.",1,2024-02-15 15:28:48,5.3703
909482,"Motoyama: Yamauba, 1852",Kuniyoshi (1797 - 1861),"Series; Sixty-nine Post Stations of the Kisokaido Road, 1852 - 1853",Nice detail. A few creases at edges and small repairs.,1,2024-02-15 15:28:48,5.3703
907871,"Metal, 1852",Kuniyoshi (1797 - 1861),Series; Select Five Elements,Nice detail. A few small repairs. A few vertical wrinkles.,1,2024-02-15 15:28:48,5.3703
900526,"Lady Ukon, Poet No. 38",Kuniyoshi (1797 - 1861),"Series; Comparison of the Ogura One Hundred Poets, One Poem Each, circa 1847",Nice detail. A couple small repairs.,1,2024-02-15 15:28:48,5.3703
914275,"The Syllable Ra for Raigo the Rat Priest: Nakamura Fukusuke I as Shimizu Kaja Yoshitaka, 1856",Toyokuni III/Kunisada (1786 - 1864),"Series; The Seven Variations of the Iroha, 1856",Good detail. Horizontal centerfold. A few small repairs.,1,2024-02-15 15:28:49,4.9902
901025,The Syllable Ri for the Carp Scroll (Rigyo no ichijiku): Onoe Kikugoro III as Kizugawa Yoemon,Toyokuni III/Kunisada (1786 - 1864),"Series; The Seven Variations of the Iroha, 1856",Good detail. Horizontal centerfold. A few small repairs.,1,2024-02-15 15:28:49,4.9902
905187,The Syllable Ko for the Play Kokusenya: Ichikawa Ebizo V as Kanki and Ichikawa Danjuro VIII as Watonai,Toyokuni III/Kunisada (1786 - 1864),"Series; The Seven Variations of the Iroha, 1856","Good detail. A few wormholes, repaired.",1,2024-02-15 15:28:49,4.9902
908829,The Syllable Ma for Masakado: Iwai Kumesaburo III as Takiyasha-hime and Nakamura Fukusuke I as Otaku Taro,Toyokuni III/Kunisada (1786 - 1864),"Series; The Seven Variations of the Iroha, 1856","Good detail. Stitching holes at side, a couple wormholes, repaired.",1,2024-02-15 15:28:49,4.9902
905056,"Japanese Cedars, Kitayama",Masao Ido (1945 - 2016),,Excellent color and detail. A couple small marks in margin.,1,2024-02-15 15:28:49,5.1949
902552,Autumn: Kofukuji,Masao Ido (1945 - 2016),"Series; Series; Four Seasons of Yamato, 2003",Excellent color and detail. Faint toning.,1,2024-02-15 15:28:49,5.1949
909217,Summer: Nigatsudo,Masao Ido (1945 - 2016),"Series; Series; Four Seasons of Yamato, 2003",Excellent color and detail. No issues to report.,1,2024-02-15 15:28:49,5.1949
908300,"Green Wind, 2002",Seiji Sano (born 1959),,Excellent color and detail. A couple faint spots in margins. Otherwise excellent condition.,1,2024-02-15 15:28:49,5.5356
902415,Ukai Kokichi,Yoshitsuya (1822 - 1866),Series; Lives of Loyal Heroes of Recent Times (Kinsei Giyu Gen),"Nice detail. Small repair, diagonal folds and a few creases at edges.",1,2024-02-15 15:28:49,4.846
902864,A Shop: Woman of the Kosho Era (1455 -1457),Toshikata (1866 - 1908),"Series; Thirty-six Selected Beauties, 1891 - 1894 (Sanjuroku Kasen)",Nice color and detail. Backed with paper. Faint offsetting.,1,2024-02-15 15:28:49,4.6882
900625,"Thousand-armed Kannon Game, 1896",Miyagawa Shuntei (1873 - 1914),Series; Children's Manners and Customs (Kodomo fuzoku),"Nice color and detail. Horizontal folds. Loss at corner, repaired. Creasing throughout.",1,2024-02-15 15:28:49,4.5671
902888,Beauty with an Umbrella in the Snow Kakemono,Eisen (1790 - 1848),,Good detail. A few small repairs and light creases.,1,2024-02-15 15:28:49,5.4133
903489,"Bando Hikosaburo V as Shinsui, 1862",Toyokuni III/Kunisada (1786 - 1864),From an untitled series of actors with poems,Good detail. A few repairs.,1,2024-02-15 15:28:49,4.9902
908022,"Bando Hikosaburo V as Ono Sadakuro, 1861",Toyokuni III/Kunisada (1786 - 1864),"Series; Contemporary Portraits of Actors with Their Own Handwriting, 1861",Good detail. Small repair.,1,2024-02-15 15:28:49,4.9902
903400,"Kataoka Gato II as Kato Masakiyo in the Play Hachijin shugo no Honjo, 1861",Toyokuni III/Kunisada (1786 - 1864),"Series; Contemporary Portraits of Actors with Their Own Handwriting, 1861",Nice detail. A few repairs.,1,2024-02-15 15:28:49,4.9902
900728,Winter: From Yakushiji,Masao Ido (1945 - 2016),"Series; Series; Four Seasons of Yamato, 2003",Excellent color and detail. Faint toning and spotting in margins.,1,2024-02-15 15:28:49,5.1949
902900,"Scene from Chujo Hime Taima Engi, 1884",Kunichika (1835 - 1900),,Good color and detail. Vertical folds between panels. A few small repairs and creases.,1,2024-02-15 15:28:49,4.9712
903407,"Tea Ceremony Utensils, a Kyoka Collection, 1855",Yoshitora  (active circa 1836 - 1887),,Good detail. Backed with paper. Small repair.,1,2024-02-15 15:28:50,4.4326
905677,"Tea Ceremony Utensils, a Kyoka Collection, 1855",Yoshitora  (active circa 1836 - 1887),,Good detail. Backed with paper. Small repair.,1,2024-02-15 15:28:50,4.4326
907634,The Syllable I for the Battle of Ichi-no-Tani: Ichikawa Ebizo V as Kumagai and Kawarazaki Gonjuro I as Atsumori,Toyokuni III/Kunisada (1786 - 1864),"Series; The Seven Variations of the Iroha, 1856","Good detail. Stitching holes at side, a couple wormholes, repaired.",1,2024-02-15 15:28:50,4.9902
914351,The Syllable Wa for Ferry Landing (Watashiba): Iwai Kumesaburo III as Seigen-ni and Ichikawa Kodanji IV as Sarushima Sota,Toyokuni III/Kunisada (1786 - 1864),"Series; The Seven Variations of the Iroha, 1856","Good color and detail. Stitching holes at side, a few wormholes, repaired.",1,2024-02-15 15:28:50,4.9902
910804,The Syllable Hi for Shank's Mare (Hizakurige): Nakamura Aizo I as Yajirobei and Nakamura Tsuruzo I as Kitahachi,Toyokuni III/Kunisada (1786 - 1864),"Series; The Seven Variations of the Iroha, 1856","Good detail and color. Stitching holes at side, repaired.",1,2024-02-15 15:28:50,4.9902
902803,"Bando Mitsugoto III as Kumagai Naozane, Bando Shuka I as Yamauba, and Bando Mitsugoro VI as Kaidomaru, 1861",Toyokuni III/Kunisada (1786 - 1864),"Series; Toyokuni's Manga on Three Wine Cups, 1861","Nice detail. A few small repairs at edges, horizontal centerfold, light creasing throughout.",1,2024-02-15 15:28:50,4.9902
912214,"Ichikawa Danjuro VII as Takechi Mitsuhide, Ichikawa Danjuro VIII as Fuwa Banzaemon, and Ichikawa Gonjuro I as Nagoya Sanza, 1861",Toyokuni III/Kunisada (1786 - 1864),"Series; Toyokuni's Manga on Three Wine Cups, 1861","Nice detail. A few small repairs at edges, horizontal centerfold, light creasing throughout.",1,2024-02-15 15:28:50,4.9902
910871,"A Parody of the Hana no en Chapter in Genji, 1855",Toyokuni III/Kunisada (1786 - 1864),,"Good detail. A few small repairs, light vertical fold in right panel.",1,2024-02-15 15:28:50,4.9902
902649,"Celebrating Tanabata Festival, 1855",Kunisada II (1823 - 1880),Series; The Five Festivals Represented by Eastern Genji,"Good detail. Backed with paper. Large tear, a few holes, repaired. Creasing throughout.",1,2024-02-15 15:28:50,5.0398
916037,"The Image of a Japanese Beauty Kakemono, 1843 - 1845",Toyokuni III/Kunisada (1786 - 1864),,Good detail. Horizontal centerfold. A few small repairs.,1,2024-02-15 15:28:50,4.9902
904374,Beauty Holding a Lantern Kakemono,Eizan (1787 - 1867),,"Good detail. Backed with paper. Wormholes, repaired. Horizontal folds, slight rubbing.",1,2024-02-15 15:28:50,5.4046
901195,Beauty with a Battledore Kakemono,Kuniyoshi (1797 - 1861),,Good detail. Backed with paper. Horizontal folds.,1,2024-02-15 15:28:50,5.3703
913826,"Tea Ceremony Utensils, a Kyoka Collection, 1855",Yoshitora  (active circa 1836 - 1887),,Good detail. Backed with paper. Small repair.,1,2024-02-15 15:28:50,4.4326
913492,"Tea Ceremony Utensils, a Kyoka Collection, 1855",Yoshitora  (active circa 1836 - 1887),,Good detail. Backed with paper. Small repair.,1,2024-02-15 15:28:50,4.4326
915190,"Tea Ceremony Utensils, a Kyoka Collection, 1855",Yoshitora  (active circa 1836 - 1887),,Good detail. Backed with paper. Small repair.,1,2024-02-15 15:28:50,4.4326
907141,"The Syllable Re for the Play Renri no shigarami: Iwai Kumesaburo III as Ohan and Kataoka Gado II as Choemon, 1856",Toyokuni III/Kunisada (1786 - 1864),"Series; The Seven Variations of the Iroha, 1856","Good color and detail. A few small repairs, vertical fold at side, a couple creases at edges.",1,2024-02-15 15:28:50,4.9902
915040,"The Syllable Ne for Rat Magic (Nezumi no jutsu): Matsumoto Kinsho I as Nikki Danjo, 1856",Toyokuni III/Kunisada (1786 - 1864),"Series; The Seven Variations of the Iroha, 1856",Good color and detail. A few small repairs.,1,2024-02-15 15:28:50,4.9902
902327,"Drastic Price Reduction Moved to Clearance, Act Fast!",Meiji era artist (unsigned),,Good color and detail. Light horizontal and vertical centerfolds.,1,2024-02-15 15:28:51,4.2429
908320,"Drastic Price Reduction Moved to Clearance, Act Fast!",Tsukioka Kogyo (1869 - 1927),"Series; Pictures of Noh Plays (Nogaku zue), 1897 - 1902","Beautiful, crisp printing with excellent color and detail. These prints have been stored only and are clean and bright. Backed with paper. Some prints have a couple spots.",1,2024-02-15 15:28:51,4.273
908275,"Drastic Price Reduction Moved to Clearance, Act Fast!",Meiji era artist (unsigned),,"Nice detail. Small loss at corner, small tear at edge, repaired. Light creasing throughout.",1,2024-02-15 15:28:51,4.2429
906500,"Drastic Price Reduction Moved to Clearance, Act Fast!",Toshimasa (active circa 1894),,"Nice color and detail. Creasing, staining.",1,2024-02-15 15:28:51,4.9143
900091,"Drastic Price Reduction Moved to Clearance, Act Fast!",Yoshiiku (1833 - 1904),,"Good detail. Horizontal centerfold. Substantial loss at edge, holes, wrinkling throughout.",1,2024-02-15 15:28:51,5.0906
901702,"Cherry Blossoms, 2000",Fumio Fujita (born 1933),,Excellent color and detail. A few tiny spots in margins.,1,2024-02-16 15:30:41,4.1778
905148,"Maple Paper Box, 1999",Takao Sano (born 1941),,Excellent color and detail. A few light creases at edges.,1,2024-02-16 15:30:41,4.1925
913624,"Fishing Port, 1999",Fumio Fujita (born 1933),,Excellent color and detail. A couple light creases at edge.,1,2024-02-16 15:30:41,4.1778
901823,"Autumn Dimension and Space, 1999",Yoshisuke Funasaka (born 1939),,Excellent color and detail. A couple light creases at edge.,1,2024-02-16 15:30:41,4.1069
908089,"Sea Breeze, 1999",Shuzo Ikeda (1922 - 2004),,Excellent color and detail. No issues to report.,1,2024-02-16 15:30:41,4.3139
906546,"Winter Dimension and Space, 1999",Yoshisuke Funasaka (born 1939),,Excellent color and detail. A couple tiny spots in margin.,1,2024-02-16 15:30:41,4.1069
904218,"Kabuki, 1999",Masaya Watabe (born 1931),,Excellent color and detail. A couple light creases at edge.,1,2024-02-16 15:30:41,4.3513
914193,"Flying, 1999",Shuzo Ikeda (1922 - 2004),,Excellent color and detail. Creasing at top edge.,1,2024-02-16 15:30:41,4.3139
903872,"Silent Night, 1996",Fumio Fujita (born 1933),,Excellent color and detail. No issues to report.,1,2024-02-16 15:30:41,4.1778
904817,"Old-fashioned Doll, 1996",Koichi Maeda (born 1936),,Excellent color and detail. A few tiny spots in margins.,1,2024-02-16 15:30:41,4.4043
901582,Maiko at the Silver Pavilion in Winter,Shin-hanga & Modern artist (not read),,Nice color and detail. Some prints have slight toning or a few creases.,1,2024-02-16 15:30:41,4.0626
907582,"January Sunrise, 2000",Masaya Watabe (born 1931),,Excellent color and detail. No issues to report.,1,2024-02-16 15:30:41,4.3513
914394,Okazaki: Nakamura Utaemon IV as Karaki Masaemon,Toyokuni III/Kunisada (1786 - 1864),"Series; The Fifty-three Stations of the Tokaido, 1852","Nice detail. A few small repairs, a couple light creases at edges.",1,2024-02-16 15:30:42,4.9902
911716,Akasaka: Bando Mitsuemon I as Sawai Sukebei,Toyokuni III/Kunisada (1786 - 1864),"Series; The Fifty-three Stations of the Tokaido, 1852","Nice detail. Stitching holes at side, repaired. A couple light creases at edges.",1,2024-02-16 15:30:42,4.9902
915733,Fujieda: Bando Mitsugoro III as Kumagai Naozane,Toyokuni III/Kunisada (1786 - 1864),"Series; The Fifty-three Stations of the Tokaido, 1852","Good detail. A few wormholes, repaired. A few creases at edges.",1,2024-02-16 15:30:42,4.9902
902020,Fukuroi: Arashi Rikan III as Tadanobu,Toyokuni III/Kunisada (1786 - 1864),"Series; The Fifty-three Stations of the Tokaido, 1852","Good detail. A few wormholes and small holes, repaired. A few light creases at edges.",1,2024-02-16 15:30:42,4.9902
910487,Shimada: Ichikawa Danjuro VIII as Miyagi Asojiro,Toyokuni III/Kunisada (1786 - 1864),"Series; The Fifty-three Stations of the Tokaido, 1852","Nice detail. A few holes, thinning at edge, repaired. Slight rubbing at edge.",1,2024-02-16 15:30:42,4.9902
909893,Yokkaichi: Otani Tomoemon IV as Washizuka Daihachi,Toyokuni III/Kunisada (1786 - 1864),"Series; The Fifty-three Stations of the Tokaido, 1852","Nice detail. Backed with paper. A few small repairs, light horizontal line where backing papers meet.",1,2024-02-16 15:30:42,4.9902
908615,Kameyama: Matsumoto Koshiro V as Fujikawa Mizuemon,Toyokuni III/Kunisada (1786 - 1864),"Series; The Fifty-three Stations of the Tokaido, 1852",Nice color and detail. Small repair.,1,2024-02-16 15:30:42,4.9902
905176,Nihonbashi: Bando Mitsugoro III as a Fishmonger,Toyokuni III/Kunisada (1786 - 1864),"Series; The Fifty-three Stations of the Tokaido, 1852",Good detail. A few repairs.,1,2024-02-16 15:30:42,4.9902
902057,Nihonbashi: Ichikawa Danjuro VIII as a Water Vendor,Toyokuni III/Kunisada (1786 - 1864),"Series; The Fifty-three Stations of the Tokaido, 1852","Good detail. A couple light creases, a few small repairs at edge.",1,2024-02-16 15:30:42,4.9902
900736,"Maboroshi, Chapter 41",Toyokuni III/Kunisada (1786 - 1864),Series; Fifty-four Chapters of The Tale of Genji,Excellent color and good detail. Backed with somewhat stiff paper. Light ripple near bottom edge.,1,2024-02-16 15:30:43,4.9902
911278,"Usugumo, Chapter 19",Toyokuni III/Kunisada (1786 - 1864),Series; Fifty-four Chapters of The Tale of Genji,Excellent color and good detail. Backed with somewhat stiff paper. Some prints have a couple small spots.,1,2024-02-16 15:30:43,4.9902
908814,"Hana-no-en, Chapter 8",Toyokuni III/Kunisada (1786 - 1864),Series; Fifty-four Chapters of The Tale of Genji,Excellent color and good detail. Backed with somewhat stiff paper. Slight rippling at top edge.,1,2024-02-16 15:30:43,4.9902
913588,"Miotsukushi, Chapter 14",Toyokuni III/Kunisada (1786 - 1864),Series; Fifty-four Chapters of The Tale of Genji,"Excellent color and good detail. Backed with somewhat stiff paper. Thinning at edge, repaired.",1,2024-02-16 15:30:43,4.9902
906164,Otsu: Iwai Kumesaburo III as Matahei's Wife Otoku,Toyokuni III/Kunisada (1786 - 1864),"Series; The Fifty-three Stations of the Tokaido, 1852","Nice detail. Stitching holes at side, repaired. A couple light creases.",1,2024-02-16 15:30:43,4.9902
906644,"Fly! Over Hokusai (VI), 1995",Seiko Kawachi (born 1948),,Excellent color and detail as shown. No issues to report.,1,2024-02-16 15:30:43,4.9143
909793,"Fly! Over Hokusai (V), 1995",Seiko Kawachi (born 1948),,Excellent color and detail as shown. No issues to report.,1,2024-02-16 15:30:43,4.9143
910943,Yokkaichi: Iwai Hanshiro VI as Gaku no Osan,Toyokuni III/Kunisada (1786 - 1864),"Series; The Fifty-three Stations of the Tokaido, 1852",Good detail. A few repairs at edges.,1,2024-02-16 15:30:43,4.9902
914279,"Tenerai, Chapter 53",Toyokuni III/Kunisada (1786 - 1864),Series; Fifty-four Chapters of The Tale of Genji,Excellent color and good detail. Backed with somewhat stiff paper. Some prints have a couple small spots.,1,2024-02-16 15:30:43,4.9902
908822,"Minori (Prayer-offering), Chapter 40",Masao Ebina (1913 - 1980),Series; The Tale of Genji,Excellent color and detail. Soft vertical fold at right.,1,2024-02-16 15:30:43,4.1731
913256,"Yume-no-ukihashi, Chapter 54",Toyokuni III/Kunisada (1786 - 1864),Series; Fifty-four Chapters of The Tale of Genji,Excellent color and good detail. Backed with somewhat stiff paper. Some prints have a couple small spots.,1,2024-02-16 15:30:43,4.9902
912165,Kawasaki: Iwai Hanshiro V as Shirai Gonpachi,Toyokuni III/Kunisada (1786 - 1864),"Series; The Fifty-three Stations of the Tokaido, 1852","Good detail. A few wormholes, repaired. Slight wrinkling at sides.",1,2024-02-16 15:30:43,4.9902
911642,"Kagaribi, Chapter 27",Toyokuni III/Kunisada (1786 - 1864),Series; Fifty-four Chapters of The Tale of Genji,Excellent color and good detail. Backed with somewhat stiff paper. Some prints have a couple small spots.,1,2024-02-16 15:30:44,4.9902
913777,"Tamakazura, Chapter 22",Toyokuni III/Kunisada (1786 - 1864),Series; Fifty-four Chapters of The Tale of Genji,Excellent color and good detail. Backed with somewhat stiff paper. Some prints have a couple small spots.,1,2024-02-16 15:30:44,4.9902
900286,"Otome, Chapter 21",Toyokuni III/Kunisada (1786 - 1864),Series; Fifty-four Chapters of The Tale of Genji,Excellent color and good detail. Backed with somewhat stiff paper. Some prints have a couple small spots.,1,2024-02-16 15:30:44,4.9902
901084,"Hatsune, Chapter 23",Toyokuni III/Kunisada (1786 - 1864),Series; Fifty-four Chapters of The Tale of Genji,Excellent color and good detail. Backed with somewhat stiff paper. Some prints have a couple small spots.,1,2024-02-16 15:30:44,4.9902
911494,"Hotaru, Chapter 25",Toyokuni III/Kunisada (1786 - 1864),Series; Fifty-four Chapters of The Tale of Genji,Excellent color and good detail. Backed with somewhat stiff paper. Some prints have a couple small spots.,1,2024-02-16 15:30:44,4.9902
915594,"Fujibakama, Chapter 30",Toyokuni III/Kunisada (1786 - 1864),Series; Fifty-four Chapters of The Tale of Genji,Excellent color and good detail. Backed with somewhat stiff paper. Some prints have a couple small spots.,1,2024-02-16 15:30:45,4.9902
910934,"The Battles of Coxinga, 1882",Chikashige (active circa 1869 - 1882),,Nice color and detail. A few creases at edges and small repairs.,1,2024-02-16 15:30:45,4.6691
913567,"Attacking a Tattooed Man, 1893",Kunichika (1835 - 1900),,"Nice detail and good color. A few repairs at edges, offsetting, spot on beauty's face, tape on back at edges.",1,2024-02-16 15:30:45,4.9712
912936,Two-panel Kabuki Paper Model Set,Meiji era artist (unsigned),,Good color and detail. A couple folds at corners and small repairs.,1,2024-02-16 15:30:45,4.2429
914267,Samurai in Battle,Meiji era artist (unsigned),,Nice color and detail. One panel backed with paper. A couple vertical wrinkles.,1,2024-02-16 15:30:45,4.2429
905731,Kato Kiyomasa Hunting Tigers,Kokunimasa (1874 - 1944),,"Nice color and detail. Small loss and a few small tears at edges, tears along right side of right panel, repaired.",1,2024-02-16 15:30:45,5.4284
904772,Courtesan in a Rooster Kimono Kakemono,Toyokuni III/Kunisada (1786 - 1864) ,,Good detail. A few repairs.,1,2024-02-16 15:30:45,4.9221
901054,Beauty Returning from a Bath,Eizan (1787 - 1867),,Good detail. Vertical fold in top panel. A few small repairs and creases.,1,2024-02-16 15:30:45,5.4046
914023,Courtesan with a Butterfly Kimono Kakemono,Eizan (1787 - 1867),,Good detail. A few repairs and creases.,1,2024-02-16 15:30:45,5.4046
916113,"The Hour of the Horse, Ninth Hour of Day, circa 1818 - 1824",Toyokuni III/Kunisada (1786 - 1864),Series; Twelve Hours of a Modern Clock,"Good detail. Stitching holes at side, a few wormholes, repaired. Light creasing throughout.",1,2024-02-16 15:30:45,4.9902
908979,Beauty in a Heron Kimono,Chikashige (active circa 1869 - 1882),"Series; Thirty-six Selected Actors and Storytellers, 1881",Nice color and detail. Backed with paper. Creasing at sides.,1,2024-02-16 15:30:46,4.6691
914716,"Ichikawa Danjuro IX as Karikaya Doshin and Ichikawa Ringo I as Ishidomaru, 1881",Chikashige (active circa 1869 - 1882),"Series; Thirty-six Selected Actors and Storytellers, 1881",Nice color and detail. Backed with paper. A few small repairs.,1,2024-02-16 15:30:46,4.6691
911613,"Education of Children, 1899",Chikanobu (1838 - 1912),,Nice color and detail. Horizontal and diagonal folds. A couple small repairs.,1,2024-02-16 15:30:46,5.3508
900577,Sumo Wrestler Shiramayumi Hidaemon,Toyokuni III/Kunisada (1786 - 1864),,Good detail. A few creases at edges and repairs.,1,2024-02-16 15:30:46,4.9902
902474,Sumo Wrestler Zogahana Heisuke ,Kuniteru II (1829 - 1874),,Good color and detail. A couple small repairs.,1,2024-02-16 15:30:46,4.9899
908895,Parody of the Three Famous Courtesans,Kuniteru II (1829 - 1874),,"Nice color and good detail. Small losses at corners, a few holes, repaired.",1,2024-02-16 15:30:46,4.9899
909804,"Sumo Wrestler Koyanagi Tsunekichi, 1867",Kuniteru II (1829 - 1874),,Good color and detail. A few light creases at edges and small repairs.,1,2024-02-16 15:30:46,4.9899
906503,"Mikawa, Snow at Okazaki, Kofuyu and Ishikawa Goemon, No. 11",Chikanobu (1838 - 1912),"Series; Snow, Moon, Flowers",Nice color and good detail. A few repairs and light creases.,1,2024-02-16 15:30:46,5.3508
903128,"Oshu, Moon over Mano Village, Customary Silk Fulling, Princess Nadeshiko and Tsuchikuro, No. 34",Chikanobu (1838 - 1912),"Series; Snow, Moon, Flowers",Nice color and good detail. Backed with paper.,1,2024-02-16 15:30:46,5.3508
913320,"Yamashiro, Snow at the Imperial Palace, Lady Sei Shonagon, No. 38",Chikanobu (1838 - 1912),"Series; Snow, Moon, Flowers","This print with nice color and detail as shown. Backed with paper. Small repair, a couple smudges in margins. Please see photos for details.",1,2024-02-16 15:30:46,5.3508
900734,The Kan'ei to Shoho Era,Kiyochika (1847 - 1915),"Series; Flower Patterns, 1896","Excellent detail. Loss at edge, a couple tears at edge, repaired. A few light creases, including on beauty's face.",1,2024-02-16 15:30:46,5.1663
911893,Imperial Procession at Ueno,Chikanobu (1838 - 1912),Series; Chiyoda Outer Palace (Chiyoda no on-omote),"Nice color and detail. Backed with paper. A few small losses, repaired.",1,2024-02-16 15:30:46,5.3508
915324,"New Play at the Meiji Theater: Toyama Zakura Tenpo Nikki, 1893",Kunichika (1835 - 1900),,Nice color and detail. Backed with paper.,1,2024-02-16 15:30:46,4.9712
907284,"The 47 Ronin, Act 9: Yuranosuke's Country Retreat in Yamashina",Meiji era artist (not read),,"Nice color and good detail. A few wormholes, repaired.",1,2024-02-16 15:30:46,4.2802
900929,"Scene from Soga Moyo Kameyama-zome, 1855",Toyokuni III/Kunisada (1786 - 1864),,"Good detail. Small repairs, creasing throughout.",1,2024-02-16 15:30:46,4.9902
907883,"Scene from Hana butai banjaku Soga, 1855",Toyokuni III/Kunisada (1786 - 1864),,Good detail. A few creases at edges.,1,2024-02-16 15:30:46,4.9902
913158,"Beauty Holding a Sandal, 1866",Yoshiiku (1833 - 1904),,Good color and detail.,1,2024-02-16 15:30:46,5.0906
907635,Sumo Wrestler Umegatani Totaro,Kuniaki II (1835 - 1888),,Good color and detail. A few small repairs.,1,2024-02-16 15:30:46,5.1666
903317,Sumo Wrestler Ayasegawa Sanzaemon,Kuniteru II (1829 - 1874),,Good color and detail. Small repair.,1,2024-02-16 15:30:46,4.9899
900484,"Drastic Price Reduction Moved to Clearance, Act Fast!", Koikawa Harumasa (Banki) (active circa 1801 - 1818),,"Nice color and detail. Horizontal fold, wrinkling across man's face, a few spots.",0,2024-02-16 15:30:47,4.9143
900816,"Drastic Price Reduction Moved to Clearance, Act Fast!",Harunobu (1724 - 1770),,"Nice color and detail. Horizontal fold, a few spots, ink marks on back at corner.",0,2024-02-16 15:30:47,4.9678
904959,"Drastic Price Reduction Moved to Clearance, Act Fast!",Hirosada (active circa 1847 - 1863),,"Good detail. Backed with thick paper and two prints. Folds, wormholes, wrinkling, rubbing.",1,2024-02-16 15:30:47,4.9013
904386,"Chion-in Temple, 1955",Tasaburo Takahashi (1904 - 1977),"Series; Famous Places in Kyoto, 1955","This print with excellent color and detail as shown. Slight toning, small wrinkle. Most prints have a few spots or stains. Please see photos for details.",1,2024-02-16 15:30:47,4.1312
907453,Mitsuuji and Beauty above the River,Kunisada II (1823 - 1880),Series; A Modern Pictorial Version of the Buddha's Eight-fold Path,"Good detail. V-shaped tear, repaired. Slight rippling.",1,2024-02-16 15:30:47,5.0398
910535,"Beauty with a Parasol, 1926",Takehisa Yumeji (1884 - 1934),,Excellent color and detail. No issues to report.,0,2024-02-16 15:30:47,5.0143
909420,Autumn Sea,Takehisa Yumeji (1884 - 1934),,Excellent color and detail. No issues to report.,0,2024-02-16 15:30:47,5.0143
911599,"Fortune Telling, 1926",Takehisa Yumeji (1884 - 1934),,Excellent color and detail. No issues to report.,0,2024-02-16 15:30:47,5.0143
901285,Country Village,Takehisa Yumeji (1884 - 1934),,Excellent color and detail. No issues to report.,0,2024-02-16 15:30:47,5.0143
912525,Beauty in Autumn,Takehisa Yumeji (1884 - 1934),,Excellent color and detail. No issues to report.,0,2024-02-16 15:30:47,5.0143
904917,Pagoda in Winter,Shin-hanga & Modern artist (not read),,This print with excellent color and detail as shown. Please see photos for details.,1,2024-02-16 15:30:47,4.0626
905225,"Drastic Price Reduction Moved to Clearance, Act Fast!",Chikashige (active circa 1869 - 1882),,"This print with nice color and detail as shown. Brown staining. Loss at left side, ter at edge. Please see photos for details.",1,2024-02-16 15:30:48,4.6691
911358,"Drastic Price Reduction Moved to Clearance, Act Fast!",Hiroshige (1797 - 1858),,This print with nice color and detail as shown. Small spots in left margin. Small tear and paper remnants at right edge. Please see photos for details.,0,2024-02-16 15:30:48,4.6198
903742,"Drastic Price Reduction Moved to Clearance, Act Fast!",Kunichika (1835 - 1900),,Nice color and detail. Backed with paper. A few wormholes and creases.,1,2024-02-16 15:30:48,4.9712
907326,"Drastic Price Reduction Moved to Clearance, Act Fast!",Toyokuni III/Kunisada (1786 - 1864),,This print with nice color and detail as shown. Brown staining. Please see photos for details.,0,2024-02-16 15:30:48,4.9902
912589,"Drastic Price Reduction Moved to Clearance, Act Fast!",Utamaro (1750 - 1806),,This print with nice color and detail as shown. Brown spotting. Please see photos for details.,0,2024-02-16 15:30:48,4.0166
903101,"Drastic Price Reduction Moved to Clearance, Act Fast!",Toyokuni III/Kunisada (1786 - 1864),,This print with nice color and detail as shown. Brown spotting throughout. Please see photos for details.,0,2024-02-16 15:30:48,4.9902
902374,"Drastic Price Reduction Moved to Clearance, Act Fast!",Harunobu (1724 - 1770),,"Nice color and detail. Tear and loss at edge, a few spots, horizontal fold.",0,2024-02-16 15:30:48,4.9678
914597,Fine Old Reprint Clearance! A Fuji Arts Value,Edo era artist (not read),,This print with nice color and detail as shown. A few small stains. Please see photos for details.,0,2024-02-17 15:23:53,4.0073
901282,A Clearance Opportunity! Meiji or Edo era Original,Kuniyoshi (1797 - 1861),,This print with nice color and detail as shown. Rubbing and staining throughout. Crease at center. Backed with paper. Please see photos for details.,1,2024-02-17 15:23:53,5.3703
903033,A Clearance Opportunity! Meiji or Edo era Original,Hiroshige III (1843 - 1894),,This print with nice color and detail as shown. Rubbing and staining throughout. Please see photos for details.,1,2024-02-17 15:23:54,4.5843
912361,A Clearance Opportunity! Meiji or Edo era Original,Meiji era artist (unsigned),,This print with nice color and detail as shown. Rubbing and staining throughout. Please see photos for details.,1,2024-02-17 15:23:54,4.2429
908208,"Onoe Kikugoro V as a Gosho no Gorozo and Nakamura Shikan IV as Hoshikage Doemon, 1893",Kunichika (1835 - 1900),Series; One Hundred Roles of Baiko,A beautiful print with excellent color and detail. Backed with paper.,1,2024-02-17 15:23:54,4.9712
907598,"Onoe Kikugoro V as Mitsuhide and Bando Kakitsu I as Mori Ranmaru, 1893",Kunichika (1835 - 1900),Series; One Hundred Roles of Baiko,"Excellent color and detail. Some prints have repairs at edges, or a couple creases or wrinkles.",1,2024-02-17 15:23:54,4.9712
901394,"Onoe Kikugoro V as Akashi no Shimazo and Ichikawa Sadanji I as Matushima Senta, 1893",Kunichika (1835 - 1900),Series; One Hundred Roles of Baiko,"Excellent color and detail. Some prints have repairs at edges, or a couple creases or wrinkles.",1,2024-02-17 15:23:54,4.9712
904276,Fine Old Reprint Clearance! A Fuji Arts Value,Hiroshige (1797 - 1858),,This print with nice color and detail as shown. Brown spotting throughout. Please see photos for details.,0,2024-02-17 15:23:54,4.6198
904586,A Clearance Opportunity! Meiji or Edo era Original,Kunichika (1835 - 1900),,"This print with nice color and detail as shown. Rubbing, light rippling, and staining throughout. Please see photos for details.",1,2024-02-17 15:23:54,4.9712
905936,"Onoe Kikugoro V as Teranishi Kanshin and Kawarazaki Kunitaro III as Komurasaki, 1894",Kunichika (1835 - 1900),Series; One Hundred Roles of Baiko,"A beautiful clean print with excellent color and detail. Slight thinning at edge, repaired.",1,2024-02-17 15:23:55,4.9712
913712,"Onoe Kikugoro V as a Priest of Emmein Temple and the Late Iwai Hanshiro as Okoro, 1893",Kunichika (1835 - 1900),Series; One Hundred Roles of Baiko,A beautiful clean print with excellent color and detail. Light wrinkling.,1,2024-02-17 15:23:55,4.9712
915369,"Onoe Kikugoro V as Matsuomaru and Ichikawa Danjuro IX as Genba, 1893",Kunichika (1835 - 1900),Series; One Hundred Roles of Baiko,"A beautiful clean print with excellent color and detail. Slight thinning at edge, repaired. Folds at edges.",1,2024-02-17 15:23:55,4.9712
909593,"Onoe Kikugoro V as a Beauty and Bando Kakitsu I as Matsuwakamaru, 1893",Kunichika (1835 - 1900),Series; One Hundred Roles of Baiko,"Excellent color and detail. Some prints have repairs at edges, or a couple creases or wrinkles.",1,2024-02-17 15:23:55,4.9712
901849,"Onoe Kikugoro V as a Beauty with a Paper of Sweets and Ichikawa Sadanji as Kurobei, 1893",Kunichika (1835 - 1900),Series; One Hundred Roles of Baiko,"Excellent color and detail. Some prints have repairs at edges, or a couple creases or wrinkles.",1,2024-02-17 15:23:55,4.9712
906479,"Onoe Kikugoro V as Akashi no Shimazo and Ichikawa Sadanji I as Matushima Senta, 1893",Kunichika (1835 - 1900),Series; One Hundred Roles of Baiko,Excellent color and detail.,1,2024-02-17 15:23:55,4.9712
907271,"Onoe Kikugoro V as Sakanaya Sogoro and Bando Kakitsu I, 1894",Kunichika (1835 - 1900),Series; One Hundred Roles of Baiko,Excellent color and detail.,1,2024-02-17 15:23:55,4.9712
900656,"Onoe Kikugoro V as Shinohara Kunimoto and Ichikawa Danjuro IX as Saigo Takamori, 1894",Kunichika (1835 - 1900),Series; One Hundred Roles of Baiko,"A beautiful print with excellent color and detail. Thinning and small losses at edges, repaired.",1,2024-02-17 15:23:55,4.9712
912787,"Onoe Kikugoro V as Sanbaso and Ichikawa Sadanji I, 1893",Kunichika (1835 - 1900),Series; One Hundred Roles of Baiko,"Excellent color and detail. Slight thinning at side, repaired.",1,2024-02-17 15:23:55,4.9712
906244,"Onoe Kikugoro V as Inuzuka Shino and Ichikawa Danjuro as Inukai Genpachi, 1893",Kunichika (1835 - 1900),Series; One Hundred Roles of Baiko,A beautiful print with excellent color and detail. A couple light ripples.,1,2024-02-17 15:23:55,4.9712
915719,Title Page for One Hundred Roles of Baiko,Kunichika (1835 - 1900),Series; One Hundred Roles of Baiko,"This print with nice color and detail as shown. Backed with paper. Vertical fold at side, Crease at edge. Please see photos for details.",1,2024-02-17 15:23:55,4.9712
911566,"Onoe Kikugoro V as So Sokei and Suketakaya Takasuke IV, 1893",Kunichika (1835 - 1900),Series; One Hundred Roles of Baiko,"Excellent color and detail. Some prints have repairs at edges, or a couple creases or wrinkles.",1,2024-02-17 15:23:55,4.9712
904712,Onoe Kikugoro V as Hayano Kampei and Iwai Hanshiro VIII as Okaru. 1893,Kunichika (1835 - 1900),Series; One Hundred Roles of Baiko,"Excellent color and detail. Some prints have repairs at edges, or a couple creases or wrinkles.",1,2024-02-17 15:23:55,4.9712
907057,The Syllable To: Nakamura Fukusuke II as Sugino Juheiji Harufusa,Toyokuni III/Kunisada (1786 - 1864),"Series; Stories of the Faithful Samurai, 1864",Nice color and detail. Backed with paper. Slight rubbing at edges.,1,2024-02-17 15:23:56,4.9902
914444,The Syllable Ke: Nakamura Tsuruzo I as Okajima Yasoemon Tsuneki,Toyokuni III/Kunisada (1786 - 1864),"Series; Stories of the Faithful Samurai, 1864",Nice color and detail. Backed with paper.,1,2024-02-17 15:23:56,4.9902
908790,The Syllable Nu: Ichikawa Ebizo V as Horibe Yahei Kanemaru,Toyokuni III/Kunisada (1786 - 1864),"Series; Stories of the Faithful Samurai, 1864",Nice color and detail. Backed with paper.,1,2024-02-17 15:23:56,4.9902
906344,The Syllable Wo: Nakayama Genjuro I as Okuda Sadaemon Yukitaka,Toyokuni III/Kunisada (1786 - 1864),"Series; Stories of the Faithful Samurai, 1864","Nice color and detail. Backed with paper. Small loss along edge, repaired. Slight rubbing at edge.",1,2024-02-17 15:23:56,4.9902
907896,The Syllable We: Kawarasaki Kunitaro I as Sugenoya Hannojo Masasai,Toyokuni III/Kunisada (1786 - 1864),"Series; Stories of the Faithful Samurai, 1864","Nice color and detail. Backed with paper. Small loss at edge, repaired. Slight rubbing at edge, a couple creases, fold at corner.",1,2024-02-17 15:23:56,4.9902
906099,The Syllable Na: Seki Sanjuro III as Muramatsu Kihei Nyudo Ryuen,Toyokuni III/Kunisada (1786 - 1864),"Series; Stories of the Faithful Samurai, 1864","Nice color and detail. Backed with paper. Small loss at edge and hole, repaired. Slight rubbing at edge.",1,2024-02-17 15:23:56,4.9902
901325,The Syllable Shi: Onoe Baiko IV as Hayami Toemon Mitsutaka,Toyokuni III/Kunisada (1786 - 1864),"Series; Stories of the Faithful Samurai, 1864","Nice color and detail. Backed with paper. Fold at corner, slight rubbing at edge.",1,2024-02-17 15:23:56,4.9902
906101,The Syllable Mo: Arashi Hinasuke VII as Yata Goroemon Suketake,Toyokuni III/Kunisada (1786 - 1864),"Series; Stories of the Faithful Samurai, 1864",Nice color and detail. Backed with paper. Some prints have a couple small spots or slight rubbing at edge.,1,2024-02-17 15:23:56,4.9902
907108,"Kocho (Butterfly), Chapter 24",Masao Ebina (1913 - 1980),Series; The Tale of Genji,Excellent color and detail. Mounted inside windowed viewing folder with attached text overleaf.,1,2024-02-17 15:23:57,4.1731
913531,"Nowaki (Autumn Gale), Chapter 28",Masao Ebina (1913 - 1980),Series; The Tale of Genji,Excellent color and detail. Mounted inside windowed viewing folder with attached text overleaf.,1,2024-02-17 15:23:57,4.1731
901305,"Utsusemi, Chapter 3",Masao Ebina (1913 - 1980),Series; The Tale of Genji,Excellent color and detail. Mounted inside windowed viewing folder with attached text overleaf.,1,2024-02-17 15:23:57,4.1731
902228,"Eawase (Picture Competition), Chapter 17",Masao Ebina (1913 - 1980),Series; The Tale of Genji,Excellent color and detail. Mounted inside windowed viewing folder with attached text overleaf.,1,2024-02-17 15:23:57,4.1731
908477,"Yugiri, Chapter 39",Masao Ebina (1913 - 1980),Series; The Tale of Genji,Excellent color and detail. Mounted inside windowed viewing folder with attached text overleaf.,1,2024-02-17 15:23:57,4.1731
910117,Daisen National Park,Hideo Nishiyama (1911 - 1989),Series; National Parks of Japan,Excellent color and detail.,1,2024-02-17 15:23:57,5.2692
909531,"Maboroshi (Illusion), Chapter 41",Masao Ebina (1913 - 1980),Series; The Tale of Genji,Excellent color and detail. Mounted inside windowed viewing folder with attached text overleaf.,1,2024-02-17 15:23:57,4.1731
901009,"Yadorigi (A Mistletoe), Chapter 49",Masao Ebina (1913 - 1980),Series; The Tale of Genji,Excellent color and detail. Mounted inside windowed viewing folder with attached text overleaf.,1,2024-02-17 15:23:57,4.1731
904787,"Kashiwagi, Chapter 36",Masao Ebina (1913 - 1980),Series; The Tale of Genji,Excellent color and detail. Mounted inside windowed viewing folder with attached text overleaf.,1,2024-02-17 15:23:57,4.1731
905177,"Yume no Ukihashi (The Bridge of Dreams), Chapter 54",Masao Ebina (1913 - 1980),Series; The Tale of Genji,Excellent color and detail. Mounted inside windowed viewing folder with attached text overleaf,1,2024-02-17 15:23:57,4.1731
902445,The Syllable Ma: Arashi Kichisaburo III as Akagaki Genzo Masakata,Toyokuni III/Kunisada (1786 - 1864),"Series; Stories of the Faithful Samurai, 1864",Nice color and detail. Backed with paper. Some prints have a couple small spots or slight rubbing at edge.,1,2024-02-17 15:23:57,4.9902
905370,The Syllable Ra: Kataoka Nizaemon VIII as Chiba Saburobei Mitsutada,Toyokuni III/Kunisada (1786 - 1864),"Series; Stories of the Faithful Samurai, 1864",Nice color and detail. Backed with paper. Some prints have a couple small spots or slight rubbing at edge.,1,2024-02-17 15:23:57,4.9902
900780,The Syllable Ko: Jitsukawa Enjaku I as Ushioda Matanojo Takanori,Toyokuni III/Kunisada (1786 - 1864),"Series; Stories of the Faithful Samurai, 1864",Nice color and detail. Backed with paper. Some prints have a couple small spots or slight rubbing at edge.,1,2024-02-17 15:23:57,4.9902
906250,The Syllable Ki: Onoe Tamizo II as Tokuda Magodayu Shigemori,Toyokuni III/Kunisada (1786 - 1864),"Series; Stories of the Faithful Samurai, 1864",Nice color and detail. Backed with paper. Some prints have a couple small spots or slight rubbing at edge.,1,2024-02-17 15:23:57,4.9902
901135,"Tenerai (Practicing Penmanship), Chapter 53",Masao Ebina (1913 - 1980),Series; The Tale of Genji,Excellent color and detail. Mounted inside windowed viewing folder with attached text overleaf,1,2024-02-17 15:23:57,4.1731
910413,Seto Inland Sea National Park,Hideo Nishiyama (1911 - 1989),Series; National Parks of Japan,Excellent color and detail.,1,2024-02-17 15:23:57,5.2692
905543,"Sawarabi (Early Bracken), Chapter 48",Masao Ebina (1913 - 1980),Series; The Tale of Genji,Excellent color and detail. Mounted inside windowed viewing folder with attached text overleaf.,1,2024-02-17 15:23:57,4.1731
906118,"Tokonatsu (Perpetual Summer), Chapter 26",Masao Ebina (1913 - 1980),Series; The Tale of Genji,Excellent color and detail. Mounted inside windowed viewing folder with attached text overleaf.,1,2024-02-17 15:23:57,4.1731
901198,Unzenamakusa National Park,Hideo Nishiyama (1911 - 1989),Series; National Parks of Japan,Excellent color and detail.,1,2024-02-17 15:23:58,5.2692
912684,Iseshima National Park,Hideo Nishiyama (1911 - 1989),Series; National Parks of Japan,Excellent color and detail.,1,2024-02-17 15:23:58,5.2692
901429,Blue: Actor in a Feather Robe Kimono,Kunichika (1835 - 1900),Series; Five Courageous Bandits in Five Colors,Nice color and detail. Small repair.,1,2024-02-17 15:23:58,4.9712
902632,"Nakamura Shikan IV as Sano Genzaemon Tsuneyo, 1865",Kunichika (1835 - 1900),Series; Chronology of the Flower of Actors,Good detail. Backed with paper.,1,2024-02-17 15:23:58,4.9712
907266,"Scene from Taiko no Oto Chiyu Sanryaku, 1873",Ginko (active 1874 - 1897),,Nice color and good detail. Backed with paper.,1,2024-02-17 15:23:58,4.9605
913840,"Man Playing a Shamisen, 1866",Kunichika (1835 - 1900),,Good detail. Backed with paper.,1,2024-02-17 15:23:58,4.9712
909110,"Bando Hikosaburo V as Sakaya Mataroku and Nakamura Nakazo III as Shikabue no Shichizo, 1865",Kunichika (1835 - 1900),Series; Thirty-six Selected Poems,Good detail. Backed with paper. Small repair.,1,2024-02-17 15:23:58,4.9712
912813,Maple,Sadanobu III (1881 - 1963),Series; Four Seasons Flower Patterns,Good color and detail. A few small repairs.,1,2024-02-17 15:23:58,4.4177
900998,Yoshinokumano National Park,Hideo Nishiyama (1911 - 1989),Series; National Parks of Japan,Excellent color and detail.,1,2024-02-17 15:23:58,5.2692
908981,"The 47 Ronin, Act 12: Lord Hangan's Tomb at Sengakuji, circa 1857",Kunikiyo II (died 1887),"Series; The Storehouse of Loyal Retainers (Chushingura), 1857",Good detail. A few small repairs and light creases.,1,2024-02-17 15:23:59,4.6408
916011,"The 47 Ronin, Act 11: The Night Attack on Moronao's Palace, 1857",Kunikiyo II (died 1887),"Series; The Storehouse of Loyal Retainers (Chushingura), 1857",Good detail. Vertical centerfold. Some prints have a few repairs.,1,2024-02-17 15:23:59,4.6408
904165,"The 47 Ronin, Act 10: The Amakawaya Shop, 1857",Kunikiyo II (died 1887),"Series; The Storehouse of Loyal Retainers (Chushingura), 1857",Good detail. Vertical centerfold. Some prints have a few repairs.,1,2024-02-17 15:23:59,4.6408
907613,"The 47 Ronin, Act 9: Yuranosuke's Country Retreat in Yamashina, 1857",Kunikiyo II (died 1887),"Series; The Storehouse of Loyal Retainers (Chushingura), 1857",Good detail. Vertical centerfold. Some prints have a few repairs.,1,2024-02-17 15:23:59,4.6408
911841,"The 47 Ronin, Act 8: The Bridal Journey, 1857",Kunikiyo II (died 1887),"Series; The Storehouse of Loyal Retainers (Chushingura), 1857",Good detail. Vertical centerfold. Some prints have a few repairs.,1,2024-02-17 15:23:59,4.6408
910888,"The 47 Ronin, Act 4: Lord Hangan's Suicide, 1857",Kunikiyo II (died 1887),"Series; The Storehouse of Loyal Retainers (Chushingura), 1857",Good detail. Vertical centerfold. Some prints have a few repairs.,1,2024-02-17 15:23:59,4.6408
913976,"The 47 Ronin, Act 6: The Departure of Okaru, 1857",Kunikiyo II (died 1887),"Series; The Storehouse of Loyal Retainers (Chushingura), 1857",Good detail. Vertical centerfold. Some prints have a few repairs.,1,2024-02-17 15:23:59,4.6408
908125,"The 47 Ronin, Act 5: The Yamazaki Highway, 1857",Kunikiyo II (died 1887),"Series; The Storehouse of Loyal Retainers (Chushingura), 1857",Good detail. Vertical centerfold. Some prints have a few repairs.,1,2024-02-17 15:23:59,4.6408
900431,"The 47 Ronin, Act 2: Wakasanosuke's Mansion: The Pine-cutting Scene, 1857",Kunikiyo II (died 1887),"Series; The Storehouse of Loyal Retainers (Chushingura), 1857",Good detail. Vertical centerfold. Some prints have a few repairs.,1,2024-02-17 15:23:59,4.6408
900742,"The 47 Ronin, Act 1: Tsurugaoka Hachiman Shrine, 1857",Kunikiyo II (died 1887),"Series; The Storehouse of Loyal Retainers (Chushingura), 1857",Good detail. Vertical centerfold. Some prints have a few repairs.,1,2024-02-17 15:23:59,4.6408
903523,Red Plum,Sadanobu III (1881 - 1963),Series; Four Seasons Flower Patterns,Good color and detail. A few repairs.,1,2024-02-17 15:23:59,4.4177
908050,"The 47 Ronin, Act 7: The Ichiriki Teahouse, 1857",Kunikiyo II (died 1887),"Series; The Storehouse of Loyal Retainers (Chushingura), 1857",Good detail. Vertical centerfold. Some prints have a few repairs.,1,2024-02-17 15:23:59,4.6408
904110,"The 47 Ronin, Act 3: The Rear Gate, 1857",Kunikiyo II (died 1887),"Series; The Storehouse of Loyal Retainers (Chushingura), 1857",Good detail. Vertical centerfold. Some prints have a few repairs.,1,2024-02-17 15:23:59,4.6408
909738,The Wakana Chapter of the Tale of Genji,Toyokuni III/Kunisada (1786 - 1864),,"Good detail. A few small losses and holes, repaired. Vertical folds at sides, slight rubbing.",1,2024-02-17 15:23:59,4.9902
900520,"Procession of Beauties at Nihonbashi, 1853",Kunisato (died 1858),,"Nice detail. Small repair, fold at corner.",1,2024-02-17 15:23:59,5.3748
904984,"Scene from Ichiban Nori Meiki no Sashimono, 1865",Kunichika (1835 - 1900),,Good detail. Backed with paper. Small repair at edge.,1,2024-02-17 15:23:59,4.9712
901527,Garden Statuary,Shin-hanga & Modern artist (unsigned),"A unique design, never offered elsewhere!",This print with excellent color and detail as shown. A few small marks. Please see photos for details.,1,2024-02-17 15:23:59,4.1396
905212,Katsura Imperial Villa,Shin-hanga & Modern artist (not read),,This print with nice color and detail as shown. Mounted along top edge to windowed paper mat as issued by the publisher (not shown). Please see photos for details.,1,2024-02-17 15:23:59,4.0626
909001,"The Twelve Hours: Hour of the Dog, 1859",Toyokuni III/Kunisada (1786 - 1864),,"Good detail. A few small repairs, vertical fold at side.",1,2024-02-17 15:23:59,4.9902
911655,The Syllable Mi: Ichimura Kakitsu IV as Yukukawa Sanpei Munenori,Toyokuni III/Kunisada (1786 - 1864),"Series; Stories of the Faithful Samurai, 1864",Nice color and detail. Backed with paper. Some prints have a couple small spots or slight rubbing at edge.,1,2024-02-17 15:24:00,4.9902
907052,Meiji Emperor and Empress and Prince Watching Turtles,Chikanobu (1838 - 1912),,Excellent color and detail. Backed with paper.,1,2024-02-17 15:24:00,5.3508
915131,"Daimyo Procession Arriving at the Palace for the New Year's Day Greeting, 1897",Chikanobu (1838 - 1912),Series; Chiyoda Outer Palace (Chiyoda no on-omote),Good color and detail.,1,2024-02-17 15:24:00,5.3508
913860,Autumn Flower Arrangement,Shin-hanga & Modern artist (not read),,This print with excellent color as shown. Please see photos for details.,1,2024-02-17 15:24:01,4.0626
901863,Shugakuin Imperial Villa,Chokai Santei (Nirakushi),,Excellent overall with no issues to report.,1,2024-02-17 15:24:01,4.9918
901966,"Hall of the Thirty-three Bays, 1955",Tasaburo Takahashi (1904 - 1977),"Series; Famous Places in Kyoto, 1955","This print with excellent color and detail as shown. Slight toning, slight rippling or a few creases at edges from printing process. Most prints have a few spots or stains. Please see photos for details.",1,2024-02-17 15:24:01,4.1312
900831,Mt. Yoshino in Spring ,Tokuriki (1902 - 1999),Series; Eight Scenic Views of the Yamato Road,Excellent color and detail. No issues to report.,1,2024-02-17 15:24:01,4.8756
913589,"Weeping Cherry 19, 2016",Hajime Namiki (born 1947),A Fuji Arts Special Offer Auction,In pristine condition with no issues to report. This print has full margins and has never been mounted.,1,2024-02-18 15:14:31,5.3364
907409,"Treescene 110 B, 2002",Hajime Namiki (born 1947),A Fuji Arts Special Offer Auction,In pristine condition with no issues to report. This print with full margins and has never been mounted.,1,2024-02-18 15:14:31,5.3364
907404,"Weeping Cherry 27, 2022",Hajime Namiki (born 1947),A Fuji Arts Special Offer Auction,In pristine condition with no issues to report. This print has full margins and has never been mounted.,1,2024-02-18 15:14:31,5.3364
910938,Nonomiya-jinja Shrine,Masao Ido (1945 - 2016),Series; One Hundred Famous Views of Kyoto: SaganoA Fuji Arts Special Offer Auction,Excellent color and detail. Some prints have very slight rubbing at top corners from original publisher mounting. Excellent condition overall.,1,2024-02-18 15:14:31,5.1949
900281,"Easterly Wind, 1974",Yoshiharu Kimura (born 1934),A Fuji Arts Special Offer Auction,"Excellent color and detail. Tears at edges, repaired. Toning and creasing at edges.",1,2024-02-18 15:14:31,4.9155
906121,"Wings, 1966",Yoshiharu Kimura (born 1934),A Fuji Arts Special Offer Auction,"Excellent color and detail. A few creases at edges, a couple spots in margins.",1,2024-02-18 15:14:31,4.9155
900769,Maruyama Park,Masao Ido (1945 - 2016),Series; One Hundred Famous Views of Kyoto: HigashiyamaA Fuji Arts Special Offer Auction,Excellent color and detail. Some prints have very slight rubbing at top corners from original publisher mounting. Excellent condition overall.,1,2024-02-18 15:14:31,5.1949
904725,Fragrant Olive,Kawarazaki Shodo (1889 - 1973),Series; Floral Calendar of JapanA Fuji Arts Special Offer Auction,This print with excellent color and detail as shown. Light toning. A Please see photos for details.,1,2024-02-18 15:14:31,4.7772
912753,"In the Light, 1970",Yoshiharu Kimura (born 1934),A Fuji Arts Special Offer Auction,"Excellent color and detail. Tears at edges, repaired. Toning and creasing at edges, a few spots in margins.",1,2024-02-18 15:14:31,4.9155
903841,Rapeseed,Kawarazaki Shodo (1889 - 1973),Series; Floral Calendar of JapanA Fuji Arts Special Offer Auction,This print with excellent color and detail as shown. Slight toning. Please see photos for details. Good overall.,1,2024-02-18 15:14:31,4.7772
911727,Crepe Myrtle,Kawarazaki Shodo (1889 - 1973),Series; Floral Calendar of JapanA Fuji Arts Special Offer Auction,Excellent overall with no issues to report.,1,2024-02-18 15:14:32,4.7772
904031,Hanabito of the Ogiya ,Eisho (active circa. 1790 - 1799) ,Series; Contest of Beauties of the Pleasure QuartersA Fuji Arts Special Offer Auction,Excellent color and detail. Please see photos for details. Very nice overall.,0,2024-02-18 15:14:32,4.9143
902983,Ichikawa Komazo II as Shiga Daishichi,Sharaku (active 1794 - 1795),A Fuji Arts Special Offer Auction,This print with excellent color and detail as shown. Please see photos for details. Nice overall.,0,2024-02-18 15:14:32,4.0523
906108,Net Fishing on the Tone River in Shimosa Province ,Hokusai (1760 - 1849),Series; A Thousand Views of the Sea and WatersideA Fuji Arts Special Offer Auction,This print with excellent color and detail as shown. Please see photos for details. Nice condition overall.,0,2024-02-18 15:14:32,3.9827
915692,Autumn,Toshi Yoshida (1911 - 1995),A Fuji Arts Special Offer Auction,"Excellent color and detail as shown. Tape remnants on reverse at edges from original publisher mounting, as is commonly seen with this subject. Some toning at edges.",1,2024-02-18 15:14:32,5.6802
910655,Winter Desolation at Hamamatsu,Hiroshige (1797 - 1858) ,"Series; Fifty-three Stations of the Tokaido, 1919 Goyo Studio EditionA Fuji Arts Special Offer Auction",This print with excellent color and detail as shown. Slight toning. A few prints have a few small spots. Please see photos for details. Generally in very nice condition overall.,0,2024-02-18 15:14:32,4.8669
909254,Distant View of Miho at Ejiri,Hiroshige (1797 - 1858) ,"Series; Fifty-three Stations of the Tokaido, 1919 Goyo Studio EditionA Fuji Arts Special Offer Auction",This print with excellent color and detail as shown. Slight toning. A few prints have a few small spots. Please see photos for details. Generally in very nice condition overall.,0,2024-02-18 15:14:32,4.8669
909174,The Sakawa River at Odawara,Hiroshige (1797 - 1858) ,"Series; Fifty-three Stations of the Tokaido, 1919 Goyo Studio EditionA Fuji Arts Special Offer Auction",This print with excellent color and detail as shown. Slight toning. A few prints have a few small spots. Please see photos for details. Generally in very nice condition overall.,0,2024-02-18 15:14:32,4.8669
903546,Gion Shrine,Tokuriki (1902 - 1999),A Fuji Arts Special Offer Auction,Excellent color and detail. Tape remnants on reverse at top corners from previous mounting. Slight creasing at edges.,1,2024-02-18 15:14:32,4.8756
903196,Hozugawa (The Hozu River),Tokuriki (1902 - 1999),A Fuji Arts Special Offer Auction,Excellent overall with no issues to report.,1,2024-02-18 15:14:32,4.8756
906177,"Shoren-in, Sanjo Awata",Tokuriki (1902 - 1999),A Fuji Arts Special Offer Auction,Excellent color and detail. No issues to report.,1,2024-02-18 15:14:32,4.8756
910609,The Southeast,Kiyonaga (1752 - 1815),Series; Contest of Contemporary Beauties of the Pleasure QuartersA Fuji Arts Special Offer Auction,This print with excellent color and detail as shown. Please see photos for details. Good overall.,0,2024-02-18 15:14:32,4.4976
908946,Religious Festival at Atsuta Shrine in Miya,Hiroshige (1797 - 1858) ,"Series; Fifty-three Stations of the Tokaido, 1919 Goyo Studio EditionA Fuji Arts Special Offer Auction",This print with excellent color and detail as shown. Slight toning. A few prints have a few small spots. Please see photos for details. Generally in very nice condition overall.,0,2024-02-18 15:14:32,4.8669
913347,Geisha in Her Dressing Room ,Toyokuni III/Kunisada (1786 - 1864) ,Series; Contest of Present-day BeautiesA Fuji Arts Special Offer Auction,With excellent color and detail as shown. Please see photos for details. Very nice overall.,0,2024-02-18 15:14:32,4.9221
907399,"Bando Hikosaburo V, 1867",Yoshiiku (1833 - 1904),Series; Portraits as True Likenesses in the MoonlightA Fuji Arts Special Offer Auction,"This print with good detail as shown. A few thinning spots, repaired. A few creases. Please see photos for details.",1,2024-02-18 15:14:33,5.0906
902757,Arashi Ryuzo as Ishibe no Kinkichi,Sharaku (active 1794 - 1795),A Fuji Arts Special Offer Auction,Excellent overall with no issues to report.,0,2024-02-18 15:14:33,4.0523
906723,"Cherry-blossom Viewing in the Palace Garden in Spring, 1847 - 1852",Toyokuni III/Kunisada (1786 - 1864),A Fuji Arts Special Offer Auction,"This print with good color and detail as shown. Three separate panels. Slight paper remnant at edge, a couple small spots. Please see photos for details.",1,2024-02-18 15:14:33,4.9902
903474,"Kumasaka Chohan and His Gang at the Lookout Pine Tree, 1847 - 1852",Sadahide (1807 - 1873),A Fuji Arts Special Offer Auction,"This print with nice detail as shown. Three separate panels, backed with paper. Losses at edges, a few wormholes, repaired. Slight curling. Please see photos for details.",1,2024-02-18 15:14:33,5.1905
908497,Gun Prostitute (Teppo),Utamaro (1750 - 1806),Series; Five Shades of Ink in the Northern QuarterA Fuji Arts Special Offer Auction,"This print with excellent condition overall, no issues to report.",0,2024-02-18 15:14:33,4.0166
915130,"Kabuki Actors Parody of Sumo Wrestling, 1884",Meiji era artist (unsigned),A Fuji Arts Special Offer Auction,This print with good detail as shown. Three separate panels. A few small repairs and creases. Please see photos for details.,1,2024-02-18 15:14:33,4.2429
907746,"Ichimura Kakitsu IV as Fuwa Bansaku, 1865",Kunichika (1835 - 1900),A Fuji Arts Special Offer Auction,This print with nice detail as shown. Vertical fold at side. Slight creasing. Please see photos for details.,1,2024-02-18 15:14:33,4.9712
905696,"Mukojima Restaurant: Nakamura Kanemon IV as Miyamoto Musashi, 1852",Kuniyoshi (1797 - 1861),Series: Thirty-six Fashionable Restaurants of the Eastern CapitalA Fuji Arts Special Offer Auction,"This print with nice Horizontal detail as shown. Slight aper remnants on reverse at edges from previous mounting. fold. Small repair, creasing and wrinkling. Please see photos for details.",1,2024-02-18 15:14:33,5.3703
910574,"Eleventh Month: All-star Performance at Saruwaka-cho, 1889",Chikanobu (1838 - 1912),Series; Twelve Months of Customs and Manners in EdoA Fuji Arts Special Offer Auction,"This print with nice color and detail as shown. Three separate panels, backed with paper. Slight curling, a few spots and stains, light vertical lines where backing papers meet. Please see photos for details.",1,2024-02-18 15:14:33,5.3508
915637,"Winter Scene from Inaka Genji, 1847 - 1852",Toyokuni III/Kunisada (1786 - 1864),Series; Eastern Magic Lantern Slides of a Charming FigureA Fuji Arts Special Offer Auction,"This print with good detail as shown. Three separate panels. Vertical fold in each panel. Small losses at corners, repaired. Slight rubbing at edges. Please see photos for details.",1,2024-02-18 15:14:33,4.9902
911336,"Ne Brigade, Ninth Group: Bando Hikosaburo V as Nezumi Kozo, 1866",Kunichika (1835 - 1900),"Series; Matches for the Kana Syllables (Mitate Iroha Awase), 1866A Fuji Arts Special Offer Auction","This print with good detail as shown. Backed with paper. Losses at edge, repaired with backing. A few creases at edges. Please see photos for details.",1,2024-02-18 15:14:33,4.9712
904084,Young Woman from a Low-Class Brothel,Utamaro (1750 - 1806) ,Series; Five Shades of Ink in the Northern QuarterA Fuji Arts Special Offer Auction,This print with excellent color and detail as shown. Please see photos for details. Nice overall.,0,2024-02-18 15:14:33,4.8551
913845,Young Entertainer ,Utamaro (1750 - 1806) ,Series; Five Shades of Ink in the Northern QuarterA Fuji Arts Special Offer Auction,Excellent overall with no issues to report.,0,2024-02-18 15:14:33,4.8551
909896,Moatside Prostitute ,Utamaro (1750 - 1806),Series; Five Shades of Ink in the Northern QuarterA Fuji Arts Special Offer Auction,"This print with excellent condition overall, no issues to report.",0,2024-02-18 15:14:33,4.0166
915457,"Ru Brigade, Tenth Group: Sawamura Tanosuke III as Ruro Sakuramaru, 1866",Kunichika (1835 - 1900),"Series; Matches for the Kana Syllables (Mitate Iroha Awase), 1866A Fuji Arts Special Offer Auction","This print with good detail as shown. Backed with paper. Losses at edges, repaired with backing. Please see photos for details.",1,2024-02-18 15:14:33,4.9712
916022,"Fireflies in Darkness, 1847 - 1852",Toyokuni III/Kunisada (1786 - 1864),Series; Eastern Magic Lantern Slides of a Charming FigureA Fuji Arts Special Offer Auction,"This print with good detail as shown. Three separate panels. Tear at edge, small losses at corners, a few holes, repaired. Vertical fold and slight glue residue at sides. Please see photos for details.",1,2024-02-18 15:14:33,4.9902
901932,"Lingering Snow at Tsurugaoka, 1868",Yoshitoshi (1839 - 1892),Series; Eight Views from Fine Tales of WarriorsA Fuji Arts Special Offer Auction,This print with excellent color and detail as shown. Three separate panels. Horizontal centerfold. A couple small repairs. Slight creasing. Please see photos for details.,1,2024-02-18 15:14:33,5.7164
900751,Fuwa (The Unbreakable),Torii Kiyotada VII (1875 - 1941) and Torii Kiyosada (1844 - 1901),Series; The Eighteen Kabuki Plays,Excellent color and detail. Some prints have a couple light creases at edges or small spots.,1,2024-02-18 15:14:34,4.9143
904882,Title Page and Table of Contents for The Eighteen Plays,Torii Kiyotada VII (1875 - 1941) and Torii Kiyosada (1844 - 1901),Series; The Eighteen Kabuki Plays,Excellent color and detail. Light spotting.,1,2024-02-18 15:14:34,4.9143
902523,Shibaraku (Wait a Minute),Torii Kiyotada VII (1875 - 1941) and Torii Kiyosada (1844 - 1901),Series; The Eighteen Kabuki Plays,Excellent color and detail. Some prints have a couple light creases at edges or small spots.,1,2024-02-18 15:14:34,4.9143
908780,"Nakamura Shikan IV as Toma Saburoemon, 1867",Kunichika (1835 - 1900),,"Nice color and detail. Stitching holes at side, a couple holes, repaired. Slight curling, a couple light creases on face.",1,2024-02-18 15:14:34,4.9712
905355,Ja Yanagi (The Snake Willow),Torii Kiyotada VII (1875 - 1941) and Torii Kiyosada (1844 - 1901),Series; The Eighteen Kabuki Plays,Excellent color and detail. Some prints have a couple light creases at edges or small spots.,1,2024-02-18 15:14:34,4.9143
904643,Gedatsu (The Release),Torii Kiyotada VII (1875 - 1941) ,Series; The Eighteen Kabuki Plays,Excellent color and detail. Some prints have a couple light creases at edges or small spots.,1,2024-02-18 15:14:34,4.9143
903694,Kagekiyo,Torii Kiyotada VII (1875 - 1941) and Torii Kiyosada (1844 - 1901),Series; The Eighteen Kabuki Plays,Excellent color and detail. Some prints have a couple light creases at edges or small spots.,1,2024-02-18 15:14:34,4.9143
910859,Kenuki (The Tweezers),Torii Kiyotada VII (1875 - 1941),Series; The Eighteen Kabuki Plays,Excellent color and detail. Some prints have a couple light creases at edges or small spots.,1,2024-02-18 15:14:34,4.779
908317,Kamahige (Sickle Whiskers),Torii Kiyotada VII (1875 - 1941) and Torii Kiyosada (1844 - 1901),Series; The Eighteen Kabuki Plays,"Excellent detail. Small repair, crease at edge.",1,2024-02-18 15:14:34,4.9143
904550,Uirou-uri (The Medicine Seller),Torii Kiyotada VII (1875 - 1941),Series; The Eighteen Kabuki Plays,Excellent detail. A couple light creases at edges and small spots.,1,2024-02-18 15:14:34,4.779
905113,"Bando Hikosaburo as Mashiba Dairyo Hisayoshi, 1867",Kunichika (1835 - 1900),,"Nice color and detail. Stitching holes at side, repaired. Slight curling.",1,2024-02-18 15:14:34,4.9712
911451,Wrapper for The Eighteen Kabuki Plays,Torii Kiyotada VII (1875 - 1941) and Torii Kiyosada (1844 - 1901),Series; The Eighteen Kabuki Plays,"Nice detail. Wormhole, creasing throughout.",1,2024-02-18 15:14:34,4.9143
905145,Fudo Myoo (The Immoveable),Torii Kiyotada VII (1875 - 1941),Series; The Eighteen Kabuki Plays,Excellent color and detail. Some prints have a couple light creases at edges or small spots.,1,2024-02-18 15:14:34,4.779
908921,Oshi-modoshi (Push and Pull),Torii Kiyotada VII (1875 - 1941),Series; The Eighteen Kabuki Plays,Excellent color and detail. Some prints have a couple light creases at edges or small spots.,1,2024-02-18 15:14:34,4.779
913360,"Scene from Kotoba no hana momiji no Yozakari, 1849",Kuniyoshi (1797 - 1861),A Fuji Arts Special Offer Auction,"This print nice detail as shown. Three attached panels, backed with paper. Vertical folds between panels. A few creases at edges, and small marks. Please see photos for details.",1,2024-02-18 15:14:34,5.3703
906892,"Mo Brigade, Second Group: Ichimura Kakitsu IV as Momonoi Wakasanosuke",Kunichika (1835 - 1900),"Series; Matches for the Kana Syllables (Mitate Iroha Awase), 1866A Fuji Arts Special Offer Auction","This print with good detail as shown. Thinning at edge, wormhole, repaired. Creasing throughout. Please see photos for details.",1,2024-02-18 15:14:34,4.9712
913225,Zohiki (Elephant Tug),Torii Kiyotada VII (1875 - 1941) and Torii Kiyosada (1844 - 1901),Series; The Eighteen Kabuki Plays,Excellent color and detail. Some prints have a couple light creases at edges or small spots.,1,2024-02-18 15:14:34,4.9143
907286,Nanatsumen (The Seven Masks),Torii Kiyotada VII (1875 - 1941) and Torii Kiyosada (1844 - 1901),Series; The Eighteen Kabuki Plays,Excellent color and detail. Some prints have a couple light creases at edges or small spots.,1,2024-02-18 15:14:34,4.9143
906929,Narukami (The Thunder God),Torii Kiyotada VII (1875 - 1941) and Torii Kiyosada (1844 - 1901),Series; The Eighteen Kabuki Plays,Excellent color and detail. Some prints have a couple light creases at edges or small spots.,1,2024-02-18 15:14:34,4.9143
907376,Uwanari (Jealousy),Torii Kiyotada VII (1875 - 1941) and Torii Kiyosada (1844 - 1901),Series; The Eighteen Kabuki Plays,Excellent color and detail. Some prints have a couple light creases at edges or small spots.,1,2024-02-18 15:14:34,4.9143
914128,Yanone (The Arrow Head),Torii Kiyotada VII (1875 - 1941),Series; The Eighteen Kabuki Plays,Excellent color and detail. Some prints have a couple light creases at edges or small spots.,1,2024-02-18 15:14:34,4.779
907324,Kanjincho (The Subscription List),Torii Kiyotada VII (1875 - 1941) and Torii Kiyosada (1844 - 1901),Series; The Eighteen Kabuki Plays,Excellent color and detail. Some prints have a couple light creases at edges or small spots.,1,2024-02-18 15:14:34,4.9143
903826,Sukeroku (The Flower of Edo),Torii Kiyotada VII (1875 - 1941) and Torii Kiyosada (1844 - 1901),Series; The Eighteen Kabuki Plays,Excellent color and detail. Some prints have a couple light creases at edges or small spots.,1,2024-02-18 15:14:34,4.9143
901836,"Drastic Price Reduction Moved to Clearance, Act Fast!",Tsukioka Kogyo (1869 - 1927),Series; Noga taikan (A Great Collection of Noh Pictures),Excellent color and detail. Some prints have a few spots or a crease at edge.,1,2024-02-18 15:14:35,4.273
901266,Pinwheel Vendor and Mother Nursing a Child,Meiji era artist (unsigned),Series; Ancient Customs Paintings,Nice color and detail. Some prints have a couple creases at edges or small spots.,1,2024-02-18 15:14:35,4.2429
900654,Entrance to a House,Meiji era artist (unsigned),Series; Ancient Customs Paintings,Nice color and detail. Some prints have a couple creases at edges or small spots.,1,2024-02-18 15:14:35,4.2429
900239,Samurai and Beauty on Horseback,Meiji era artist (unsigned),Series; Ancient Customs Paintings,Nice color and detail. Some prints have a couple creases at edges or small spots.,1,2024-02-18 15:14:35,4.2429
900287,Toyotomi Hideyoshi's Armor,Meiji era artist (not read),Series; Ancient Customs Paintings,Nice color and detail. Some prints have a couple creases at edges or small spots.,1,2024-02-18 15:14:35,4.2802
902694,Beauty in a Kimono with Plovers and Streams,Meiji era artist (unsigned),Series; Ancient Customs Paintings,Nice color and detail. Some prints have a couple creases at edges or small spots.,1,2024-02-18 15:14:35,4.2429
910073,Landscape with Mountains,After Maruyama Okyo (1733 - 1795),,Nice color and detail. Backed with paper. A couple small repairs.,1,2024-02-18 15:14:35,4.9143
914749,"Scene from Yoshitsune Senbon Zakura, 1856",Toyokuni III/Kunisada (1786 - 1864),,"Good detail. Diagonal fold at side, slight rubbing.",1,2024-02-18 15:14:35,4.9902
903638,"Scene from Sakura Soshi Gonichi Bundan, 1861",Toyokuni III/Kunisada (1786 - 1864),,"Good detail. Vertical folds near side. Repair, slight rubbing at side.",1,2024-02-18 15:14:35,4.9902
913457,"Kataoka Gado II as Issun Tokubei and Morita Kan'ya XI as Tsurifune no Sabu, 1855",Toyokuni III/Kunisada (1786 - 1864),,"Good detail. Diagonal and vertical folds, a couple repairs and creases.",1,2024-02-18 15:14:35,4.9902
913566,Street Scene,Meiji era artist (unsigned),Series; Ancient Customs Paintings,"Nice color and detail. Small repair at edge, a few light creases at edges.",1,2024-02-18 15:14:35,4.2429
913179,A Clearance Opportunity! Meiji or Edo era Original,Kunichika (1835 - 1900),,"This print with nice color and detail as shown. Staining, wrinkling, and small losses at edges. Please see photos for details.",1,2024-02-18 15:14:37,4.9712
908294,A Clearance Opportunity! Meiji or Edo era Original,Yoshitoshi (1839 - 1892),,"Nice detail. Backed with paper. Loss corner, horizontal centerfold, rubbing, staining.",1,2024-02-18 15:14:37,5.7164
909022,A Clearance Opportunity! Meiji or Edo era Original,Kuniyoshi (1797 - 1861),,This print with nice color and detail as shown. Rubbing and staining throughout.  Holes and losses along edges. Please see photos for details.,1,2024-02-18 15:14:37,5.3703
909611,Fine Old Reprint Clearance! A Fuji Arts Value,Utamaro (1750 - 1806),,This print with excellent color and detail as shown. Please see photos for details.,0,2024-02-18 15:14:37,4.0166
914700,Ema (The Votive Tablets),Tsukioka Kogyo (1869 - 1927),Series; Noga taikan (A Great Collection of Noh Pictures),Excellent color and detail. Some prints have a few light creases at edges or spots.,1,2024-02-18 15:14:38,4.273
911590,Hotoke no Hara,Tsukioka Kogyo (1869 - 1927),Series; Noga taikan (A Great Collection of Noh Pictures),Excellent color and detail. Some prints have a few light creases at edges or spots.,1,2024-02-18 15:14:38,4.273
900901,Ebira,Tsukioka Kogyo (1869 - 1927),Series; Noga taikan (A Great Collection of Noh Pictures),Excellent color and detail. Some prints have a few light creases at edges or spots.,1,2024-02-18 15:14:38,4.273
904356,Shunzei Tadanori (Shunzei and Tadanori),Tsukioka Kogyo (1869 - 1927),Series; Noga taikan (A Great Collection of Noh Pictures),Excellent color and detail. Some prints have a few light creases at edges or spots.,1,2024-02-18 15:14:38,4.273
904602,Kiso (Lord Kiso),Tsukioka Kogyo (1869 - 1927),Series; Noga taikan (A Great Collection of Noh Pictures),Excellent color and detail. Some prints have a few light creases at edges or spots.,1,2024-02-18 15:14:39,4.273
915752,Ikuta Atsumori,Tsukioka Kogyo (1869 - 1927),Series; Noga taikan (A Great Collection of Noh Pictures),Excellent color and detail. Some prints have a few light creases at edges or spots.,1,2024-02-18 15:14:39,4.273
915418,Tamakazura (The Jeweled Chaplet),Tsukioka Kogyo (1869 - 1927),Series; Noga taikan (A Great Collection of Noh Pictures),Excellent color and detail. Some prints have a few spots or a crease at edge.,1,2024-02-18 15:14:39,4.273
911301,Tatsuta,Tsukioka Kogyo (1869 - 1927),Series; Noga taikan (A Great Collection of Noh Pictures),"Excellent color and detail. Small tear at edge, repaired.",1,2024-02-18 15:14:39,4.273
912127,Awaji,Tsukioka Kogyo (1869 - 1927),Series; Noga taikan (A Great Collection of Noh Pictures),Excellent color and detail. Some prints have a few light creases at edges or spots.,1,2024-02-18 15:14:39,4.273
912228,Maiko on a Verandah,Shin-hanga & Modern artist (not read),,Excellent color and detail. No issues to report.,1,2024-02-18 15:14:39,4.0626
900015,Maiko on a Bridge,Shin-hanga & Modern artist (not read),,Excellent color and detail. No issues to report.,1,2024-02-18 15:14:39,4.0626
900644,Maiko on a Moonlit Night,Shin-hanga & Modern artist (not read),,Excellent color and detail. Light crease at edge.,1,2024-02-18 15:14:39,4.0626
908104,Bunraku,Nishimura Goun (1877 - 1938),"Series; The Complete Works of Chikamatsu Monzaemon, First Edition, circa 1922 - 1926","This print with excellent color and detail as shown. Slight toning, a few spots, a couple creases at corners, soiling at edges. Please see photos for details.",1,2024-02-18 15:14:39,4.5662
906389,A Swordsman,Yamaguchi Sohei (1882 - 1961),"Series; The Complete Works of Chikamatsu Monzaemon, First Edition, circa 1922 - 1926","This print with excellent color and detail as shown. Slight toning, a few creases at edges and small spots, fiber in paper. Please see photos for details.",1,2024-02-18 15:14:39,4.3853
908005,"The Heroine Koharu, 1922 ",Keigetsu Kikuchi (1879 - 1955),"Series; The Complete Works of Chikamatsu Monzaemon, First Edition, circa 1922 - 1926","Excellent color and detail. A couple spots.  Please note, the darkening along the edge of the face and hands is from the oxidation of the pigment used, and is typical for this subject.",1,2024-02-18 15:14:39,4.686
913028,The Heroine Tora Gozen ,Ishikawa Toraji (1875 - 1964),"Series; The Complete Works of Chikamatsu Monzaemon, First Edition, circa 1922 - 1926","Excellent color and detail. Slight soiling, a few small marks.",1,2024-02-18 15:14:39,4.9574
913685,"The Heroine Osan, circa 1923",Saburosuke Okada (1869 - 1939),"Series; The Complete Works of Chikamatsu Monzaemon, First Edition, circa 1922 - 1926",Excellent color and detail. A few small spots.,1,2024-02-18 15:14:39,5.3297
903986,The Heroine Yugiri,Shima Seien (1892 - 1970),"Series; The Complete Works of Chikamatsu Monzaemon, First Edition, circa 1922 - 1926","Excellent color and detail. A few small spots, a few creases at edges.",1,2024-02-18 15:14:39,5.3351
902702,The Heroine Koman from Seki,Yamamura Toyonari (1885 - 1942),"Series; The Complete Works of Chikamatsu Monzaemon, First Edition, circa 1922 - 1926",Excellent color and detail. A few small spots.,1,2024-02-18 15:14:39,4.3231
914534,"The Heroine Umekawa, circa 1923",Tsunetomi Kitano (1880 - 1947),"Series; The Complete Works of Chikamatsu Monzaemon, First Edition, circa 1922 - 1926",Excellent color and detail as shown. Staining.,1,2024-02-18 15:14:39,6.0634
905115,The Deity Fudo and the Priest Mongaku,Tomita Keisen (1879 - 1936),"Series; The Complete Works of Chikamatsu Monzaemon, First Edition, circa 1922 - 1926","Excellent color and detail. Small spot and indented line in margin, a couple creases at edges.",1,2024-02-18 15:14:39,4.6211
904558,The Heroine Matsukaze,Hiromitsu Nakazawa (1874 - 1964),"Series; The Complete Works of Chikamatsu Monzaemon, First Edition, circa 1922 - 1926",Excellent color and detail. A few small spots.,0,2024-02-18 15:14:39,4.2245
908002,Michimori,Tsukioka Kogyo (1869 - 1927),Series; Noga taikan (A Great Collection of Noh Pictures),Excellent color and detail. Some prints have a few spots or a crease at edge.,1,2024-02-18 15:14:39,4.273
903813,Makura Jido (Jido and the Pillow),Tsukioka Kogyo (1869 - 1927),Series; Noga taikan (A Great Collection of Noh Pictures),Excellent color and detail. Some prints have a few spots or a crease at edge.,1,2024-02-18 15:14:39,4.273
908042,Tomoakira,Tsukioka Kogyo (1869 - 1927),Series; Noga taikan (A Great Collection of Noh Pictures),"Excellent color and detail. Small tear at edge, repaired. A couple folds at edges.",1,2024-02-18 15:14:39,4.273
903578,The Sailor Kezori Kuemon,Noda Kyuho (1879 - 1971),"Series; The Complete Works of Chikamatsu Monzaemon, First Edition, circa 1922 - 1926","Excellent color and detail. Crease at top edge, a few small spots.",1,2024-02-18 15:14:39,4.2911
912994,Kakegawa: Mountain-top Kannon,Junichiro Sekino (1914 - 1988),Series: The Fifty-three Stations of the Tokaido,"Excellent color and detail. A few creases at edges, faint spotting.",1,2024-02-18 15:14:40,6.0388
914229,Young Fowls and Nardosmia,Nakayama Sugakudo (active circa 1850 - 1860),Series; Forty-eight Hawks Drawn from Life,Excellent color and detail. Backed with paper. A couple small spots.,1,2024-02-18 15:14:40,4.659
913877,"Blackbird, Rapeseed, and Wild Pea",Nakayama Sugakudo (active circa 1850 - 1860),Series; Forty-eight Hawks Drawn from Life,Excellent color and detail. Backed with paper.,1,2024-02-18 15:14:40,4.659
903024,Parrot and Daphne,Nakayama Sugakudo (active circa 1850 - 1860),Series; Forty-eight Hawks Drawn from Life,Excellent color and detail. Backed with paper.,1,2024-02-18 15:14:40,4.659
910279,Mishima: Mishima Shrine,Junichiro Sekino (1914 - 1988),Series: The Fifty-three Stations of the Tokaido,Excellent color and detail. Light crease at corner.,1,2024-02-18 15:14:40,6.0388
910029,Parroquet and Wild Plum,Nakayama Sugakudo (active circa 1850 - 1860),Series; Forty-eight Hawks Drawn from Life,Excellent color and detail. Backed with paper.,1,2024-02-18 15:14:40,4.659
913614,Sparrow and Cotton Rose,Shizuo Ashikaga (1917 - 1991),,This print with excellent color and detail as shown. Some creases at edges. Please see photos for details. Good overall.,1,2024-02-18 15:14:40,4.7306
913265,Cockatoo on a Basket of Orchids,Ichiro (dates unknown),,This print with excellent color and detail as shown. A few small spots and light creases. Please see photos for details.,1,2024-02-18 15:14:40,4.5423
907769,Rooster and Hen,Takahashi Biho (1873 - ?),,"This print with excellent color and detail as shown. A couple creases at edges and small spots. Stamped ""Made in Japan No. 66"" on reverse. Please see photos for details.",1,2024-02-18 15:14:40,4.4259
911959,Maiko at the Silver Pavilion,Shin-hanga & Modern artist (not read),,Excellent color and detail. No issues to report.,1,2024-02-18 15:14:40,4.0626
912656,Maiko on a Snowy Day,Shin-hanga & Modern artist (not read),,Excellent color and detail.,1,2024-02-18 15:14:40,4.0626
908049,Yoshida: Willow and Private Estate,Junichiro Sekino (1914 - 1988),Series: The Fifty-three Stations of the Tokaido,"Excellent color and detail. A few creases at edges, a few stains.",1,2024-02-18 15:14:40,6.0388
913930,"Parting of the Kusunoki Masashige and His Son at Sakurai, 1892",Nobukazu (1874 - 1944),,Excellent color and good detail. A few small repairs and small spots.,1,2024-02-18 15:14:41,5.3052
905105,"Kusunoki Masatsura, No. 31",Chikanobu (1838 - 1912),"Series; Eastern Brocades, Day and Night Compared",Excellent detail and good color. Small repair.,1,2024-02-18 15:14:41,5.3508
913817,"Akechi Mitsuhide, No. 17",Chikanobu (1838 - 1912),"Series; Eastern Brocades, Day and Night Compared",Excellent color and detail.,1,2024-02-18 15:14:41,5.3508
908330,"Kato Kiyomasa, No. 18",Chikanobu (1838 - 1912),"Series; Eastern Brocades, Day and Night Compared",Excellent color and detail.,1,2024-02-18 15:14:41,5.3508
906152,"Mii-dera in Omi Province, No. 14 of the Saikoku Pilgrimage Route, 1859",Toyokuni III/Kunisada (1786 - 1864) and Hiroshige II (1826 - 1869),Series; Miracles of Kannon (Kannon reigenki),Nice color and detail. Backed with paper.,1,2024-02-18 15:14:42,4.9794
907822,"Iwama-dera in Omi Province, No. 12 of the Saikoku Pilgrimage Route, 1859",Toyokuni III/Kunisada (1786 - 1864) and Hiroshige II (1826 - 1869),Series; Miracles of Kannon (Kannon reigenki),Nice color and detail. Backed with paper.,1,2024-02-18 15:14:42,4.9794
901939,"Tanikumidera in Mino Province, No.33 of the Saikoku Pilgrimage Route, 1859",Toyokuni III/Kunisada (1786 - 1864) and Hiroshige II (1826 - 1869),Series; Miracles of Kannon (Kannon reigenki),Nice color and detail. Backed with paper.,1,2024-02-18 15:14:42,4.9794
912755,"Ishiyama-dera in Omi Province, No.13 of the Saikoku Pilgrimage Route, 1858",Toyokuni III/Kunisada (1786 - 1864) and Hiroshige II (1826 - 1869),Series; Miracles of Kannon (Kannon reigenki),Nice color and detail. Backed with paper.,1,2024-02-18 15:14:42,4.9794
906340,"Lady Nii, No. 37",Chikanobu (1838 - 1912),"Series; Eastern Brocades, Day and Night Compared",Excellent color and detail.,1,2024-02-18 15:14:42,5.3508
907042,"Okubo Hikozaemon, No. 19",Chikanobu (1838 - 1912),"Series; Eastern Brocades, Day and Night Compared",Excellent color and detail.,1,2024-02-18 15:14:42,5.3508
906488,"Oka-dera in Yamato Province, No. 7 of the Saikoku Pilgrimage Route, 1859",Toyokuni III/Kunisada (1786 - 1864) and Hiroshige II (1826 - 1869),Series; Miracles of Kannon (Kannon reigenki),Nice color and detail. Backed with paper.,1,2024-02-18 15:14:42,4.9794
904819,"Rokuharamitsu-ji in Kyoto, Yamashiro Province, No. 17 of the Saikoku Pilgrimage Route, 1859",Toyokuni III/Kunisada (1786 - 1864) and Hiroshige II (1826 - 1869),Series; Miracles of Kannon (Kannon reigenki),"Nice color and detail. Backed with paper. Wormhole, repaired.",1,2024-02-18 15:14:43,4.9794
911681,"Makinoo-dera in Izumi Province, No. 4 of the Saikoku Pilgrimage Route, 1858",Toyokuni III/Kunisada (1786 - 1864) and Hiroshige II (1826 - 1869),Series; Miracles of Kannon (Kannon reigenki),"Nice color and detail. Backed with paper. Vertical fold at side, light diagonal fold at center, small rubbed spot.",1,2024-02-18 15:14:43,4.9794
902094,"Scene from Sansho Dayu, 1896",Kunichika (1835 - 1900),,"Excellent color and detail. Backed with somewhat stiff paper. Vertical fold at side, four light horizontal folds in each panel.",1,2024-02-18 15:14:43,4.9712
908994,"Scene from Engi-mo Yosa Takara no Mayudama, 1898",Kunichika (1835 - 1900),,Excellent color and good detail. Backed with somewhat stiff paper. Light vertical lines where backing papers meet.,1,2024-02-18 15:14:43,4.9712
904097,"The Demon of Mt. Togakushi, 1887",Kunichika (1835 - 1900),,Nice color and detail. Backed with somewhat stiff paper. Vertical fold between panels.,1,2024-02-18 15:14:43,4.9712
904470,Beauty Carrying a Meal,Kunichika (1835 - 1900),,Good detail. A few small repairs.,1,2024-02-18 15:14:43,4.9712
903004,"Beauty after a Bath, 1867",Kunisada II (1823 - 1880),,"Good detail. Small repairs, mostly at edges. A few wrinkles at edges.",1,2024-02-18 15:14:43,5.0398
906919,"The Akashi Bathhouse, 1847 - 1852",Toyokuni III/Kunisada (1786 - 1864),,Nice detail. Backed with paper.,1,2024-02-18 15:14:43,4.9902
912463,Cool Evening Breeze at Ryogoku,Toyokuni III/Kunisada (1786 - 1864),,Nice detail. A couple creases at edges and small repairs.,1,2024-02-18 15:14:43,4.9902
910329,"Scene from Ume Sakura Aioi-zoshi, 1816",Toyokuni I (1769 - 1825),,"Good detail. Backed with paper. Small losses at edges, a few holes, repaired. A few creases, vertical folds between panels.",1,2024-02-18 15:14:43,4.7311
915986,Beauty Reading a Letter,Harunobu (1724 - 1770),,"Good detail. Partially backed with paper. Small repairs, a few creases at edges.",1,2024-02-18 15:14:43,4.9678
914806,"Drastic Price Reduction Moved to Clearance, Act Fast!",Ikkei (active circa 1870s),,This print with nice color and detail as shown. Rubbing and staining mostly along edges. Please see photos for details.,1,2024-02-18 15:14:44,4.678
912016,"Drastic Price Reduction Moved to Clearance, Act Fast!",Chikanobu (1838 - 1912),,This print with nice color and detail as shown. Rubbing along edges. Staining throughout. Please see photos for details.,1,2024-02-18 15:14:44,5.3508
909634,"Drastic Price Reduction Moved to Clearance, Act Fast!",Hiroshige (1797 - 1858),,This print with nice color and detail as shown. Folds at bottom corners. Light indent in top margin. Please see photos for details.,0,2024-02-18 15:14:44,4.6198
913076,"Drastic Price Reduction Moved to Clearance, Act Fast!",Hiroshige (1797 - 1858),,This print with nice color and detail as shown. Small indentations in bottom margin. Please see photos for details.,0,2024-02-18 15:14:44,4.6198
909507,"Drastic Price Reduction Moved to Clearance, Act Fast!",Toyomasa (active circa 1770s),,This print with nice color and detail as shown. Light staining. Fraying at left edge. Please see photos for details.,0,2024-02-18 15:14:44,4.9143
909149,"Drastic Price Reduction Moved to Clearance, Act Fast!",Harunobu (1724 - 1770),,This print with nice color and detail as shown. Brown spotting throughout. Please see photos for details.,0,2024-02-18 15:14:44,4.9678
905642,"Drastic Price Reduction Moved to Clearance, Act Fast!",Edo era artist (unsigned),,This print with nice color and detail as shown. Toning and staining throughout. Please see photos for details.,0,2024-02-18 15:14:44,4.1951
910451,"Drastic Price Reduction Moved to Clearance, Act Fast!",Edo era artist (unsigned),,This print with nice color and detail as shown. Toning and staining throughout. Please see photos for details.,0,2024-02-18 15:14:44,4.1951
902185,"Great Battle in Outer Hyogo: The Battle of Minatogawa, circa 1842 - 1843",Kuniyoshi (1797 - 1861),,"Good detail. Backed with paper. A few wormholes, repaired. Slight rubbing.",1,2024-02-19 15:32:46,5.3703
902459,Nakamura Kichiemon as Kiyomasa,Ota Masamitsu (1892 - 1975),Series; Figures of the Showa Stage (Showa Butai Sugata),"Excellent color and detail. Folded by publisher to fit folder, typically seen with this series. Slight creasing at edges, a couple small spots.",1,2024-02-19 15:32:46,4.9143
912427,Nakamura Utaemon V as Masaoka,Ota Masamitsu (1892 - 1975),Series; Figures of the Showa Stage (Showa Butai Sugata),"Excellent color and detail. Folded by publisher to fit folder, typically seen with this series. Slight creasing at edges.",1,2024-02-19 15:32:46,4.9143
905270,"Nakamura Ganjiro as Kamiji, 1949",Ota Masamitsu (1892 - 1975),Series; Figures of the Showa Stage (Showa Butai Sugata),"Excellent detail and good color. Drying holes in left corner. Folded by publisher to fit folder, typically seen with this series. Slight creasing at edges.",1,2024-02-19 15:32:46,4.9143
915225,"The Night Attack on the Yamaki Mansion, When Yoritomo First Raised His Banner, 1854",Kuniyoshi (1797 - 1861),,"Good detail. Backed with paper. Losses and wormholes, repaired.",1,2024-02-19 15:32:46,5.3703
910434,"Mitsutoki Reporting to Tomomori at the Battle of Dan-no-ura, circa 1842 - 1843",Kuniyoshi (1797 - 1861),,Good detail. A few small repairs.,1,2024-02-19 15:32:46,5.3703
900317,"The Igagoe Revenge, circa 1835",Kuniyoshi (1797 - 1861),,"Good detail. Small loss at edge, a few holes, repaired.",1,2024-02-19 15:32:46,5.3703
905972,Onoe Kikugoro as Kagami Jishi,Ota Masamitsu (1892 - 1975),Series; Figures of the Showa Stage (Showa Butai Sugata),"Excellent color and detail. Folded by publisher to fit folder, typically seen with this series. A couple small spots.",1,2024-02-19 15:32:46,4.9143
915314,"Taira no Kiyomori Gesturing to the Sun to Stand Still, 1842 - 1843",Kuniyoshi (1797 - 1861),,"Good detail. Backed with paper. A couple losses, wormholes, repaired.",1,2024-02-19 15:32:46,5.3703
900805,Minamoto no Yoshitsune at Horikawa Palace,Toyokuni III/Kunisada (1786 - 1864),,"Nice detail. Thinning along horizontal centerfold, a few holes, repaired.",1,2024-02-19 15:32:46,4.9902
901554,Ichikawa Ennosuke as Akutaro,Ota Masamitsu (1892 - 1975),Series; Figures of the Showa Stage (Showa Butai Sugata),"Excellent color and detail. Folded by publisher to fit folder, typically seen with this series.",1,2024-02-19 15:32:46,4.9143
913909,Asano Takumi no kami kerai Oishi Kuranosuke Yoshio,Gekko (1859 - 1920),"Series; Pictures of the Forty-seven Loyal Retainers, 1895 - 1903","Nice color and detail. Horizontal folds. A few repairs, creasing throughout.",1,2024-02-19 15:32:46,4.7082
900356,"Bando Hikosaburo V as Manoya Tokubei, 1865",Kunichika (1835 - 1900),,"Nice detail. Loss at corner, a couple thin spots, repaired. Creasing throughout.",1,2024-02-19 15:32:46,4.9712
913894,"The 47 Ronin, Act 1: Tsurugaoka Hachiman Shrine, 1866",Kunichika (1835 - 1900),Series; The Storehouse of Loyal Retainers,"Good color and detail. Stitching holes at one side of each panel, a few holes, repaired. A few creases at edges.",1,2024-02-19 15:32:46,4.9712
903527,"The 47 Ronin, Act 4: Vacating the Mansion, 1866",Kunichika (1835 - 1900),Series; The Storehouse of Loyal Retainers,"Good color and detail. Stitching holes at one side of each panel, repaired. A couple creases at edges.",1,2024-02-19 15:32:46,4.9712
911765,"The 47 Ronin, Act 6: The Suicide of Kampei and the Departure of Okaru, 1866",Kunichika (1835 - 1900),Series; The Storehouse of Loyal Retainers,"Good color and detail. Stitching holes at one side of each panel, a few holes, repaired. A couple wrinkles at edges.",1,2024-02-19 15:32:46,4.9712
906338,"The 47 Ronin, Act 11: The Night Attack on Moronao's Mansion, 1866",Kunichika (1835 - 1900),Series; The Storehouse of Loyal Retainers,"Good color and detail. Stitching holes at one side of each panel, small loss at corner, repaired. A few light creases.",1,2024-02-19 15:32:46,4.9712
914875,Kitamura Ryokuro as O-Tsuta,Ota Masamitsu (1892 - 1975),Series; Figures of the Showa Stage (Showa Butai Sugata),"Excellent color and detail. Drying holes in left corners. Folded by publisher to fit folder, typically seen with this series.",1,2024-02-19 15:32:46,4.9143
914863,"Rebuilding Kiyosu Castle, 1849",Kuniyoshi (1797 - 1861),,"Nice detail. Backed with paper. A few wormholes, repaired. Slight rubbing at edges.",1,2024-02-19 15:32:46,5.3703
915489,Commoner in Summer Kimono,Yoshiiku (1833 - 1904),Series; Figures of Flowers in the Eastern Capital,Nice detail. Staining at edge.,1,2024-02-19 15:32:46,5.0906
908130,Onoe Kikugoro as Nagoya Sanza,Kunichika (1835 - 1900),,Nice detail. A couple creases at edges and small stains.,1,2024-02-19 15:32:46,4.9712
913731,Ichikawa Danjuro as Asakura Togo,Kunichika (1835 - 1900),,"Nice color and good detail. Slight creasing near top center, a couple creases at edges.",1,2024-02-19 15:32:46,4.9712
909218,Kawarazaki Gonjuro as Fuwa Banzaemon,Kunichika (1835 - 1900),,Nice detail and good color. A couple creases at edges.,1,2024-02-19 15:32:46,4.9712
915863,"The Great Battle of Shizugamine, 1861",Yoshitoshi (1839 - 1892),A Fuji Arts Special Offer Auction,"Good detail. Losses at edges, holes, repaired. A few ripples and creases at edges.",1,2024-02-19 15:32:47,5.7164
904418,"Reading a Letter, circa 1840",Kuniyoshi (1797 - 1861),Series; Instruction for Children in the Accomplishments,"Good detail. Horizontal folds.  A few wormholes, repaired. Light creasing throughout.",1,2024-02-19 15:32:47,5.3703
910685,"Desire to See the Next Volume; Whitebait Fish from Nishimiya in Shinano Province, 1852",Kuniyoshi (1797 - 1861),"Series; Celebrated Products of Mountains and Seas, 1852","Good detail. A few repairs, a couple creases at edges.",1,2024-02-19 15:32:47,5.3703
910428,Joshi Enzetsu (Women's Speeches),Chikanobu (1838 - 1912),"Series; Magic Lantern Comparisons, 1890","Nice color and detail. Backed with paper. Horizontal centerfold.  A few small repairs, a couple creases at edges.",1,2024-02-19 15:32:47,5.3508
910976,Menju Sosuke,Yoshitoshi (1839 - 1892),"Series; A Mirror of Filial Piety in Japan, 1881A Fuji Arts Special Offer Auction","Nice color and detail. A couple small repairs, creasing at bottom edge.",1,2024-02-19 15:32:47,5.7164
900396,"Sasaki Moritsuna and His Troops Crossing the Inland Sea, 1865",Yoshitoshi (1839 - 1892),A Fuji Arts Special Offer Auction,"Nice detail. Backed with paper. A few losses at edges, holes, repaired.",1,2024-02-19 15:32:47,5.7164
903318,Kimura Nagato no kami Shigenari,Yoshitoshi (1839 - 1892),"Series; A Mirror of Filial Piety in Japan, 1881A Fuji Arts Special Offer Auction",Nice color and detail.,1,2024-02-19 15:32:47,5.7164
909272,A Servant Who Serves Her Master Well Sewing by Lamp; Servants Slandering Their Master by a Well,Yoshitoshi (1839 - 1892),"Series; Moral Lessons through Pictures of Good and Evil, 1880A Fuji Arts Special Offer Auction",Nice color and detail. A couple small repairs.,1,2024-02-19 15:32:47,5.7164
902855,"Minamoto no Yorinobu Swimming across a Bay to Attack Tadatsune, 1879",Yoshitoshi (1839 - 1892),Series; Mirror of Famous Generals of JapanA Fuji Arts Special Offer Auction,Excellent color and detail. A couple small repairs.,1,2024-02-19 15:32:47,5.7164
905512,"The Four Companions of Minamoto no Yorimitsu, 1868",Yoshitoshi (1839 - 1892),A Fuji Arts Special Offer Auction,"Nice color and detail. Vertical fold in each panel. Thinning along one fold, a couple holes, repaired. Slight curling.",1,2024-02-19 15:32:47,5.7164
902156,"Empress Jingu and Takeshiuchi no Sukune Fishing at Chikuzen, 1876",Yoshitoshi (1839 - 1892),Series; Mirror of Famous Generals of JapanA Fuji Arts Special Offer Auction,Nice color and good detail. Backed with paper. Light stain.,1,2024-02-19 15:32:47,5.7164
915907,Akazome Emon Viewing the Moon,Yoshitoshi (1839 - 1892),100 Aspects of the Moon (Tsuki hyakushi)A Fuji Arts Special Offer Auction,Nice color and detail. Backed with thin paper. Light spot on kimono.,1,2024-02-19 15:32:47,5.7164
916146,5 p.m. - Geisha with Hand Mirror Adjusting Her Hair,Yoshitoshi (1839 - 1892),"Series; Twenty-Four Hours at Shinbashi and Yanagibashi, 1880A Fuji Arts Special Offer Auction","Good color and detail. A couple repairs, rubbed area.",1,2024-02-19 15:32:47,5.7164
905014,1 a.m. - Geisha and Attendant by a Street Vendor,Yoshitoshi (1839 - 1892),"Series; Twenty-Four Hours at Shinbashi and Yanagibashi, 1880A Fuji Arts Special Offer Auction",Nice color and good detail. Small vertical wrinkle near center.,1,2024-02-19 15:32:47,5.7164
908703,"Mist: Ichikawa Sadanji as Hoshikage Tsuchiemon, 1876",Yoshitoshi (1839 - 1892),"Series; Barometer of Emotions, 1876 - 1877A Fuji Arts Special Offer Auction",A beautiful clean print with excellent color and detail. Backed with paper. Light horizontal and light vertical line where backing papers meet.,1,2024-02-19 15:32:47,5.7164
911020,Ariomaru and Shunkan,Yoshitoshi (1839 - 1892),"Series; A Mirror of Filial Piety in Japan, 1881A Fuji Arts Special Offer Auction",Nice color and detail.,1,2024-02-19 15:32:47,5.7164
910280,"Taira no Kiyomori Beckoning the Sun to Remain Still, 1876",Yoshitoshi (1839 - 1892),Series; Mirror of Famous Generals of JapanA Fuji Arts Special Offer Auction,"Nice color and good detail. Small loss at edge, repaired.",1,2024-02-19 15:32:47,5.7164
901946,Ichikawa Sadanji I as Shimizu Daikaku (above) and Kawarazaki Sansho I as Ishikawa Goemon,Kunichika (1835 - 1900),"Series; Hit Actors in a Contest of Storytelling, 1873",Nice color and detail. Backed with paper.,1,2024-02-19 15:32:47,4.9712
913587,"The 47 Ronin, Act 6: Ichikawa Danjuro VIII as Hayano Kampei, 1852",Kuniyoshi (1797 - 1861),Series; Twelve Acts of the Lantern Chushingura,"Nice detail. Backed with paper. Diagonal wrinkle at lower right, a couple creases, light indent on face.",1,2024-02-19 15:32:47,5.3703
911294,"Ichikawa Sadanji I as Hanemasu Yukichi (above), Bando Hikosaburo V as Okubo Hikozaemon, and Nakamura Shikan IV as Abe Bungo no kami",Kunichika (1835 - 1900),"Series; Hit Actors in a Contest of Storytelling, 1873",Nice color and detail. Backed with paper.,1,2024-02-19 15:32:47,4.9712
904318,"Courtesan and Girl in a Garden, 1862",Kunichika (1835 - 1900),Series; How to Master Hauta Songs,"Nice detail. Backed with paper. Small repair, a couple creases at edge.",1,2024-02-19 15:32:47,4.9712
908115,"Hojo Ujiyasu on a Rocky Promontory, 1879",Yoshitoshi (1839 - 1892),Series; Mirror of Famous Generals of JapanA Fuji Arts Special Offer Auction,Nice color and good detail. Backed with paper.,1,2024-02-19 15:32:47,5.7164
913129,"Kawarazaki Sansho I as Matsuzen'ya Gorozo (above), and Nakamura Shikan IV as Kato Kiyomasa",Kunichika (1835 - 1900),"Series; Hit Actors in a Contest of Storytelling, 1873",Nice color and detail. Backed with paper.,1,2024-02-19 15:32:48,4.9712
910945,"Onoe Kikugoro V as Net Fisherman Shichigoro (above), Nakamura Sojuro I as Kisanta, Kawarazaki Sansho I as Kiichi, and Bando Kakitsu as Torazo",Kunichika (1835 - 1900),"Series; Hit Actors in a Contest of Storytelling, 1873",Nice color and detail. Backed with paper.,1,2024-02-19 15:32:49,4.9712
900984,Goat and Horse: Sawamura Tossho II as Sanshichiro Nobutaka and Ichikawa Sadanji I as Kunitaro,Kunichika (1835 - 1900),"Series; Selected Actors for the Twelve Signs of the Zodiac, 1869","Nice color and detail. Backed with paper. Small repair, a few creases, slight curling.",1,2024-02-19 15:32:50,4.9712
910858,"Nakamura Sojuro I as Hanshichi (above), and Kawarazaki Sansho I as Lord Hidetsugu",Kunichika (1835 - 1900),"Series; Hit Actors in a Contest of Storytelling, 1873",Nice color and detail. Backed with paper.,1,2024-02-19 15:32:50,4.9712
905883,"Nakamura Kanjaku III as Musashi (above), and Nakamura Shikan IV as both Matsuyama and Wankyu",Kunichika (1835 - 1900),"Series; Hit Actors in a Contest of Storytelling, 1873",Nice color and detail. Backed with paper.,1,2024-02-19 15:32:50,4.9712
915261,"Nakamura Shikan IV (above), and Kawarazaki Sansho I as Kiyomasa",Kunichika (1835 - 1900),"Series; Hit Actors in a Contest of Storytelling, 1873",Nice color and detail. Backed with paper.,1,2024-02-19 15:32:50,4.9712
911065,"Nakamura Shikan IV as Kunisada Chuji (above), Onoe Kikugoro V as Shicho Goromata, Kawarazaki Sansho I as Shicho Taromata, and Nakamura Sojuro I as Shicho Jiromata",Kunichika (1835 - 1900),"Series; Hit Actors in a Contest of Storytelling, 1873","Nice color and detail. Backed with paper. Thinning at edge, repaired.",1,2024-02-19 15:32:50,4.9712
913529,"Onoe Kikugoro V as the Ghost of Okiku (above), Sawamura Tossho II as Izumi Saburo, and Nakamura Juzaburo as Gotobei",Kunichika (1835 - 1900),"Series; Hit Actors in a Contest of Storytelling, 1873","Nice color and detail. Backed with paper. Slight paper remnants at side, light glue residue at center right.",1,2024-02-19 15:32:50,4.9712
908347,"Scene from Seki no To, 1887",Kunisada III (1848 - 1920),,Nice color and detail. Backed with paper. Slight curling.,1,2024-02-19 15:32:50,4.5157
906480,"Kusunoki Masayuki and His Mother, 1892",Kunichika (1835 - 1900),,Nice detail. Backed with paper. Curling.,1,2024-02-19 15:32:50,4.9712
909380,"Scene from Musume Hisago no Kanzashi, 1876",Kunichika (1835 - 1900),,Nice color and detail. Backed with paper. Horizontal centerfold.,1,2024-02-19 15:32:50,4.9712
909509,"Young Samurai Carrying Armor, 1865",Kuniteru II (1829 - 1874),,Good detail. Backed with paper.  A couple creases.,1,2024-02-19 15:32:50,4.9899
900991,"Scene from Asagao Monogatari, 1855",Toyokuni III/Kunisada (1786 - 1864),,Good detail. Backed with paper.  A couple creases.,1,2024-02-19 15:32:50,4.9902
900491,Sawamura Tanosuke III ,Kunichika (1835 - 1900),,"Good detail. Partially backed with paper. Vertical fold. Thinning areas, repaired.",1,2024-02-19 15:32:51,4.9712
901634,Otani Tomoemon V,Kunichika (1835 - 1900),,"Good detail. Partially backed with paper. Vertical fold. Loss at edge and thinning areas, repaired. A few creases.",1,2024-02-19 15:32:51,4.9712
911575,Shizuka Gozen,Chikanobu (1838 - 1912),Series; A Chronicle of the Rise and Fall of the Genji and Heike,Nice color and detail.,1,2024-02-19 15:32:51,5.3508
915258,"Beauties Enjoying a Waterfall at a Villa, 1893",Chikanobu (1838 - 1912),,"Good color and detail. A few small repairs, slight rubbing at edge,  slight curling.",1,2024-02-19 15:32:51,5.3508
905969,"Scene from Kuruwa Bunsho, 1850",Toyokuni III/Kunisada (1786 - 1864),,Good detail. Backed with paper.,1,2024-02-19 15:32:51,4.9902
907248,Princess Minazuru,Chikanobu (1838 - 1912),Series; A Chronicle of the Rise and Fall of the Genji and Heike,Nice color and detail.,1,2024-02-19 15:32:51,5.3508
913001,Taira no Kiyomori and Lady Tokiwa,Chikanobu (1838 - 1912),Series; A Chronicle of the Rise and Fall of the Genji and Heike,Nice color and detail.,1,2024-02-19 15:32:51,5.3508
915279,"Beauties in a Chrysanthemum Garden, 1895",Chikanobu (1838 - 1912),Series; Chiyoda Inner Palace (Chiyoda no Ooku),Nice color and good detail. Backed with paper. A few small spots on background.,1,2024-02-19 15:32:52,5.3508
902273,"Catching Fireflies, 1896",Chikanobu (1838 - 1912),Series; Chiyoda Inner Palace (Chiyoda no Ooku),Nice color and good detail. Backed with paper.,1,2024-02-19 15:32:52,5.3508
913191,"Kyoto: Attendance at Court, 1863",Yoshimori (1830 - 1884),"Series; Famous Places along the Tokaido Road (The Processional Tokaido), 1863",Nice color and detail. Backed with paper. Some prints have a light vertical line where backing papers meet or a couple small creases.,1,2024-02-19 15:32:52,5.1341
902455,"Takenouchi no Sukune, 1858",Yoshikazu (active circa 1850 - 1870),"Series; Mirror of Famous Generals of Our Country, 1858","Good detail. A few small repairs, light creasing throughout.",1,2024-02-19 15:32:52,5.6311
903806,"Emperor Nintoku Visits His Palace in the City of Naniwa, 1868",Sadanobu II (1848 - 1940),,Nice detail. Vertical folds at sides. A few repairs.,1,2024-02-19 15:32:52,4.9112
910727,"Takeda Katsuyori Fighting Kiso Ogasawara at Mt. Tenmoku, circa 1844",Kunisada II (1823 - 1880),,"Good detail. A few small repairs, a few creases and slight rubbing at edges.",1,2024-02-19 15:32:52,5.0398
900446,"In the Kusunoki Camp, Sugimoto Akiyuki Is Rewarded with an Inscribed Sword, 1858",Kuniyoshi (1797 - 1861),,"Nice detail. Small repair, a few light creases at edges.",1,2024-02-19 15:32:52,5.3703
902832,Descending Geese at Katada,Hiroshige (1797 - 1858),"Series; Eight Views of Omi Province, 1891 Memorial Edition",Nice color and detail. Backed with paper.,1,2024-02-19 15:32:52,4.6198
901436,Clearing Weather at Awazu,Hiroshige (1797 - 1858),"Series; Eight Views of Omi Province, 1891 Memorial Edition",Nice color and detail. Backed with paper.,1,2024-02-19 15:32:52,4.6198
905097,"Parading Pounded Rice Cakes, 1895",Chikanobu (1838 - 1912),Series; Chiyoda Inner Palace (Chiyoda no Ooku),Nice color and good detail. Backed with paper. A few small marks on background.,1,2024-02-19 15:32:52,5.3508
910270,Autumn Moon on Ishiyama,Hiroshige (1797 - 1858),"Series; Eight Views of Omi Province, 1891 Memorial Edition",Nice color and detail. Backed with paper.,1,2024-02-19 15:32:52,4.6198
905892,Night Rain at Karasaki,Hiroshige (1797 - 1858),"Series; Eight Views of Omi Province, 1891 Memorial Edition",Nice color and detail. Backed with paper.,1,2024-02-19 15:32:52,4.6198
901878,Twilight Snow at Hira,Hiroshige (1797 - 1858),"Series; Eight Views of Omi Province, 1891 Memorial Edition",Nice color and detail. Backed with paper. Small repair.,1,2024-02-19 15:32:52,4.6198
900922,Zato Quarreling,Tsukimaro (active circa 1800s - 1820s),,Good detail. A few small repairs.,1,2024-02-19 15:32:52,5.3374
908892,Heron in a Willow Tree,Tsukimaro (active circa 1800s - 1820s),,Good detail. A few small repairs.,1,2024-02-19 15:32:52,5.3374
902416,Tiger,Tsukimaro (active circa 1800s - 1820s),,Good detail. A few small repairs.,1,2024-02-19 15:32:52,5.3374
904493,Beauty with an Umbrella Kakemono,Eisen (1790 - 1848),,"Good detail. A few small repairs, a couple horizontal creases.",1,2024-02-19 15:32:52,5.4133
900941,Beauty with Poem Slip Kakemono,Kuniyoshi (1797 - 1861),,Good detail. Backed with paper. Vertical fold between panels.,1,2024-02-19 15:32:52,5.3703
908574,Beauty Carrying a Package Kakemono,Eizan (1787 - 1867),,Good detail. A few small repairs.,1,2024-02-19 15:32:52,5.4046
911742,Returning Sails at Yabase,Hiroshige (1797 - 1858),"Series; Eight Views of Omi Province, 1891 Memorial Edition",Nice color and detail. Backed with paper.,1,2024-02-19 15:32:52,4.6198
901565,"Viewing Maple Leaves, 1895",Chikanobu (1838 - 1912),Series; Chiyoda Inner Palace (Chiyoda no Ooku),Nice color and good detail. Backed with paper. A few small spots on background.,1,2024-02-19 15:32:52,5.3508
901463,"Bamba: Bando Mitsugoro III as a Shirabyoshi Dancer, 1852",Toyokuni III/Kunisada (1786 - 1864),"Series; The Sixty-nine Stations of the Kisokaido, 1852","Nice detail. Vertical fold near center. Small repair, slight curling.",1,2024-02-19 15:32:53,4.9902
900744,"Nakamura Fukusuke I as Taira Taro Yoshikado, 1859",Toyokuni III/Kunisada (1786 - 1864),Series; The Mirror of Today's Pictures,"Nice color and detail. Small tear and slight thinning at edges, repaired. Light diagonal crease near bottom.",1,2024-02-19 15:32:53,4.9902
912690,"Tea Ceremony, 1895",Chikanobu (1838 - 1912),Series; Chiyoda Inner Palace (Chiyoda no Ooku),Nice color and good detail. Backed with paper.,1,2024-02-19 15:32:53,5.3508
911643,"Omiya: Bando Mitsugoro III as Hatakeyama Shigetada, 1852",Toyokuni III/Kunisada (1786 - 1864),"Series; The Sixty-nine Stations of the Kisokaido, 1852",Nice detail. Vertical fold near center. Slight curling.,1,2024-02-19 15:32:53,4.9902
906471,"Ageo, Mt. Raiden: Onoe Baiju as Kan Shojo, 1852",Toyokuni III/Kunisada (1786 - 1864),"Series; The Sixty-nine Stations of the Kisokaido, 1852","Nice detail. A few small repairs, slight rubbing at top and curling.",1,2024-02-19 15:32:53,4.9902
915634,"Midono: Nakamura Utaemon IV as a Beauty, 1852",Toyokuni III/Kunisada (1786 - 1864),"Series; The Sixty-nine Stations of the Kisokaido, 1852",Nice detail. Vertical fold at side. Slight curling.,1,2024-02-19 15:32:53,4.9902
914106,"Hato Pass at Wada Station: Bando Shuka I as Maizuru, 1852",Toyokuni III/Kunisada (1786 - 1864),"Series; The Sixty-nine Stations of the Kisokaido, 1852",Nice detail. Vertical fold near center. Slight curling.,1,2024-02-19 15:32:53,4.9902
900388,"Nakamura Tsuruzo I as Kajiwara Heizo Kagetoki, 1860",Toyokuni III/Kunisada (1786 - 1864),Series; The Mirror of Today's Pictures,"Nice color and detail. Small loss and slight thinning at edges, a couple wormholes, repaired.",1,2024-02-19 15:32:53,4.9902
912629,"Seki Sanjuro III as Odera Shobei, 1859",Toyokuni III/Kunisada (1786 - 1864),,Good detail. A couple small repairs and creases at edges.,1,2024-02-19 15:32:54,4.9902
910925,"Nitta Yoshisada Throwing His Sword into the Sea, 1844",Kuniyoshi (1797 - 1861),,"Nice detail. A few large losses, wormholes, repaired. Slight rubbing at edges",1,2024-02-19 15:32:54,5.3703
900660,"In the Ten'an Era, During the Attack on Balhae, Sato Shukeiryo Masakiyo Looks Back from the Shore at Mount Fuji, 1860",Yoshitora (active circa 1836 - 1887),,"Good color and detail. A few small losses and slight thinning at edges, repaired. Light rippling throughout.",1,2024-02-19 15:32:54,4.8103
902329,"Kataoka Nizaemon VIII as Ume no Yoshibei, 1859",Toyokuni III/Kunisada (1786 - 1864),Series; The Mirror of Today's Pictures,"Nice color and detail. A few wormholes, repaired.",1,2024-02-19 15:32:54,4.9902
911444,"Seki Hanasuke IV as Tanizawa Kazumanosuke, 1860",Toyokuni III/Kunisada (1786 - 1864),Series; The Mirror of Today's Pictures,"Nice color and detail. Small loss at edge, a few wormholes, repaired.",1,2024-02-19 15:32:54,4.9902
905482,"Sawamura Tanosuke III as Shinzo Nakoso, 1859",Toyokuni III/Kunisada (1786 - 1864),Series; The Mirror of Today's Pictures,"Nice color and detail. A few wormholes, repaired.",1,2024-02-19 15:32:54,4.9902
909348,Reading a Letter by Moonlight,Kunisada II (1823 - 1880),,Nice detail. Backed with paper. Light crease near top.,1,2024-02-19 15:32:54,5.0398
906887,"Nakamura Fukusuke I as Omiwa, Daughter of Sugi the Sake Seller, 1859",Toyokuni III/Kunisada (1786 - 1864),Series; The Mirror of Today's Pictures,Nice color and detail. Small repair.,1,2024-02-19 15:32:54,4.9902
904853,"Onoe Baiko 4.5 (later Jitsukawa Enjaku I) as Minamoto Yorimitsu Ason, 1859",Toyokuni III/Kunisada (1786 - 1864),Series; The Mirror of Today's Pictures,Good color and detail. A few small repairs at edge.,1,2024-02-19 15:32:54,4.9902
908673,"Drastic Price Reduction Moved to Clearance, Act Fast!",Yoshitora (active circa 1840 - 1880),,This print with nice color and detail as shown. Rubbing and staining throughout. Losses along edges. Backed with thin paper. Please see photos for details.,1,2024-02-19 15:32:55,5.3681
904303,"Drastic Price Reduction Moved to Clearance, Act Fast!",Hiroshige (1797 - 1858),,This print with nice color and detail as shown. Brown spotting throughout. Please see photos for details.,0,2024-02-19 15:32:55,4.6198
915775,"The Great Achievements of Each of the Loyal Retainers, 1847 - 1852",Yoshitora (active circa 1836 - 1887),,"Good detail. Tear and loss, thinning, holes, repaired. A few wrinkles at edges.",1,2024-02-19 15:32:55,4.8103
905287,"The 47 Ronin, Act 1: Tsurugaoka Hachiman Shrine, 1849",Toyokuni III/Kunisada (1786 - 1864),,"Nice detail. Stitching holes at one side of each panel, repaired.",1,2024-02-19 15:32:55,4.9902
911510,"Scene from Shinbutai Iwao no Kusunoki, 1874",Yoshitora (active circa 1836 - 1887),,Nice color and detail. A couple small repairs.,1,2024-02-19 15:32:55,4.8103
912306,"Scene from Kagami no Ura Hiyoku no Hanatori, 1855",Toyokuni III/Kunisada (1786 - 1864),,Nice detail. No repairs or damage.,1,2024-02-19 15:32:55,4.9902
908091,"Famous Places in Tokyo: Gofuku Bridge, 1868",Hiroshige III (1843 - 1894),,This print with nice color and detail as shown. Wrinkling throughout. Please see photos for details.,1,2024-02-19 15:32:55,4.5843
909819,"Graveyard of Sengakuji, 1945",Azechi Umetaro (1902 - 1999),Series; Scenes of Last Tokyo,This print with excellent color and detail as shown. Slight paper remnants on reverse at top corners from previous mounting. Slight toning. Please see photos for details. Nice overall.,1,2024-02-19 15:32:55,5.212
902440,Catch from the Sea,Goro Kumagai (born 1932),,"This print with excellent color and detail as shown. Mounted along top edge to blank card, could be removed. Please see photos for details. Nice overall.",1,2024-02-19 15:32:55,4.4177
900390,Irises,Nisaburo Ito (1910 - 1988),,Excellent overall with no issues to report.,1,2024-02-19 15:32:55,4.9667
902256,The Rokugo Ferry at Kawasaki,Hiroshige (1797 - 1858),Series;  Fifty-three Stations of the Tokaido,Excellent overall with no issues to report.,0,2024-02-19 15:32:55,4.6198
903773,"Drastic Price Reduction Moved to Clearance, Act Fast!",Toshikata (1866 - 1908),,This print with nice detail as shown. A few creases. Thin paper. Text on reverse. Please see photos for details.,1,2024-02-19 15:32:55,4.6882
915458,"Drastic Price Reduction Moved to Clearance, Act Fast!",Edo era artist (unsigned),,"Good detail. Vertical folds, staining.",0,2024-02-19 15:32:55,4.1951
905660,Spring Pond,Gyoshu Hayami (1894 - 1935),A Fuji Arts Special Offer Auction,Excellent color and detail. No issues to report.,1,2024-02-20 15:36:35,4.9267
904446,Udo Shrine,Tokuriki (1902 - 1999),"Series; Scenes of Sacred Places and Historic Landmarks, First EditionA Fuji Arts Special Offer Auction",This print with excellent color and detail as shown. Please see photos for details. Excellent condition overall.,1,2024-02-20 15:36:36,4.8756
914339,Bamboo (Right),Kawarazaki Shodo (1889 - 1973),Series; Floral Calendar of JapanA Fuji Arts Special Offer Auction,Excellent overall with no issues to report.,1,2024-02-20 15:36:36,4.7772
902776,Snow at Kiyomizu Temple,Tokuriki Tomikichiro (1902 - 1999),A Fuji Arts Special Offer Auction,Excellent color and detail. No issues to report.,1,2024-02-20 15:36:36,4.9143
905523,April,Toshi Yoshida (1911 - 1995),Series; The Flowers and Birds of the Oriental YearA Fuji Arts Special Offer Auction,Excellent color and detail. No issues to report.,1,2024-02-20 15:36:36,5.6802
901289,October,Toshi Yoshida (1911 - 1995),Series; The Flowers and Birds of the Oriental YearA Fuji Arts Special Offer Auction,Excellent color and detail. No issues to report.,1,2024-02-20 15:36:36,5.6802
915503,Sunset Glow,Shinichi Takahashi (born 1959),A Fuji Arts Special Offer Auction,Excellent color and detail. Tape remnants on reverse at top corners from previous mounting. A few creases at edges and small spots.,1,2024-02-20 15:36:36,4.9143
904185,Spring Vase,Iwata Masami (1893 - 1988),A Fuji Arts Special Offer Auction,Excellent color and detail. No issues to report.,1,2024-02-20 15:36:36,4.8442
913319,First Easterly Wind,Kiyokata Kaburagi (1878 - 1972),A Fuji Arts Special Offer Auction,Excellent color and detail. No issues to report.,1,2024-02-20 15:36:36,5.2124
904585,Young Leaves,Uemura Shoen (1875 - 1949),A Fuji Arts Special Offer Auction,Excellent color and detail. No issues to report.,1,2024-02-20 15:36:36,4.8123
916021,"Ikaruga no Sato (Horyu-ji Temple), 1981",Masao Ido (1945 - 2016),A Fuji Arts Special Offer Auction,"Nice color and detail as shown. A few spots, light crease along edge.",1,2024-02-20 15:36:36,5.1949
902475,"Honen-in Temple, 1989",Masao Ido (1945 - 2016),A Fuji Arts Special Offer Auction,Nice color and detail as shown.,1,2024-02-20 15:36:36,5.1949
913239,"Ikaruga no Sato, 1981",Masao Ido (1945 - 2016),A Fuji Arts Special Offer Auction,"Nice color and detail as shown. Light spotting, light crease along edge.",1,2024-02-20 15:36:36,5.1949
912790,Maiko,Hashimoto Meiji (1904 - 1991),A Fuji Arts Special Offer Auction,"Excellent color and detail. A few small spots in margins, wrinkle at edge.",1,2024-02-20 15:36:36,4.9143
904437,Shishenden in Kyoto Imperial Palace,Masao Ido (1945 - 2016),Series; One Hundred Famous Views of Kyoto: The Imperial PalaceA Fuji Arts Special Offer Auction,Excellent color and detail. Some prints have very slight rubbing at top corners from original publisher mounting. Excellent condition overall.,1,2024-02-20 15:36:36,5.1949
911202,September,Toshi Yoshida (1911 - 1995),Series; The Flowers and Birds of the Oriental YearA Fuji Arts Special Offer Auction,Excellent color and detail. No issues to report.,1,2024-02-20 15:36:36,5.6802
902594,Ichikawa Ichijuro as Nikki Danjo,Yoshitaki (1841 - 1899),Series; List of Famous Kabuki Actors (Haiyu Jinmei Roku)A Fuji Arts Special Offer Auction,This print with nice color and good detail as shown. A couple light creases at edges and small repairs. Please see photos for details.,1,2024-02-20 15:36:37,4.4202
912820,The Great Fire at Ryogoku Drawn from Hamacho,Kiyochika (1847 - 1915),A Fuji Arts Special Offer Auction,"This print with nice color and detail as shown. Remargined at left edge. Creasing at edges, a few spots. Please see photos for details.",1,2024-02-20 15:36:37,5.1663
905911,Ichikawa Monnosuke II as Date-no Yosaku,Sharaku (active 1794 - 1795),A Fuji Arts Special Offer Auction,This print with excellent color and detail as shown. Please see photos for details. Nice overall.,0,2024-02-20 15:36:37,4.0523
914820,Tanimura Torazo as Washizuka Yaheiji,Sharaku (active 1794 - 1795),A Fuji Arts Special Offer Auction,This print with excellent color and detail as shown. Please see photos for details.,0,2024-02-20 15:36:37,4.0523
912365,Bando Hikosaburo III as Sagisaka Sanai,Sharaku (active 1794 - 1795),A Fuji Arts Special Offer Auction,Excellent overall with no issues to report.,0,2024-02-20 15:36:37,4.0523
906142,Otani Tokuji as Sodesuke,Sharaku (active 1794 - 1795),A Fuji Arts Special Offer Auction,This print with excellent color and detail as shown. Please see photos for details. Generally in nice condition overall.,0,2024-02-20 15:36:37,4.0523
903082,Nakamura Konozo and Nakajima Wadaemon,Sharaku (active 1794 - 1795) ,A Fuji Arts Special Offer Auction,This print with excellent color and detail as shown. Please see photos for details. Nice overall.,0,2024-02-20 15:36:37,4.9143
912929,"Tsukuda Island in Musashi Province, Edo",Hokusai (1760 - 1849),Series; Thirty-six Views of FujiA Fuji Arts Special Offer Auction,This print with excellent color and detail as shown. Please see photos for details. Nice overall.,0,2024-02-20 15:36:37,3.9827
902132,Hodogaya on the Tokaido Road,Hokusai (1760 - 1849),Series; Thirty-six Views of FujiA Fuji Arts Special Offer Auction,The print with excellent color and detail. Please see photos for details.,0,2024-02-20 15:36:37,3.9827
900958,The Nihon Bridge in Edo,Hokusai (1760 - 1849),Series; Thirty-six Views of FujiA Fuji Arts Special Offer Auction,Excellent overall with no issues to report.,0,2024-02-20 15:36:37,3.9827
909965,Catching Fireflies,Choki (active circa 1785 - 1805),A Fuji Arts Special Offer Auction,This print with excellent color and detail as shown. Please see photos for details. Nice overall.,0,2024-02-20 15:36:37,4.5114
908968,Shimonoseki in Nagato Province ,Hiroshige (1797 - 1858) ,Series; Harbors of JapanA Fuji Arts Special Offer Auction,Excellent overall with no issues to report.,0,2024-02-20 15:36:37,4.8669
905007,"Kawachi Province, Mount Otoko in Hirakata",Hiroshige (1797 - 1858),Series; Famous Views of the Sixty-odd ProvincesA Fuji Arts Special Offer Auction,Excellent overall with no issues to report.,0,2024-02-20 15:36:37,4.6198
900662,Beauty Smoking,Utamaro (1750 - 1806),Series; Ten Classes of Women's PhysiognomyA Fuji Arts Special Offer Auction,With excellent color and detail. Some wrinkling. Please see photos for details. Very nice overall.,0,2024-02-20 15:36:37,4.0166
910478,"Godaido Shrine, Matsushima",Tsuchiya Koitsu (1870 - 1949),,Nice color and detail. A few creases at edges and small spots.,1,2024-02-20 15:36:38,5.7472
903695,The Torii Gate at Miyajima in Snow,Tsuchiya Koitsu (1870 - 1949),,Nice color and detail. No issues to report.,1,2024-02-20 15:36:38,5.7472
910004,Giant Lantern at Asakusa Kannon Shrine,Tsuchiya Koitsu (1870 - 1949),,Nice color and detail. Small repair at edge.,1,2024-02-20 15:36:38,5.7472
908798,Suma Beach in Winter,Shin-hanga & Modern artist (unsigned),,Nice color and detail. No issues to report.,1,2024-02-20 15:36:38,4.1396
900186,Kiyomizu Temple in Winter,Shin-hanga & Modern artist (unsigned),,Nice color and detail. No issues to report.,1,2024-02-20 15:36:38,4.1396
913635,Teahouse - Yotsuya Arakicho,Tsuchiya Koitsu (1870 - 1949),,Nice color and detail. No issues to report.,1,2024-02-20 15:36:38,5.7472
906547,Winter Landscape,Shin-hanga & Modern artist (not read),,Nice color and detail. No issues to report.,1,2024-02-20 15:36:38,4.0626
907754,"Autumn Beauty Kuchi-e Print, 1897",Takeuchi Keishu (1847 - 1915),A Fuji Arts Special Offer Auction,This print with nice color and detail as shown. Vertical folds. A few creases and spots. Please see photos for details.,1,2024-02-20 15:36:38,4.855
900090,Mt. Fuji from the Beach,Hashimoto,,Nice color and detail. No issues to report.,1,2024-02-20 15:36:38,4.9143
911298,Kataoka Nizaemon VIII as Inuyama Dosetsu,Toyokuni III/Kunisada (1786 - 1864),"Series; Great Swords of Kabuki Collected, 1862A Fuji Arts Special Offer Auction","This print with nice detail as shown. Crease on face, a couple small marks. Please see photos for details.",1,2024-02-20 15:36:38,4.9902
905992,"Sawamura Sojuro III as Mitsuuji's Father on the Palace Verandah, 1852",Toyokuni III/Kunisada (1786 - 1864),A Fuji Arts Special Offer Auction,"This print with excellent color and detail as shown. Three separate panels. A few small repairs and creases, a couple stains. Please see photos for details.",1,2024-02-20 15:36:38,4.9902
903642,"Marici Bodhisattva Kuchi-e Print, 1911",Takeuchi Keishu (1847 - 1915),A Fuji Arts Special Offer Auction,This print with nice color and detail as shown. Horizontal folds. A few creases. Please see photos for details.,1,2024-02-20 15:36:38,4.855
905504,Lake Chuzenji,Kiyochika (1847 - 1915),Series; Views of Famous Sights of JapanA Fuji Arts Special Offer Auction,This print with excellent detail as shown. Backed with paper. Mounted on reverse at top corners to backing sheet. Please see photos for details.,1,2024-02-20 15:36:38,5.1663
905579,"Chronicle of Pursuing the Rebellious Samurai of Kagoshima, 1877",Chikanobu (1838 - 1912),A Fuji Arts Special Offer Auction,"This print with nice color and detail as shown. Three separate panels. Paper remnants on reverse at edges from previous mounting. Small repair, a few creases. Please see photos for details.",1,2024-02-20 15:36:38,5.3508
908401,"Scene from Keisei Soga Kurawa Kagami, 1867",Kunichika (1835 - 1900),A Fuji Arts Special Offer Auction,"This print with nice color and detail as shown. Three separate panels. A few small repairs and spots, creasing throughout. Please see photos for details.",1,2024-02-20 15:36:38,4.9712
907330,Distant View of Eitai Bridge at Mitsumata,Kiyochika (1847 - 1915),A Fuji Arts Special Offer Auction,"This print with nice color and detail as shown. Light toning, a few small repairs and creases. Please see photos for details.",1,2024-02-20 15:36:38,5.1663
907734,Mt. Fuji in Winter,Hashimoto,,Nice color and detail. No issues to report.,1,2024-02-20 15:36:38,4.9143
908025,Yaoya Oshichi at Her Father's Store,Toyokuni III/Kunisada (1786 - 1864),A Fuji Arts Special Offer Auction,"This print with good detail as shown. Three separate panels. A few small repairs, slight rubbing. Please see photos for details.",1,2024-02-20 15:36:38,4.9902
902136,Beauty on an Embankment,Toyokuni III/Kunisada (1786 - 1864),Series; Portraits of Elegant Styles (Furyu choshi fue)A Fuji Arts Special Offer Auction,"This print with good detail as shown. Horizontal centerfold. A couple small repairs, a few creases. Please see photos for details.",1,2024-02-20 15:36:38,4.9902
903396,"Scene from Itsukushima Yuki, 1811",Toyokuni I (1769 - 1825),A Fuji Arts Special Offer Auction,"This print with good detail as shown. Three separate panels. Vertical fold at side of each panel. Wormholes, repaired. Slight creasing, slight rubbing at edges, a couple stains. Please see photos for details.",1,2024-02-20 15:36:38,4.7311
902247,"Advertisement for Senjoko Face Powder: Bando Mitsugoro IV, 1833",Toyokuni III/Kunisada (1786 - 1864),A Fuji Arts Special Offer Auction,"This print with good detail as shown. Loss at edge, wormhole, repaired. A few creases. Please see photos for details.",1,2024-02-20 15:36:38,4.9902
905631,"Iwai Kumesaburo III as the Geisha Chokichi, 1859",Toyokuni III/Kunisada (1786 - 1864),Series; The Mirror of Today's PicturesA Fuji Arts Special Offer Auction,"This print with nice detail as shown. Backed with paper. A few small holes, repaired. Please see photos for details.",1,2024-02-20 15:36:38,4.9902
907255,Mt. Fuji in Spring,Hashimoto,,Nice color and detail. No issues to report.,1,2024-02-20 15:36:38,4.9143
904665,Avoiding the Heat,Shin-hanga & Modern artist (unsigned),,Good color and detail. A few small marks.,1,2024-02-20 15:36:39,4.1396
910176,A Clearance Opportunity! Meiji or Edo era Original,Ikkei (active circa 1870s),,This print with nice color and detail as shown. Staining at bottom edge. Holes at top edge. Please see photos for details.,1,2024-02-20 15:36:39,4.678
906736,Fish and Seaweed,Shin-hanga & Modern artist (unsigned),,Nice color and detail. A few small spots.,1,2024-02-20 15:36:39,4.1396
902207,Owl and Crescent Moon,Shin-hanga & Modern artist (unsigned),,Excellent color and detail. No issues to report.,1,2024-02-20 15:36:39,4.1396
913066,A Clearance Opportunity! Meiji or Edo era Original,Meiji era artist (not read),,This print with nice color and detail as shown. Crease at center. Rubbing and staining throughout. Holes along edges. Please see photos for details.,1,2024-02-20 15:36:39,4.2802
913120,"Okaru and Hayano Kampei, 1874",Chikashige (active circa 1869 - 1882),,"Nice color and detail. Backed with paper. A couple creases on beauty's face, light rippling, light vertical line where backing papers meet.",1,2024-02-20 15:36:40,4.6691
910471,"Ichikawa Kodanji IV as the Evil Futoshi, 1856",Toyokuni III/Kunisada (1786 - 1864),,Nice detail. Vertical fold at side.,1,2024-02-20 15:36:40,4.9902
904648,"Sawamura Tossho II as Kinokuni Bunza in the Book Ogonsui Daijin Sakazuki, 1866",Yoshiiku (1833 - 1904),Series; Contest of Popular Modern Books,"Good detail. Small repair, a few light creases.",1,2024-02-20 15:36:40,5.0906
908837,"Snow-viewing Party, 1853",Toyokuni III/Kunisada (1786 - 1864),,Good detail. Light wrinkling throughout.,1,2024-02-20 15:36:40,4.9902
900653,"Sawamura Tossho as Oboshi Yuranosuke and Sawamura Hyakunosuke as Oboshi Rikiya, 1874",Chikashige (active circa 1869 - 1882),,"Nice color and detail. Backed with paper. Tear at edge, repaired. Light rippling, light vertical line where backing papers meet.",1,2024-02-20 15:36:40,4.6691
910822,"Beauty and Bando Hikosaburo as a Commoner, 1876",Kunichika (1835 - 1900),Series; A Great Competition of Plays,"Nice color and detail. Backed with paper. Small repair, light rippling, a few creases.",1,2024-02-20 15:36:40,4.9712
900327,"Ichikawa Sadanji as Bansuke Attacking a Beauty, 1876",Kunichika (1835 - 1900),Series; A Great Competition of Plays,"Nice color and detail. Backed with paper. Light rippling, light vertical line where backing papers meet.",1,2024-02-20 15:36:40,4.9712
901895,"Scene from Zenaku ryowa myomyo guruma, 1876",Kunichika (1835 - 1900),Series; A Great Competition of Plays,"Nice color and detail. Backed with paper. Light rippling, light vertical line where backing papers meet, vertical crease on face.",1,2024-02-20 15:36:40,4.9712
910256,A Clearance Opportunity! Meiji or Edo era Original,Kyosai (1831 - 1889),,This print with nice color and detail as shown. Rubbing and staining throughout. Please see photos for details.,1,2024-02-20 15:36:40,5.0329
907430,A Clearance Opportunity! Meiji or Edo era Original,Kunichika (1835 - 1900),,This print with nice color and detail as shown. Light staining. Please see photos for details.,1,2024-02-20 15:36:40,4.9712
905672,A Clearance Opportunity! Meiji or Edo era Original,Yoshitora (active circa 1840 - 1880),,This print with nice color and detail as shown. Rubbing and staining throughout. Losses along edges. Please see photos for details.,1,2024-02-20 15:36:40,5.3681
912928,"Sawamura Tossho as Oboshi Yuranosuke, 1874",Chikashige (active circa 1869 - 1882),,"Nice color and detail. Backed with paper. Small repair, light rippling, a few vertical creases.",1,2024-02-20 15:36:40,4.6691
904557,A Clearance Opportunity! Meiji or Edo era Original,Yoshitora (active circa 1840 - 1880),,This print with nice color and detail as shown. Rubbing and staining throughout. Small holes along edges. Loss at bottom corner. Hole near center. Please see photos for details.,1,2024-02-20 15:36:40,5.3681
901785,A Clearance Opportunity! Meiji or Edo era Original,Yoshitora (active circa 1840 - 1880),,This print with nice detail as shown. Rubbing and staining throughout. Please see photos for details.,1,2024-02-20 15:36:40,5.3681
909245,"Ichikawa Sadanji in the role of Tennichibo, 1874",Kiyochika (1847 - 1915),Series; Short Kodan Stories (Kodan isseki yomikiri),"Nice color and detail. Backed with paper. Light rippling, vertical crease at side.",1,2024-02-20 15:36:40,5.1663
908148,A Clearance Opportunity! Meiji or Edo era Original,Yoshitora (active circa 1840 - 1880),,"This print with nice detail as shown. Holes, staining, and light wrinkling throughout. Please see photos for details.",1,2024-02-20 15:36:40,5.3681
901652,"Festival Dancers, 1861",Kunisada II (1823 - 1880),,Nice detail. A few small repairs and creases.,1,2024-02-20 15:36:41,5.0398
905399,"Scene from Jiraiya goketsu monogatari, 1852",Toyokuni III/Kunisada (1786 - 1864),,Good detail. A few small repairs and creases.,1,2024-02-20 15:36:41,4.9902
900225,"Beauty and Commoners outside an Entrance Gate, 1865",Kuniteru II (1829 - 1874),,Good detail. A few creases.,1,2024-02-20 15:36:41,4.9899
901691,"Nakamura Shikan V, 1868",Kunichika (1835 - 1900),,Good detail. Backed with paper.,1,2024-02-20 15:36:41,4.9712
913705,"The Third National Industrial Exposition, 1890",Nobukazu (1874 - 1944),,Nice color and detail. A few repairs.,1,2024-02-20 15:36:42,5.3052
908415,"The Russian Crown Prince Arriving in Kyoto, 1891",Shogetsu (active circa 1870 - 1900),,"Nice color and detail. A few small repairs, creasing throughout.",1,2024-02-20 15:36:42,4.9371
907435,"The New Ryogoku Bridge, 1875",Hiroshige III (1843 - 1894) ,Series; Famous Places in Tokyo,"Good color and detail. A few small repairs and creases, vertical fold in left panel.",1,2024-02-20 15:36:42,5.0199
914183,"View of the Imperial Visit of Mikado Ingyo to Princess Sotoshi, 1901",Toshinobu (1857 - 1886),,Nice color and detail. A few small repairs.,1,2024-02-20 15:36:42,5.1548
905132,"Shizuka Gozen at Tsurugaoka in Kamakura, 1911",Toshikata (1866 - 1908),,Excellent color and detail. Vertical fold at side of one panel.,1,2024-02-20 15:36:42,4.6882
910730,Water: Kawarazaki Gonjuro I as Ushiwaka Denji,Toyokuni III/Kunisada (1786 - 1864),"Series; The Relations of the Five Elements Represented in Hit Plays, 1858",Good detail. Horizontal centerfold. A few small repairs and creases.,1,2024-02-20 15:36:42,4.9902
911118,"Moon, 1847 - 1852",Toyokuni III/Kunisada (1786 - 1864),"Series; Snow, Moon, and Flowers","Good detail. Horizontal centerfold. A couple small repairs, a few creases.",1,2024-02-20 15:36:43,4.9902
904922,"Maboroshi, Chapter 41, 1851 - 1853",Toyokuni III/Kunisada (1786 - 1864),"Series; Faithful Depictions of the Figure of the Shining Prince, 1851 - 1853",Good color and detail. Light vertical centerfold.,1,2024-02-20 15:36:43,4.9902
915803,"Miyuki, Chapter 29, 1851 - 1853",Toyokuni III/Kunisada (1786 - 1864),"Series; Faithful Depictions of the Figure of the Shining Prince, 1851 - 1853",Good detail. Small repair.,1,2024-02-20 15:36:43,4.9902
901308,Earth: Nakamura Fukusuke I as Yaegushi no Saiza,Toyokuni III/Kunisada (1786 - 1864),"Series; The Relations of the Five Elements Represented in Hit Plays, 1858",Good detail. Horizontal centerfold. A few small repairs and creases.,1,2024-02-20 15:36:43,4.9902
910826,Fire: Ichikawa Kodanji IV as Nezumi Kozo,Toyokuni III/Kunisada (1786 - 1864),"Series; The Relations of the Five Elements Represented in Hit Plays, 1858",Good detail. Horizontal centerfold. A few repairs and creases.,1,2024-02-20 15:36:43,4.9902
901276,"Musashibo Benkei, 1852",Toyokuni I (1769 - 1825),,Nice detail. Backed with paper. A few repairs.,1,2024-02-20 15:36:43,4.7311
903620,Onoe Kikugoro as Nikki Danjo,Toyokuni I (1769 - 1825),,Good detail. Backed with paper. Horizontal centerfold.,1,2024-02-20 15:36:43,4.7311
905003,"Hashihime, Chapter 45, 1851 - 1853",Toyokuni III/Kunisada (1786 - 1864),"Series; Faithful Depictions of the Figure of the Shining Prince, 1851 - 1853",Good detail. Small repair.,1,2024-02-20 15:36:43,4.9902
912405,"Beauty beside a Palanquin, 1847 - 1852",Hiroshige II (1826 - 1869),Series; Eight Views of Famous Places in Edo,"Good detail. A few small repairs and horizontal creases, fold near top edge.",1,2024-02-20 15:36:43,4.6123
909868,"Plum Blossoms, 1852",Toyokuni III/Kunisada (1786 - 1864),,"Good detail. Horizontal centerfold. A few repairs, slight creasing at edges.",1,2024-02-20 15:36:43,4.9902
900283,Aizuri-e Tanzaku Prints ,Shin-hanga & Modern artist (not read),,Nice color and detail.,1,2024-02-20 15:36:44,4.0626
903859,"Dutch Woman and Child, 1860",Sadahide (1807 - 1873),,Nice detail. Vertical folds. A few small repairs.,1,2024-02-20 15:36:44,5.1905
912143,Tanzaku Prints with Birds,Shin-hanga & Modern artist (not read),,Nice color and detail. Faint stain at edge.,1,2024-02-20 15:36:44,4.0626
903700,"Americans, 1861",Yoshitora (active circa 1840 - 1880),Series; People from Foreign Lands,Good color and detail. A few small repairs and horizontal creases.,1,2024-02-20 15:36:44,5.3681
902299,"Russian Horseman, 1860",Yoshitomi (active circa 1848 - 1880),,Good detail. A few small repairs and creases.,1,2024-02-20 15:36:44,5.0769
913625,French Family,Yoshikazu (active circa 1850 - 1870),,"Good color and detail. A few small repairs, a couple creases at edges.",1,2024-02-20 15:36:44,5.6311
903035,"Dutch Men, 1861",Yoshikazu (active circa 1850 - 1870),,"Good detail. A few repairs and creases, light fold at side.",1,2024-02-20 15:36:44,5.6311
905928,"Flowers, 1980",Yamaguchi Kayo (1899 - 1984),,"Excellent color and detail. Light toning, a few creases at edges and faint spots in margins.",1,2024-02-20 15:36:44,5.4629
914751,"Dutch Couple, 1860",Yoshitora (active circa 1840 - 1880),Series; Pictures of All Nations,"Good detail. Backed with paper. Horizontal centerfold. Small wormholes, repaired. Light creasing throughout.",1,2024-02-20 15:36:44,5.3681
903477,Crossing a Bridge by Moonlight Tanzaku Print,Shin-hanga & Modern artist (unsigned),,This print with excellent color and detail as shown. Please see photos for details. Nice overall.,1,2024-02-20 15:36:44,4.1396
912878,"The Ghost of Wicked Genta Yoshihira Attacking Namba Jiro at Nunobiki Waterfall, No. 19",Yoshitoshi (1839 - 1892) ,Series; New Forms of Thirty-six Ghosts,A beautiful clean print with excellent detail and nice color.,1,2024-02-20 15:36:44,6.095
909636,Prince Genji and Beauties in a Garden,Kunisada II (1823 - 1880),,"Good detail. A few small repairs, creasing throughout.",1,2024-02-20 15:36:44,5.0398
915571,"Prince Genji on a Summer Evening, 1862",Toyokuni III/Kunisada (1786 - 1864),,Nice detail. A few creases at edges and small repairs.,1,2024-02-20 15:36:44,4.9902
903544,"New Year Felicitations at the Palace, 1847 - 1852",Toyokuni III/Kunisada (1786 - 1864),,"Nice detail. Small loss at edge, a few holes, repaired. Folds at corner, light wrinkling at edges of two panels.",1,2024-02-20 15:36:44,4.9902
904609,"The First Month (Mutsuki), 1847 - 1852",Toyokuni III/Kunisada (1786 - 1864),Series; Annual Events for Young Murasaki,"Nice detail. A few small wormholes, repaired. A couple wrinkles.",1,2024-02-20 15:36:44,4.9902
900459,Boy and Ox near Mt. Fuji,Gekko (1859 - 1920),,This print with excellent color and detail as shown. Please see photos for details.,1,2024-02-20 15:36:44,4.7082
910224,Cotton Roses in Rain,After Nagamachi Chikuseki (1757 - 1806),,Excellent color and detail. Wrinkling at left edge.,1,2024-02-20 15:36:44,4.601
907868,"The Sumida Embankment in the Eastern Capital, 1858",Hiroshige (1797 - 1858) ,Series; Thirty-Six Views of Mt. Fuji,Good color and detail. Backed with paper.,1,2024-02-20 15:36:44,4.8669
909682,Poinsettia,Funasaki Kojiro (1900 - 1988),,Excellent color and detail. A few creases at edges.,1,2024-02-20 15:36:45,4.9169
911061,Camellia,Bakufu Ohno (1888 - 1976),,Excellent detail and nice color. A couple light creases at edges.Excellent detail and nice color. A couple light creases at edges.,1,2024-02-20 15:36:45,5.1737
912197,"Silver Tabby, 1990",Togyu Okumura (1889 - 1990),,"Excellent color and detail. A few small spots on background and in margins, small notch at bottom right edge for aligning blocks.",1,2024-02-20 15:36:45,5.5763
905517,Kitten,Hasegawa Seicho (1916 - 2004) ,,Excellent color and detail. A few light creases.,1,2024-02-20 15:36:45,5.468
915320,"Osumashi, 1983",Matsunaga Yasuo,,"Excellent color and detail. Folds across lower right corner, light creasing at edges.",1,2024-02-20 15:36:45,5.3366
910290,The Toshogu Shrine at the Toeizan Temple,Hiroshige III (1843 - 1894),Series; Famous Views of Modern Tokyo,"Nice color and good detail. Backed with paper. Slight thinning at edge, repaired. Vertical fold near side, a few wrinkles at edges.",1,2024-02-20 15:36:45,4.5843
912368,February: Plum Garden,Hiroshige III (1843 - 1894),Series; Famous Places in Tokyo,"Nice color and good detail. Backed with paper. Vertical centerfold. Tear and small losses at edges, repaired.",1,2024-02-20 15:36:45,4.5843
915802,Western Orchid,Bakufu Ohno (1888 - 1976),,Excellent detail and good color. A couple light creases at edges.,1,2024-02-20 15:36:45,5.1737
907299,"The Hour of the Monkey, 1861",Kuniaki II (1835 - 1888),Series; A Yoshiwara Clock,"This print with good detail as shown. Diagonal folds, creasing, a few marks. Please see photos for details.",1,2024-02-20 15:36:45,5.1666
904838,February: Fushimi Doll Shop,Tokuriki (1902 - 1999),Series; Twelve Months of Kyoto,Excellent color and detail.,1,2024-02-20 15:36:45,4.8756
903651,May: Kamo Aoi Festival,Tokuriki (1902 - 1999),Series; Twelve Months of Kyoto,Excellent color and detail.,1,2024-02-20 15:36:45,4.8756
909162,"Kiyomizu Temple, 1970",Tokuriki (1902 - 1999),,Excellent color and detail. A few creases at edges.,1,2024-02-20 15:36:45,4.8756
901635,Chrysanthemums and Grasshopper,Jo (Hashimoto Yuzuru) (active 1920s - 1930s),,Excellent color and detail. A couple light creases at edges.,1,2024-02-20 15:36:45,4.9515
902636,Shadow Portraits of Three Actors,Kuniteru II (1829 - 1874),"Series; A Newly Published Set of Shadow Pictures, 1867","Nice detail. Small repair, light horizontal centerfold, folds at edges, light creasing throughout.",1,2024-02-20 15:36:46,4.9899
911843,"Ichikawa Sadanji as Miura and Bando Hikosaburo as Sano, 1874",Kunichika (1835 - 1900),Series; Brand New Play Titles (Shinban kyogen gedai),Excellent color and detail. Backed with paper. A couple light creases at edge.,1,2024-02-20 15:36:46,4.9712
905849,"Nakamura Shikan IV as Kakurega no Mohei, 1865",Kunichika (1835 - 1900),,Good color and detail. Backed with paper.,1,2024-02-20 15:36:46,4.9712
906780,"Scene from Imoseyama onna teikin, 1852",Toyokuni III/Kunisada (1786 - 1864),,Nice color and detail. A few light creases at edges and small repairs.,1,2024-02-20 15:36:46,4.9902
906792,Kotokuraku,Tokuriki (1902 - 1999),,Nice color and detail. Light creasing.,1,2024-02-20 15:36:46,4.8756
907442,Konnichi-an Pathway,Tokuriki (1902 - 1999),,Excellent color and detail. Board is slightly curved.,1,2024-02-20 15:36:46,4.8756
912210,"The Syllable I: Nakamura Shikan as Oishi Kuranosuke Yoshio, 1866",Kunichika (1835 - 1900),"Series; The Night Attack of the Loyal Retainers, 1866",Nice color and detail. A few light creases at edges and small repairs.,1,2024-02-20 15:36:46,4.9712
911837,Shintomi Theater Geisha Dance,Meiji era artist (not read),A Fuji Arts $25 Opening Special Offer Auction! Get your bid in!,"Nice detail and good color. Horizontal folds. Wormholes throughout, repaired. Creasing throughout.",1,2024-02-21 15:34:38,4.2802
913514,"Ito's Daughter Tatsu-hime, Uhyoenosuke Yoritomo, and Ito Nyudo Sukechika, circa 1844",Toyokuni III/Kunisada (1786 - 1864),A Fuji Arts $25 Opening Special Offer Auction! Get your bid in!,"Nice detail. Wormholes, repaired. Wrinkling and rippling at edges.",1,2024-02-21 15:34:38,4.9902
909881,"War Council of the Insurgents, 1877",Chikanobu (1838 - 1912),A Fuji Arts $25 Opening Special Offer Auction! Get your bid in!,Nice detail. Horizontal and vertical folds. A few repairs and creases.,1,2024-02-21 15:34:38,5.3508
907730,"Scene from Takane no Kumo Yorokobi Soga, 1849",Kuniyoshi (1797 - 1861),A Fuji Arts $25 Opening Special Offer Auction! Get your bid in!,Good detail. Vertical centerfold. A few creases at edges and small repairs.,1,2024-02-21 15:34:38,5.3703
906195,"Ichikawa Kodanji IV as Both Igami no Gonta and Taira no Tomomori, 1856",Toyokuni III/Kunisada (1786 - 1864),A Fuji Arts $25 Opening Special Offer Auction! Get your bid in!,"Nice detail. A few thinning spots, repaired. A few creases at edges.",1,2024-02-21 15:34:38,4.9902
905765,"Princess Yuki and Dragon, 1883",Chikanobu (1838 - 1912),A Fuji Arts $25 Opening Special Offer Auction! Get your bid in!,"Nice color and detail. Horizontal and diagonal folds. Small repair, wrinkling throughout.",1,2024-02-21 15:34:38,5.3508
911620,"Ichimura Uzaemon XIII as the Candy Vendor Uzumatsu, 1861",Yoshitsuya (1822 - 1866),A Fuji Arts $25 Opening Special Offer Auction! Get your bid in!,"Good detail. A few repairs, a couple light creases at edges.",1,2024-02-21 15:34:38,4.846
909858,"Sumo Wrestler and Referee on Their Way to a Tournament at Hitotsumebashi, 1859",Toyokuni III/Kunisada (1786 - 1864),A Fuji Arts $25 Opening Special Offer Auction! Get your bid in!,"Nice detail. Horizontal and vertical folds, folds at corners. A few small repairs and creases.",1,2024-02-21 15:34:38,4.9902
906141,"The Night Attack of the 47 Ronin, 1884",Kunichika (1835 - 1900),A Fuji Arts $25 Opening Special Offer Auction! Get your bid in!,"Excellent color and detail. Vertical folds at sides, small repair, a few creases.Excellent color and detail. Vertical folds at sides, small repair, a few creases.Excellent color and detail. Vertical folds at sides, small repair, a few creases.Excellent color and detail. Vertical folds at sides, small repair, a few creases.Excellent color and detail. Vertical folds at sides, small repair, a few creases.Excellent color and detail. Vertical folds at sides, small repair, a few creases.Excellent color and detail",1,2024-02-21 15:34:38,4.9712
908894,"An Alert Old Woman Sounds an Alarm, and Vigilant Patrolmen Apprehend an Armed Burglar",Yoshiiku (1833 - 1904),Series; Tokyo nichinichi shinbunA Fuji Arts $25 Opening Special Offer Auction! Get your bid in!,"Nice color and detail. Backed with paper. Losses and wormholes, repaired.",1,2024-02-21 15:34:38,5.0906
908631,"Camping at the Nanao Castle Festival, 1943",Gihachiro Okuyama (1907 - 1981),"Series; Eight Views of Nanao, NotoA Fuji Arts $25 Opening Special Offer Auction! Get your bid in!","Nice color and detail. Vertical folds. A few repairs, a few creases at edges and spots.",1,2024-02-21 15:34:38,4.9766
905574,"Satsuma: Satsuma Gengobei, circa 1845",Toyokuni III/Kunisada (1786 - 1864),Series; The Sixty-odd Provinces of Great JapanA Fuji Arts $25 Opening Special Offer Auction! Get your bid in!,"This print with good detail as shown. Stitching holes at side, a couple tears at edges, repaired. Creasing, slight rubbing at edges. Please see photos for details.",1,2024-02-21 15:34:38,4.9902
913302,"No. 11, Gate at Aoyama, 1861",Hirokage (active circa 1855 - 1865),Series; Comical Views of Famous Places in EdoA Fuji Arts $25 Opening Special Offer Auction! Get your bid in!,"Good detail. Backed with paper. Light vertical line where backing papers meet, a few small ripples.",1,2024-02-21 15:34:38,4.9143
907004,Mountain Climbers,Hokusai (1760 - 1849),Series; Thirty-six Views of FujiA Fuji Arts $25 Opening Special Offer Auction! Get your bid in!,Excellent color and detail. A couple small spots.,0,2024-02-21 15:34:38,3.9827
907126,Plum Blossoms and Full Moon Surimono,Meiji era artist (not read),A Fuji Arts $25 Opening Special Offer Auction! Get your bid in!,"Nice color and detail. Backed with paper. Vertical folds, a couple light creases at edges.",1,2024-02-21 15:34:38,4.2802
904072,People Who Gained (Earthquake Print),Edo era artist (unsigned),A Fuji Arts $25 Opening Special Offer Auction! Get your bid in!,Good detail. Light creasing throughout.,1,2024-02-21 15:34:38,4.1951
912311,Clearing Weather at Awazu,Hiroshige (1797 - 1858) ,Series; Eight Views of OmiA Fuji Arts $25 Opening Special Offer Auction! Get your bid in!,"Good color and detail. Diagonal fold near bottom, a few creases at edges and corners.",0,2024-02-21 15:34:38,4.8669
912752,Yatsumi Bridge,Hiroshige (1797 - 1858) ,Series; One Hundred Famous Views of EdoA Fuji Arts $25 Opening Special Offer Auction! Get your bid in!,Excellent color and detail. No issues to report.,0,2024-02-21 15:34:38,4.8669
910759,Tsukudajima from Eitai Bridge,Hiroshige (1797 - 1858) ,Series; One Hundred Famous Views of EdoA Fuji Arts $25 Opening Special Offer Auction! Get your bid in!,"Good color and detail. A couple creases at edges, a few small spots in margins.",0,2024-02-21 15:34:38,4.8669
908726,Yamashita Kyonosuke in a Back-mask Dance,Buncho (active 1765 - 1792),A Fuji Arts $25 Opening Special Offer Auction! Get your bid in!,Nice color and detail. Vertical fold. A few creases and small spots.,0,2024-02-21 15:34:38,4.7035
908612,Mount Fuji in the Morning from Hara,Hiroshige (1797 - 1858),Series; Fifty-three Stations of the TokaidoA Fuji Arts $25 Opening Special Offer Auction! Get your bid in!,Excellent color and detail. No issues to report.,0,2024-02-21 15:34:38,4.6198
915949,"Four Seasons of Flowers, Set of 12 Woodblock Prints",Tomioka Tessai (1836 - 1924),"Series; Four Seasons of Flowers, 1907A Fuji Arts $25 Opening Special Offer Auction! Get your bid in!",Nice color and detail. Vertical centerfold from original album inclusion.,1,2024-02-21 15:34:38,4.9143
912612,"White Sparrow, Withered Plantain, and Winter Chrysanthemum",Nakayama Sugakudo (active circa 1850 - 1860),Series; Forty-eight Hawks Drawn from LifeA Fuji Arts $25 Opening Special Offer Auction! Get your bid in!,This print with excellent color and detail as shown. Backed with paper. Please see photos for details.,1,2024-02-21 15:34:38,4.659
912926,Ejiri in Suruga Province: The Old Story of the Pine of Miho and the Feather Robe,Utagawa Shigekiyo (active circa 1860 - 1890),"Series; Calligraphy and Pictures for the Fifty-three Stations of the Tokaido, 1872A Fuji Arts $25 Opening Special Offer Auction! Get your bid in!",Nice detail. A few repairs.,1,2024-02-21 15:34:38,4.9143
905139,The Drum Bridge at Kameido Tenjin Shrine,Hokusai (1760 - 1849),Series; Famous Bridges in JapanA Fuji Arts $25 Opening Special Offer Auction! Get your bid in!,Nice color and detail. A few small spots.,0,2024-02-21 15:34:38,3.9827
904483,Kumagaya,Eisen (1790 - 1848),Series; Sixty-nine Stations of the KisokaidoA Fuji Arts $25 Opening Special Offer Auction! Get your bid in!,Good color and detail. A few creases at edges.,0,2024-02-21 15:34:38,5.4133
913732,Beauty and Dog,Utamaro (1750 - 1806),Series; Five Features of BeautiesA Fuji Arts $25 Opening Special Offer Auction! Get your bid in!,Nice color and detail. No issues to report.,0,2024-02-21 15:34:39,4.0166
909787,Uramatsu Handayu Takanao,Kuniyoshi (1797 - 1861),Series; Stories of the True Loyalty of the Faithful Samurai (Seichu gishi den)A Fuji Arts $25 Opening Special Offer Auction! Get your bid in!,"Good detail. Backed with paper. Some prints have a couple wormholes, repaired.",1,2024-02-21 15:34:39,5.3703
902628,"Scene from Tomigaoka koi no Yamabiraki, 1857",Toyokuni III/Kunisada (1786 - 1864),A Fuji Arts $25 Opening Special Offer Auction! Get your bid in!,Good color and detail. No repairs.,1,2024-02-21 15:34:39,4.9902
903441,Famous Places in Edo: Asakusa Kinryuzan,Kunitsuna II (1829 - 1874),A Fuji Arts $25 Opening Special Offer Auction! Get your bid in!,Good color and detail. Light wrinkling at lower left of left panel.,1,2024-02-21 15:34:39,5.0461
909993,"Hase-dera in Yamato Province, Temple 8 of the Saikoku Pilgrimage Route, 1859",Toyokuni III/Kunisada (1786 - 1864) and Hiroshige II (1826 - 1869),Series; Miracles of Kannon (Kannon reigenki)A Fuji Arts $25 Opening Special Offer Auction! Get your bid in!,Nice color and detail. Backed with paper. Light vertical line where backing papers meet.,1,2024-02-21 15:34:39,4.9794
904863,"Komatsu daijin Shigemori, 1898",Chikanobu (1838 - 1912),"Series; The Tale of the Heike, 1898A Fuji Arts $25 Opening Special Offer Auction! Get your bid in!",Good color and detail. Vertical centerfold. Some prints have a couple spots.,1,2024-02-21 15:34:39,5.3508
904589,Kono Musashi no Kami Moronao,Kuniyoshi (1797 - 1861),Series; Stories of the True Loyalty of the Faithful Samurai (Seichu gishi den)A Fuji Arts $25 Opening Special Offer Auction! Get your bid in!,"Good detail. Backed with paper. Vertical fold at side. A few wormholes, repaired.",1,2024-02-21 15:34:39,5.3703
905566,"Hanachirusato, Chapter 11",Kunisada II (1823 - 1880),"Series; Fifty-four Chapters of the False Genji, 1864A Fuji Arts $25 Opening Special Offer Auction! Get your bid in!","Good color and detail. Some prints have a few small repairs, a couple creases at edges, or slight rubbing.",1,2024-02-21 15:34:39,5.0398
911325,Beauty with a Cat,Shunsho (1726 - 1792),A Fuji Arts $25 Opening Special Offer Auction! Get your bid in!,Nice color and detail. No issues to report.,0,2024-02-21 15:34:39,4.5455
909680,"Scene from Taihei Irifune Shinozuka, 1839",Toyokuni III/Kunisada (1786 - 1864),A Fuji Arts Special Offer Auction,"Nice detail. Vertical folds. Wormholes, repaired. A few creases.",1,2024-02-21 15:34:39,4.9902
905935,"Kabuki Dances by Nakamura Utaemon IV, circa 1838",Toyokuni III/Kunisada (1786 - 1864),A Fuji Arts Special Offer Auction,"Nice detail. Vertical folds. Wormholes, repaired.",1,2024-02-21 15:34:39,4.9902
903733,"Sawamura Tossho I as both Washi no Dan no Nofu and Miyatogawa no Tsunauchi in the Dance of the Five Elements, 1840",Toyokuni III/Kunisada (1786 - 1864),A Fuji Arts Special Offer Auction,"Good color and detail. Stitching holes at side, repaired. A few creases.",1,2024-02-21 15:34:39,4.9902
907745,"Memorial Portrait of Actor Onoe Kikugoro IV, 1860",Edo era artist (unsigned),A Fuji Arts Special Offer Auction,"Good detail. Wormhole, repaired. A couple creases.",1,2024-02-21 15:34:39,4.1951
915084,Ichikawa Danjuro IX in Futari Bakama,Kunichika (1835 - 1900),Series; One Hundred Roles of Ichikawa Danjuro IX,Excellent color and detail. Some prints have a couple light creases at edges or small spots.,1,2024-02-21 15:34:40,4.9712
900315,Ichikawa Danjuro IX as Akushichibyoe Kagekiyo,Kunichika (1835 - 1900),Series; One Hundred Roles of Ichikawa Danjuro IX,Excellent color and detail. Some prints have a couple light creases at edges or small spots.,1,2024-02-21 15:34:40,4.9712
907254,Ichikawa Danjuro IX as Yamauba,Kunichika (1835 - 1900),Series; One Hundred Roles of Ichikawa Danjuro IX,Excellent color and detail. Some prints have a couple light creases at edges or small spots.,1,2024-02-21 15:34:40,4.9712
901534,Ichikawa Danjuro IX as Saimyoji Tokiyori,Kunichika (1835 - 1900),Series; One Hundred Roles of Ichikawa Danjuro IX,Excellent color and detail. Some prints have a couple light creases at edges or small spots.,1,2024-02-21 15:34:40,4.9712
901163,Ichikawa Danjuro IX as Kumagai Naozane,Kunichika (1835 - 1900),Series; One Hundred Roles of Ichikawa Danjuro IX,Excellent color and detail. Some prints have a couple light creases at edges or small spots.,1,2024-02-21 15:34:40,4.9712
911381,"Scene from Oto no miya asahi no yoroi, 1815",Toyokuni III/Kunisada (1786 - 1864),A Fuji Arts Special Offer Auction,Nice detail. Backed with paper.,1,2024-02-21 15:34:40,4.9902
909686,Ichikawa Danjuro IX as Takechi Mitsuhide,Kunichika (1835 - 1900),Series; One Hundred Roles of Ichikawa Danjuro IX,"Excellent color and detail. Horizontal fold near center, a couple creases at edges.",1,2024-02-21 15:34:40,4.9712
914185,Scenery of Shinobazu Pond,Sadatora (active circa 1818 - 1844),A Fuji Arts Special Offer Auction,"Good detail. Small losses at corners, a few holes, repaired. A few creases.",1,2024-02-21 15:34:40,4.6073
908670,Beauty Reading a Letter,Edo era artist (unsigned),Series; Famous Places in EdoA Fuji Arts Special Offer Auction,Good detail. A few repairs.,1,2024-02-21 15:34:40,4.1951
908495,Ichikawa Danjuro IX as Shikama Takubei,Kunichika (1835 - 1900),Series; One Hundred Roles of Ichikawa Danjuro IX,Excellent color and detail. Some prints have a couple light creases at edges or small spots.,1,2024-02-21 15:34:40,4.9712
915478,Courtesan beside a Hibachi,Eisen (1790 - 1848),A Fuji Arts Special Offer Auction,Good color and detail. Vertical fold at side. A few small repairs and creases.,1,2024-02-21 15:34:40,5.4133
908028,"The Sixth Month, 1852",Toyokuni III/Kunisada (1786 - 1864),Series; The Twelve MonthsA Fuji Arts Special Offer Auction,"Good detail. Small repair, a couple light creases at edge.",1,2024-02-21 15:34:40,4.9902
912465,"No. 11, Jiang Shi: A Miraculous Spring, 1890",Chikanobu (1838 - 1912),Series; Juxtaposed Pictures of Twenty-four Paragons of Filial Piety,This print with excellent color and detail as shown. Backed with paper. Some faint soiling. A couple faint stains. Good overall.,1,2024-02-21 15:34:41,5.3508
901364,"No. 20, Jiang Ge: He Labored to Support His Mother",Chikanobu (1838 - 1912),Series; Juxtaposed Pictures of Twenty-four Paragons of Filial Piety,This print with excellent color and detail as shown. Backed with paper. Some faint soiling. A couple faint stains. Good overall.,1,2024-02-21 15:34:41,5.3508
903304,"No. 22, Wu Meng: Attracting Mosquitoes to Drink His Blood",Chikanobu (1838 - 1912),Series; Juxtaposed Pictures of Twenty-four Paragons of Filial Piety,This print with excellent color and detail as shown. Backed with paper. Some faint soiling. A couple faint stains. Good overall.,1,2024-02-21 15:34:41,5.3508
901396,"No. 16, Guo Ju: He Buried His Son to Save His Mother, 1891",Chikanobu (1838 - 1912),Series; Juxtaposed Pictures of Twenty-four Paragons of Filial Piety,This print with excellent color and detail as shown. Backed with paper. Some faint soiling. A couple faint stains. Good overall.,1,2024-02-21 15:34:41,5.3508
904551,"No. 24, Huang Tingjian: Personally Scrubbing His Mother's Chamber Pot, 1891",Chikanobu (1838 - 1912),Series; Juxtaposed Pictures of Twenty-four Paragons of Filial Piety,This print with excellent color and detail as shown. Backed with paper. Some faint soiling. A couple faint stains. Good overall.,1,2024-02-21 15:34:41,5.3508
913536,"No. 13, Huang Xiang: He Fanned the Pillow and Warmed the Sheets, 1890",Chikanobu (1838 - 1912),Series; Juxtaposed Pictures of Twenty-four Paragons of Filial Piety,This print with excellent color and detail as shown. Backed with paper. Some faint soiling. A couple faint stains. Good overall.,1,2024-02-21 15:34:41,5.3508
903849,"No. 14, Wang Pou: Crying by the Grave When Thunder Rolled",Chikanobu (1838 - 1912),Series; Juxtaposed Pictures of Twenty-four Paragons of Filial Piety,Nice color and detail. Backed with paper.,1,2024-02-21 15:34:41,5.3508
909140,"No. 8, Laolai: Amusing His Parents",Chikanobu (1838 - 1912),Series; Juxtaposed Pictures of Twenty-four Paragons of Filial Piety,Nice color and detail. Backed with paper.,1,2024-02-21 15:34:41,5.3508
905780,"No. 7, Wang Xiang: Catching Fish for His Stepmother in Winter, 1890",Chikanobu (1838 - 1912),Series; Juxtaposed Pictures of Twenty-four Paragons of Filial Piety,Excellent color and detail. Backed with paper. Faint staining near top.,1,2024-02-21 15:34:41,5.3508
901288,"No. 6, Lady Tang: Never Tired of Feeding Her Mother-in-law Milk, 1890",Chikanobu (1838 - 1912),Series; Juxtaposed Pictures of Twenty-four Paragons of Filial Piety,Excellent color and detail. Backed with paper.,1,2024-02-21 15:34:41,5.3508
912898,"No. 9, Ding Lan: He Carved Wooden Figures of His Parents to Serve Them, 1890",Chikanobu (1838 - 1912),Series; Juxtaposed Pictures of Twenty-four Paragons of Filial Piety,This print with excellent color and detail as shown. Backed with paper. Some faint soiling. A couple faint stains. Good overall.,1,2024-02-21 15:34:41,5.3508
915372,Ichikawa Danjuro IX as the Fisherman Fukashichi,Kunichika (1835 - 1900),Series; One Hundred Roles of Ichikawa Danjuro IX,Excellent color and detail. Some prints have a couple light creases at edges or small spots.,1,2024-02-21 15:34:41,4.9712
914682,Ichikawa Danjuro IX as Ishikawa Goemon,Kunichika (1835 - 1900),Series; One Hundred Roles of Ichikawa Danjuro IX,Excellent color and detail. Some prints have a couple light creases at edges or small spots.,1,2024-02-21 15:34:41,4.9712
905817,Ichikawa Danjuro IX as Teraoka Heiemon,Kunichika (1835 - 1900),Series; One Hundred Roles of Ichikawa Danjuro IX,Excellent color and detail. Some prints have a couple light creases at edges or small spots.,1,2024-02-21 15:34:41,4.9712
913338,Ichikawa Danjuro IX as the Heron Maiden (Sagi Musume),Kunichika (1835 - 1900),Series; One Hundred Roles of Ichikawa Danjuro IX,Excellent color and detail. Some prints have a couple light creases at edges or small spots.,1,2024-02-21 15:34:41,4.9712
904974,"No. 10, Tanzi: He Fed His Parent's Doe's Milk, 1890",Chikanobu (1838 - 1912),Series; Juxtaposed Pictures of Twenty-four Paragons of Filial Piety,This print with excellent color and detail as shown. Backed with paper. Some faint soiling. A couple faint stains. Good overall.,1,2024-02-21 15:34:41,5.3508
901715,Kiyomizu Komachi,Kuniyoshi (1797 - 1861),"Series; Modern Seven Komachi, 1851","Nice color and detail. Folds at side. Stitching holes at side, a couple holes, repaired.",1,2024-02-21 15:34:41,5.3703
914552,Ichikawa Danjuro IX as the Oyama Doll,Kunichika (1835 - 1900),Series; One Hundred Roles of Ichikawa Danjuro IX,Excellent color and detail. Some prints have a couple light creases at edges or small spots.,1,2024-02-21 15:34:41,4.9712
909894,"Tora-gozen, circa 1841 - 1842",Kuniyoshi (1797 - 1861),"Series; Stories of Wise Women and Faithful Wives, circa 1841 - 1842","Good detail. Diagonal fold at upper left. Small loss at edge, a few repairs, creasing throughout.",1,2024-02-21 15:34:42,5.3703
905021,"Beauty Strolling, 1849 - 1852",Kuniyoshi (1797 - 1861),,"Good detail. A few repairs, light creasing throughout.",1,2024-02-21 15:34:42,5.3703
907904,Beauty Playing the Koto,Toyokuni II (1777 - 1835),,"Good detail. Horizontal centerfold. Small losses and holes at edges, repaired. Creasing throughout.",1,2024-02-21 15:34:42,4.7063
911706,Komurasaki of the Miuraya,Tominobu (active circa 1804 - 1844),,"Good detail. Horizontal fold, diagonal fold at corner. A few repairs and creases.",1,2024-02-21 15:34:42,4.9143
907847,"Autumn Moon at Ishiyama Temple, 1847 - 1852",Kunisada II (1823 - 1880),Series; Eight Views of Omi,Nice detail. A few repairs.,1,2024-02-21 15:34:42,5.0398
908655,Prince Genji on an Outing to the Country,Yoshitora (active circa 1836 - 1887),,Good color and detail. Backed with paper. A couple creases at edges.,1,2024-02-21 15:34:42,4.8103
909399,"Beauty and Blossoming Plum, 1847 - 1852",Toyokuni III/Kunisada (1786 - 1864),,"Good detail. A few repairs, creasing at edges.",1,2024-02-21 15:34:42,4.9902
904411,"Maki-bashira, Chapter 31",Kuniyoshi (1797 - 1861),"Series; Ukiyo-e Comparisons of the Cloudy Chapters of Genji, 1845 - 1846","Good detail. Backed with paper. Wormhole, repaired. A few creases.",1,2024-02-21 15:34:42,5.3703
909471,"Shiigamoto, Chapter 46",Kuniyoshi (1797 - 1861),"Series; Ukiyo-e Comparisons of the Cloudy Chapters of Genji, 1845 - 1846",Good detail. Backed with paper.,1,2024-02-21 15:34:42,5.3703
913784,"Agemaki, Chapter 47",Kuniyoshi (1797 - 1861),"Series; Ukiyo-e Comparisons of the Cloudy Chapters of Genji, 1845 - 1846","Good detail. Backed with paper. Small repair at edge, a couple light creases.",1,2024-02-21 15:34:42,5.3703
904500,"Tokonatsu, Chapter 26",Kuniyoshi (1797 - 1861),"Series; Ukiyo-e Comparisons of the Cloudy Chapters of Genji, 1845 - 1846","Good detail. Backed with paper. Wormhole, repaired.",1,2024-02-21 15:34:42,5.3703
906203,"Yume-no-Ukihashi, Chapter 54",Kuniyoshi (1797 - 1861),"Series; Ukiyo-e Comparisons of the Cloudy Chapters of Genji, 1845 - 1846",Good detail. Backed with paper.,1,2024-02-21 15:34:43,5.3703
901096,Cactus,Nakajima Chinami (born 1945),,Excellent color and detail. No issues to report.,1,2024-02-21 15:34:43,5.058
908457,Camellia,Nakajima Chinami (born 1945),,Excellent color and detail. No issues to report.,1,2024-02-21 15:34:43,5.058
911773,"Kobai, Chapter 43",Kuniyoshi (1797 - 1861),"Series; Ukiyo-e Comparisons of the Cloudy Chapters of Genji, 1845 - 1846",Good detail. Backed with paper. Small repair.,1,2024-02-21 15:34:43,5.3703
901220,"Takegawa, Chapter 44",Kuniyoshi (1797 - 1861),"Series; Ukiyo-e Comparisons of the Cloudy Chapters of Genji, 1845 - 1846",Good detail. Backed with paper.,1,2024-02-21 15:34:43,5.3703
908029,Sparrow on a Snow-covered Nandina,After Nagamachi Chikuseki (1747 - 1806),,Nice color and detail.,1,2024-02-21 15:34:43,4.9261
903301,"Scene from Yayoi zakura hisago no makubari, 1860",Toyokuni III/Kunisada (1786 - 1864),,Nice detail. A few creases at edges and repairs. Light diagonal ripple in right panel.,1,2024-02-21 15:34:43,4.9902
909962,"Wakana no jo, Chapter 34",Kuniyoshi (1797 - 1861),"Series; Ukiyo-e Comparisons of the Cloudy Chapters of Genji, 1845 - 1846",Good detail. Backed with paper. Small repair at edge.,1,2024-02-21 15:34:43,5.3703
906179,"Suzumushi, Chapter 38",Kuniyoshi (1797 - 1861),"Series; Ukiyo-e Comparisons of the Cloudy Chapters of Genji, 1845 - 1846",Good detail. Backed with paper.,1,2024-02-21 15:34:43,5.3703
912391,"Miyuki, Chapter 29",Kuniyoshi (1797 - 1861),"Series; Ukiyo-e Comparisons of the Cloudy Chapters of Genji, 1845 - 1846","Good detail. Backed with paper. Wormhole, repaired. Light diagonal crease.",1,2024-02-21 15:34:43,5.3703
905343,"Wakana no ge, Chapter 35",Kuniyoshi (1797 - 1861),"Series; Ukiyo-e Comparisons of the Cloudy Chapters of Genji, 1845 - 1846","Good detail. Backed with paper. Wormhole, repaired.",1,2024-02-21 15:34:43,5.3703
915033,"Young Nobleman's Procession, 1847 - 1852",Toyokuni III/Kunisada (1786 - 1864),,"Good detail. Stitching holes at one side of each panel, a few wormholes at edges, repaired. A few creases and slight rubbing at edges.",1,2024-02-21 15:34:44,4.9902
907005,"Prince Genji and Beauty Doing Origami, 1869",Kuniaki II (1835 - 1888),,Good detail. A few repairs.,1,2024-02-21 15:34:44,5.1666
909890,"Snowy Morning, 1847 - 1852",Kuniyoshi (1797 - 1861),,"Good detail. Backed with paper. A few small holes, large loss, repaired. Wrinkling at top of center panel.",1,2024-02-21 15:34:44,5.3703
908046,"The Little Cherry, Most Beloved Tree in the Garden, 1847 - 1852",Toyokuni III/Kunisada (1786 - 1864),,"Nice detail. Thinning along vertical fold at side, small hole, repaired.",1,2024-02-21 15:34:44,4.9902
914291,"Purple of Edo, circa 1850",Kuniyoshi (1797 - 1861),,Nice detail and good color. Backed with paper. Small repair.,1,2024-02-21 15:34:44,5.3703
902688,"4:00 PM: Beauty after a Bath, 1885",Arai Kiyozaburo,Series; Hands of the Hour,Excellent color and detail. Small repair at edge.,1,2024-02-21 15:34:44,4.7604
903619,"Scene from Ikanimo Choryo Yumeno ukihashi, 1861",Toyokuni III/Kunisada (1786 - 1864),,Nice detail. Horizontal centerfold. A few creases at edges and small repairs.,1,2024-02-21 15:34:44,4.9902
910924,"Scene from Sukeroku Yukari no Edo-zakura, 1862",Toyokuni III/Kunisada (1786 - 1864),,Nice detail. Horizontal centerfold. A few creases at edges and repairs.,1,2024-02-21 15:34:44,4.9902
902105,"Emperor Nintoku, 1896",Gekko (1859 - 1920),Series; Gekko's Essays,Nice color and detail. A couple creases at edges.,1,2024-02-21 15:34:44,4.7082
901952,Murakami Yoshimitsu Retrieving His Clan's Banner,Yasuji Inoue (1864 - 1889),Series; Foundations of Morality and Success (Kyodo Risshi no Motoi),"Nice color and detail. Backed with paper. Tear, repaired.",1,2024-02-21 15:34:45,4.5801
904681,Smiling Beauty with a Fan,Toyokuni III/Kunisada (1786 - 1864),,"Nice detail. A couple repairs, light vertical folds at sides, a few creases at edges.",1,2024-02-21 15:34:45,4.9902
913542,Sugawara Michizane,Kiyochika (1847 - 1915),Series; Foundations of Morality and Success (Kyodo Risshi no Motoi),Nice color and detail. Backed with paper. Light vertical fold at side.,1,2024-02-21 15:34:45,5.1663
904734,Festival Lanterns and Other Designs,20th century artist (not read),,"This print with excellent color and detail, as shown. Slight toning, a couple creases at edges. Please see photos for details. Nice overall.",1,2024-02-21 15:34:45,4.466
911505,"The Soga Brothers Avenge Their Father, 1851 - 1852",Kuniyoshi (1797 - 1861),,"Nice detail. Backed with paper. Small tear at edge, a few holes, repaired.",1,2024-02-21 15:34:45,5.3703
901636,"Lord Yoritomo's Hunting Party Assembles in the Foothills of Mt. Fuji, circa 1839 - 1841",Kuniyoshi (1797 - 1861),,"Nice detail. Backed with paper. A few wormholes and small holes, repaired.",1,2024-02-21 15:34:45,5.3703
902116,"Chushingura: Oboshi Yoshikane and the Other More than 40 Loyal Retainers Burn Incense at Sengakuji, Having Fulfilled Their Vow, 1847 - 1848",Kuniyoshi (1797 - 1861),,"Nice detail. Backed with paper. Stitching holes at one side of each panel, repaired.",1,2024-02-21 15:34:45,5.3703
907956,Wisteria: Oshiyun Shirafuji,Kuniyoshi (1797 - 1861),Series; Brother-pictures of Thirty Chosen Trees and Flowers,"Good detail. Horizontal folds. Thinning along centerfold, a couple holes, repaired.",1,2024-02-21 15:34:45,5.3703
911108,"Wakana no jo, Chapter 34",Kunisada II (1823 - 1880),"Series; Lady Murasaki's Genji Cards, 1857",Good color and detail.,1,2024-02-21 15:34:45,5.0398
908955,"Nihondaira Cherry Blossoms, 1986",Urata Shusha,,Excellent color and detail. A couple light creases at edges. Notch at upper right edge for aligning blocks.,1,2024-02-21 15:34:45,5.3366
906536,"Morning in the Village, 1993",Seiji Sano (born 1959),,"Excellent color and detail. A couple light creases at edges, small indent in margin.",1,2024-02-21 15:34:45,5.5356
913203,"Tsukiji Riverbank, 1955",Mori Masamoto (1912 - ?),,Excellent color and detail. No issues to report.,1,2024-02-21 15:34:45,5.9723
902297,"Cockfighting in a Garden, 1898",Chikanobu (1838 - 1912),,"Excellent color and detail. Backed with paper. A few small holes, repaired.",1,2024-02-21 15:34:45,5.3508
915071,"Panoramic View of Chishima from the Kanrantei in Matsushima, Mutsu Province, 1881",Chikanobu (1838 - 1912),,"Nice color and detail. Small losses at corners, repaired.",1,2024-02-21 15:34:45,5.3508
910373,"The 47 Ronin, Act 8",Chikanobu (1838 - 1912),Series; Bamboo Joints,Excellent color and good detail.,1,2024-02-21 15:34:45,5.3508
903294,Flower Arranging,Chikanobu (1838 - 1912),,Nice color and good detail. A few small repairs.,1,2024-02-21 15:34:45,5.3508
905600,"Drastic Price Reduction Moved to Clearance, Act Fast!",Kuniyoshi (1797 - 1861),"Series; Kanadehon Chushingura, 1854",Good detail. A few repairs.,1,2024-02-21 15:34:45,5.3703
913184,"Asagao, Chapter 20",Kunisada II (1823 - 1880),"Series; Lady Murasaki's Genji Cards, 1857",Good color and detail.,1,2024-02-21 15:34:45,5.0398
902412,"Poem by Koroku-jo, 1863",Toyokuni III/Kunisada (1786 - 1864),Series; A Refreshing Collection of Haiku by Beauties,Good detail. A few small repairs.,1,2024-02-21 15:34:45,4.9902
900940,Aoto Fujitsuna,Yasuji Inoue (1864 - 1889),Series; Foundations of Morality and Success (Kyodo Risshi no Motoi),Good color and detail. Backed with paper.,1,2024-02-21 15:34:45,4.5801
906292,"Benten, circa 1847 - 1848",Kuniyoshi (1797 - 1861),Series; Women Compared with the Seven Gods of Good Fortune,"Good detail. A few wormholes, repaired. A few creases.",1,2024-02-21 15:34:45,5.3703
901281,"Drastic Price Reduction Moved to Clearance, Act Fast!",Chikanobu (1838 - 1912),,This print with nice color and detail as shown. Rubbing and staining throughout. Losses along edges. Backed with thin paper. Please see photos for details.,1,2024-02-21 15:34:46,5.3508
915321,"Drastic Price Reduction Moved to Clearance, Act Fast!",Toyokuni III/Kunisada (1786 - 1864),,This print with nice color and detail as shown. Rubbing and staining at center and along edges. Please see photos for details.,1,2024-02-21 15:34:46,4.9902
901118,"Drastic Price Reduction Moved to Clearance, Act Fast!",Hiroshige (1797 - 1858),,This print with nice color and detail as shown. Toning and staining in margins. Please see photos for details.,0,2024-02-21 15:34:46,4.6198
904222,"Drastic Price Reduction Moved to Clearance, Act Fast!",Meiji era artist (unsigned),,This print with nice color and detail as shown. Rubbing and staining throughout. Losses near edges. Backed with thin paper. Please see photos for details.,1,2024-02-21 15:34:46,4.2429
914168,"Drastic Price Reduction Moved to Clearance, Act Fast!",Kunichika (1835 - 1900),,This print with nice color and detail as shown. Rubbing and staining throughout. Loss at top corner. Backed with thin paper. Please see photos for details.,1,2024-02-21 15:34:46,4.9712
913672,"Drastic Price Reduction Moved to Clearance, Act Fast!",Miyagawa Shuntei (1873 - 1914),,This print with nice color and detail as shown. Toning and staining throughout. Backed with paper. Please see photos for details.,1,2024-02-21 15:34:46,4.5671
909133,"Drastic Price Reduction Moved to Clearance, Act Fast!",Kunichika (1835 - 1900),,This print with nice color and detail as shown. Rubbing and staining throughout. Tiny loss at top corner. Please see photos for details.,1,2024-02-21 15:34:46,4.9712
909192,"Drastic Price Reduction Moved to Clearance, Act Fast!",Meiji era artist (not read),,This print with nice detail as shown. Staining along edges. Please see photos for details.,1,2024-02-21 15:34:46,4.2802
902510,"Drastic Price Reduction Moved to Clearance, Act Fast!",Kunichika (1835 - 1900),,This print with nice color and detail as shown. Rubbing and staining along edges. Please see photos for details.,1,2024-02-21 15:34:46,4.9712
905168,"Ueno Yamashita, 1858",Hiroshige (1797 - 1858),Series; One Hundred Famous Views of Edo,Good color and detail. Backed with paper. Horizontal centerfold. Slight rippling.,1,2024-02-22 15:32:07,4.6198
914115,"Sanno Festival Procession at Kojimachi 1-chome, 1856",Hiroshige (1797 - 1858),Series; One Hundred Famous Views of Edo,Good color and detail. Backed with paper. Horizontal centerfold. Small lightly rubbed spot.,1,2024-02-22 15:32:07,4.6198
909754,"Sugatami Bridge, Omokage Bridge, and Jariba at Takata, 1857",Hiroshige (1797 - 1858),Series; One Hundred Famous Views of Edo,Good color and detail. Backed with paper. Horizontal centerfold. A couple small repairs.,1,2024-02-22 15:32:07,4.6198
908078,"View of Matsuchiyama, circa 1832 - 1838",Hiroshige (1797 - 1858),Series; Famous Places in the Eastern Capital,"Good detail. Vertical centerfold. A few holes and thinning areas, repaired. A few creases.",1,2024-02-22 15:32:07,4.6198
901673,"The Famous Murmuring Pines at Hamamatsu, 1855",Hiroshige (1797 - 1858),Series; Pictures of Famous Places on the Fifty-three Stations (Vertical Tokaido),Good detail. A few creases at edges and small repairs.,1,2024-02-22 15:32:07,4.6198
911331,"Scene from Kujira Obi Nishiki no Shingata, 1867",Kunichika (1835 - 1900),,Nice detail. A few small repairs. Light wrinkling throughout.,1,2024-02-22 15:32:07,4.9712
902831,"Scene from Kioi-jishi Botan no Hikimono, 1867",Kunichika (1835 - 1900),,"Nice detail. Stitching holes at one side of each panel, repaired. Light wrinkling throughout.",1,2024-02-22 15:32:07,4.9712
903469,"The Manpachi-ro Restaurant in Yanagihashi, 1870",Kunichika (1835 - 1900),Series; Thirty-six Tokyo Restaurants,"Good detail. A few small repairs, creasing throughout.",1,2024-02-22 15:32:07,4.9712
906324,"Sword Attack, 1893",Kunisada III (1848 - 1920),,"Nice color and detail. Vertical folds. Thinning spots, a few holes, repaired. Light creasing.",1,2024-02-22 15:32:07,4.5157
901557,"Couple and Tattooed Commoner, 1866",Kunichika (1835 - 1900),,"Nice detail. Vertical fold at side of two panels. Thinning along one fold, thinning area, repaired. Slight rubbing.",1,2024-02-22 15:32:07,4.9712
901297,"Three Young People, 1866",Kunichika (1835 - 1900),,"Nice detail. Vertical fold at side of one panel. Thinning areas, tear at edge, repaired. A couple creases at edge.",1,2024-02-22 15:32:07,4.9712
902290,"Black Sea Bream, Small Sea Bream, Asparagus Shoots, and Sansho Pepper",Hiroshige (1797 - 1858),Grand Series of Fishes,"Nice detail. Backed with paper. Vertical centerfold. A few wormholes, loss at corner, repaired. A couple creases at corner.",1,2024-02-22 15:32:07,4.6198
902043,"Gathering Shellfish at Low Tide on the Beach at Susaki, circa 1837 - 1838",Hiroshige (1797 - 1858),Series; Famous Places in the Eastern Capital,Good detail. A few small repairs.,1,2024-02-22 15:32:07,4.6198
909283,"Mariko, 1841 - 1844",Hiroshige (1797 - 1858),"Series; Fifty-three Stations of the Tokaido Road (Gyosho Tokaido), 1841 - 1844",Nice detail. A few small repairs.,1,2024-02-22 15:32:07,4.6198
914255,"Asakusa River, Great Riverbank, Miyato River, 1857",Hiroshige (1797 - 1858),Series; One Hundred Famous Views of Edo,"Nice detail. Small repair, small lightly rubbed spot.",1,2024-02-22 15:32:07,4.6198
906169,"Shionata, circa 1835 - 1838",Hiroshige (1797 - 1858),Series; The Sixty-nine Stations of the Kisokaido Road,Good detail. Backed with paper. Vertical centerfold.,1,2024-02-22 15:32:07,4.6198
915926,"Manzen Restaurant in Takasago-gai, 1871",Kunichika (1835 - 1900),Series; Thirty-six Tokyo Restaurants,"Good detail. A few small repairs, creasing throughout.",1,2024-02-22 15:32:07,4.9712
903121,"Shinmachi Bridge at Hodogaya, circa 1833 - 1834",Hiroshige (1797 - 1858),Series; Fifty-three Stations of the Tokaido (The Great Tokaido),"Good detail. Light diagonal and vertical folds. Small losses at edges, a few thinning spots, repairs.",1,2024-02-22 15:32:07,4.6198
901927,"The Mie River Near Yokkaichi, circa 1833 - 1834",Hiroshige (1797 - 1858),Series; Fifty-three Stations of the Tokaido (The Great Tokaido),"Good detail. Vertical centerfold. A few repairs, a couple creases and slight rubbing at edges.",1,2024-02-22 15:32:07,4.6198
915736,"Early Departure from the Main Camp at Seki, circa 1833 - 1834",Hiroshige (1797 - 1858),Series; Fifty-three Stations of the Tokaido (The Great Tokaido),"Nice detail. Light vertical centerfold. Thinning along vertical fold at side, repaired.",1,2024-02-22 15:32:07,4.6198
915013,"The Okitsu River at Okitsu, circa 1833 - 1834",Hiroshige (1797 - 1858),Series; Fifty-three Stations of the Tokaido (The Great Tokaido),"Good detail. A few small repairs, a couple light folds at corners.",1,2024-02-22 15:32:07,4.6198
915543,Nobleman with a Poem Slip,Hokuei (active circa 1827 - 1836),A Fuji Arts Special Offer Auction,"Backed with paper. A few wormholes, repaired.",1,2024-02-22 15:32:07,4.7983
906105,"The Sarugababa Resthouse near Futagawa, circa 1833 - 1834",Hiroshige (1797 - 1858),Series; Fifty-three Stations of the Tokaido (The Great Tokaido),"Good detail. A few thinning areas, repaired. A few creases.",1,2024-02-22 15:32:07,4.6198
911967,"Scene from Yagura Daiko Oto mo Yoshiwara, 1866",Kunichika (1835 - 1900),,"Good detail. A few small repairs, a couple light creases at edges.",1,2024-02-22 15:32:07,4.9712
914387,"Soga Monogatari, Act 5, 1853",Yoshitaki (1841 - 1899),A Fuji Arts Special Offer Auction,"Good color and detail. Horizontal and vertical folds. Repairs, creasing throughout.",1,2024-02-22 15:32:08,4.4202
903861,"Scene from Honcho Nijushi Ko, 1870",Yoshitaki (1841 - 1899),A Fuji Arts Special Offer Auction,Good color and detail.,1,2024-02-22 15:32:08,4.4202
902995,Man with a Pail of Lotus Blossoms,Yoshitaki (1841 - 1899),A Fuji Arts Special Offer Auction,Good color and detail.,1,2024-02-22 15:32:08,4.4202
912430,Couple in an Interior,Yoshitaki (1841 - 1899),A Fuji Arts Special Offer Auction,Good color and detail. Small repair.,1,2024-02-22 15:32:08,4.4202
900210,Fire: Beauty Drinking Tea and Man in a Doorway,Yoshitaki (1841 - 1899),Series; The Five ElementsA Fuji Arts Special Offer Auction,Good color and detail.,1,2024-02-22 15:32:08,4.4202
907155,Fine Old Reprint Clearance! A Fuji Arts Value,Utamaro (1750 - 1806),,"This print with nice color and detail as shown. Rubbing, staining, and wrinkling along edges. Please see photos for details.",0,2024-02-22 15:32:08,4.0166
900581,Fine Old Reprint Clearance! A Fuji Arts Value,Utamaro (1750 - 1806),,"This print with nice color and detail as shown. Rubbing, staining, and wrinkling along edges. Please see photos for details.",0,2024-02-22 15:32:08,4.0166
912001,Fine Old Reprint Clearance! A Fuji Arts Value,Utamaro (1750 - 1806),,"This print with nice color and detail as shown. Rubbing, staining, and wrinkling along edges. Please see photos for details.",0,2024-02-22 15:32:08,4.0166
914672,Fine Old Reprint Clearance! A Fuji Arts Value,Utamaro (1750 - 1806),,This print with nice color and detail as shown. Rubbing and staining along edges. Light wrinkling throughout. Please see photos for details.,0,2024-02-22 15:32:08,4.0166
910409,Beauty with a Scroll Tucked in Her Kimono,Yoshiume (1819 - 1879),A Fuji Arts Special Offer Auction,"Good detail. A few repairs, wrinkling.",1,2024-02-22 15:32:08,4.9143
908890,Memorial Portrait of an Actor,Yoshitaki (1841 - 1899),A Fuji Arts Special Offer Auction,Good color and detail.,1,2024-02-22 15:32:08,4.4202
901958,A Clearance Opportunity! Meiji or Edo era Original,Yoshitora (active circa 1836 - 1887),,This print with nice color and detail as shown. Crease at center. Rubbing and staining throughout. Losses along edges. Please see photos for details.,1,2024-02-22 15:32:10,4.8103
903561,A Clearance Opportunity! Meiji or Edo era Original,Toyokuni III/Kunisada (1786 - 1864),,"This print with nice color and detail as shown. Rubbing, wrinkling, and light staining throughout. Holes along left edge. Please see photos for details.",1,2024-02-22 15:32:10,4.9902
914657,A Clearance Opportunity! Meiji or Edo era Original,Toyokuni III/Kunisada (1786 - 1864),,"This print with nice color and detail as shown. Crease at center. Rubbing, staining, and holes along edges. Please see photos for details.",1,2024-02-22 15:32:10,4.9902
902270,A Clearance Opportunity! Meiji or Edo era Original,Kunichika (1835 - 1900),,This print with nice color and detail as shown. Rubbing and staining throughout. Holes along edges. Please see photos for details.,1,2024-02-22 15:32:10,4.9712
903687,A Clearance Opportunity! Meiji or Edo era Original,Yoshitora (active circa 1836 - 1887),,This print with nice color and detail as shown. Crease at center. Rubbing and staining throughout. Losses along edges. Please see photos for details.,1,2024-02-22 15:32:10,4.8103
913300,Sitting Together in a Circle,Munakata (1903 - 1975),A Fuji Arts Special Offer Auction,This print with excellent color and detail as shown. A couple light creases at edges. Please see photos for details.,0,2024-02-22 15:32:10,4.9143
911383,Ginkgo,Munakata (1903 - 1975),A Fuji Arts Special Offer Auction,"This print with excellent detail as shown. Diagonal fold across top, a few creases at edges. Please see photos for details.",0,2024-02-22 15:32:10,4.9143
901452,Birds,Munakata (1903 - 1975),A Fuji Arts Special Offer Auction,This print with excellent color and detail as shown. A couple light creases at edges. Please see photos for details.,0,2024-02-22 15:32:11,4.9143
914593,"Waikiki Beach, Hawaii",Munakata (1903 - 1975),A Fuji Arts Special Offer Auction,"This print with excellent detail as shown. Slight toning, a couple light creases at edges. Please see photos for details.",0,2024-02-22 15:32:11,4.9143
905501,"Oka Castle, Taketa",Munakata (1903 - 1975),A Fuji Arts Special Offer Auction,"This print with excellent color and detail as shown. Slight toning, a few creases at edges. Please see photos for details.",0,2024-02-22 15:32:11,4.9143
909305,Two Women,Munakata (1903 - 1975),Series; Dream CarpA Fuji Arts Special Offer Auction,This print with excellent detail as shown. A couple light creases at edges. Please see photos for details.,0,2024-02-22 15:32:11,4.9143
910932,Oe Church (Oe Tenshudo),Munakata (1903 - 1975),A Fuji Arts Special Offer Auction,"This print with excellent color and detail as shown. Small fold at corner, a couple light creases at edges. Please see photos for details.",0,2024-02-22 15:32:11,4.9143
915859,Dainichi Nyorai,Munakata (1903 - 1975),A Fuji Arts Special Offer Auction,This print with excellent detail as shown. Slight toning. Please see photos for details.,0,2024-02-22 15:32:11,4.9143
913552,Sleepwalking,Munakata (1903 - 1975),Series; Dream CarpA Fuji Arts Special Offer Auction,This print with excellent detail as shown. Slight toning. Please see photos for details.,0,2024-02-22 15:32:11,4.9143
915198,Cape Ashizuri,Munakata (1903 - 1975),A Fuji Arts Special Offer Auction,"This print with excellent detail as shown. Slight toning, two diagonal folds across lower portion. Please see photos for details.",0,2024-02-22 15:32:11,4.9143
914540,Two Goddesses,Munakata (1903 - 1975),A Fuji Arts Special Offer Auction,"This print with excellent color and detail as shown. A few creases at edges, slight curling. Please see photos for details.",0,2024-02-22 15:32:11,4.9143
902071,Hometown,Munakata (1903 - 1975),A Fuji Arts Special Offer Auction,This print with excellent color and detail as shown. A few creases. Please see photos for details.,0,2024-02-22 15:32:11,4.9143
906818,Viewing the Moon,Munakata (1903 - 1975),Series; Dream CarpA Fuji Arts Special Offer Auction,Excellent overall with no issues to report.,0,2024-02-22 15:32:11,4.9143
905431,Wakato Ohashi Bridge,Munakata (1903 - 1975),A Fuji Arts Special Offer Auction,"This print with excellent detail as shown. Slight toning, a couple light creases at edges. Please see photos for details.",0,2024-02-22 15:32:11,4.9143
903795,Sumiya Kakuya,Munakata (1903 - 1975),A Fuji Arts Special Offer Auction,"This print with excellent color and detail as shown. Faint spotting, a few creases at edges. Please see photos for details.",0,2024-02-22 15:32:11,4.9143
900851,Sanzon (Three Buddhist Deities),Munakata (1903 - 1975),Series; Wandering Away from Home: Compositions on Isamu Yoshii's TankaA Fuji Arts Special Offer Auction,"This print with excellent color and detail as shown. Slight creasing, a few faint stains. Please see photos for details.",0,2024-02-22 15:32:11,4.9143
902108,"Snowy Morning Kuchi-e Print, 1904",Tomioka Eisen (1864 - 1905),,"Nice color and detail. Vertical folds, a few light creases.",1,2024-02-22 15:32:12,4.6625
913487,"The First Rabbit Day of The Year, 1903",Takeuchi Keishu (1861-1942),,"Nice color and detail. Vertical and diagonal folds, light creasing throughout.",1,2024-02-22 15:32:12,4.8824
907318,"Beauty Reading a Letter Kuchi-e Print, 1900",Toshikata (1866 - 1908),,"Good color and detail. Vertical folds. Small repair, a few creases.",1,2024-02-22 15:32:12,4.6882
906748,"White Sake Seller Kuchi-e Print, 1907",Takeuchi Keishu (1861 - 1942),,Nice color and good detail. Horizontal folds.,1,2024-02-22 15:32:12,4.8336
900480,"Flowing Water Kuchi-e Print, 1900",Kajita Hanko (1870 - 1917),,"Nice detail. Vertical folds, diagonal folds at edges.",1,2024-02-22 15:32:12,4.8012
906403,Soldier and Couple Kuchi-e Print,Meiji era artist (unsigned),,"Good color and detail. Vertical and diagonal folds, creasing throughout.",1,2024-02-22 15:32:12,4.2429
915631,"Autumn Beauty Kuchi-e Print, 1897",Takeuchi Keishu (1847 - 1915),,Nice color and good detail. Vertical folds. A few creases at edges.,1,2024-02-22 15:32:12,4.855
913933,Midsummer,Munakata (1903 - 1975),Series; Four Seasons of Scenery at FukumitsuA Fuji Arts Special Offer Auction,This print with excellent color and detail as shown. A few creases at edges. Please see photos for details. Nice overall.,0,2024-02-22 15:32:12,4.9143
915152,"Beauty Reading Kuchi-e Print, 1902",Terazaki Kogyo (1866 - 1919),,Nice color and detail. Vertical folds. A couple small repairs and creases.,1,2024-02-22 15:32:12,5.05
915348,"Sisters Kuchi-e Print, 1911",Odake Chikuha (1878 - 1936),,"Good detail. Horizontal folds. Small repair, a couple creases.",1,2024-02-22 15:32:12,4.9143
914958,Crown Prince Shotoku,Munakata (1903 - 1975),A Fuji Arts Special Offer Auction,"This print with excellent detail as shown. Slight toning, a few creases and spots. Please see photos for details. Good overall.",0,2024-02-22 15:32:12,4.9143
902495,Triassic,Munakata (1903 - 1975),A Fuji Arts Special Offer Auction,This print with excellent color and detail as shown. Slight creasing. Please see photos for details.,0,2024-02-22 15:32:12,4.9143
914352,"Doll Kuchi-e Print, 1912",Takeuchi Keishu (1847 - 1915),,Nice color and detail. Horizontal folds. Light creasing throughout.,1,2024-02-22 15:32:12,4.855
900134,Watching a Prisoner Kuchi-e Print,Tomioka Eisen (1864 - 1905),,Nice color and detail. Vertical folds. Diagonal fold at side.,1,2024-02-22 15:32:13,4.6625
913186,"Hermitage in Hagi Kuchi-e Print, 1899",Tomioka Eisen (1864 - 1905),,"Nice color and detail. Vertical folds, diagonal fold at edge.",1,2024-02-22 15:32:13,4.6625
904745,"Oban diptych original - Winter Group, 1891",Imao Keinen (1845 - 1924),Series; Four Seasons,Nice color and detail. Stitching holes at one side of each panel. Some prints have a couple light creases or spots.,1,2024-02-22 15:32:13,4.61
905218,"Oban diptych original - Winter Group, 1891",Imao Keinen (1845 - 1924),Series; Four Seasons,Nice color and detail. Stitching holes at one side of each panel. Some prints have a couple light creases or spots.,1,2024-02-22 15:32:14,4.61
908054,"Single oban original - Winter Group, 1891",Imao Keinen (1845 - 1924),Series; Four Seasons,Nice color and detail. Stitching holes at side. Some prints have a couple light creases or spots.,1,2024-02-22 15:32:14,4.61
902647,"Single oban original - Winter Group, 1891",Imao Keinen (1845 - 1924),Series; Four Seasons,Nice color and detail. Stitching holes at side. Some prints have a couple light creases or spots.,1,2024-02-22 15:32:14,4.61
910211,"Single oban original - Summer Group, 1891",Imao Keinen (1845 - 1924) ,Series; Four Seasons,Nice color and detail. Stitching holes at side. Some prints have a couple light creases or spots.,1,2024-02-22 15:32:15,4.3278
914432,"Single oban original - Summer Group, 1891",Imao Keinen (1845 - 1924) ,Series; Four Seasons,Nice color and detail. Stitching holes at side. Some prints have a couple light creases or spots.,1,2024-02-22 15:32:15,4.3278
905406,"Single oban original - Summer Group, 1891",Imao Keinen (1845 - 1924) ,Series; Four Seasons,Nice color and detail. Stitching holes at side. Some prints have a couple light creases or spots.,1,2024-02-22 15:32:15,4.3278
909372,"Oban diptych original - Summer Group, 1891",Imao Keinen (1845 - 1924),Series; Four Seasons,Nice color and detail. Stitching holes at one side of each panel. Some prints have a couple light creases or spots.,1,2024-02-22 15:32:15,4.61
909925,"Single oban original - Summer Group, 1891",Imao Keinen (1845 - 1924) ,Series; Four Seasons,Nice color and detail. Stitching holes at side. Some prints have a couple light creases or spots.,1,2024-02-22 15:32:15,4.3278
916027,"Oban diptych original - Summer Group, 1891",Imao Keinen (1845 - 1924),Series; Four Seasons,Nice color and detail. Stitching holes at one side of each panel. Some prints have a couple light creases or spots.,1,2024-02-22 15:32:15,4.61
910173,"Single oban original - Autumn Group, 1891 ",Imao Keinen (1845 - 1924) ,Series; Four Seasons,Nice color and detail. Stitching holes at side. Some prints have a couple light creases or spots.,1,2024-02-22 15:32:15,4.3278
905905,"Single oban original - Autumn Group, 1891 ",Imao Keinen (1845 - 1924) ,Series; Four Seasons,Nice color and detail. Stitching holes at side. Some prints have a couple light creases or spots.,1,2024-02-22 15:32:15,4.3278
901983,"Single oban original - Winter Group, 1891",Imao Keinen (1845 - 1924),Series; Four Seasons,Nice color and detail. Stitching holes at side. Some prints have a couple light creases or spots.,1,2024-02-22 15:32:15,4.61
909720,"Single oban original - Summer Group, 1891",Imao Keinen (1845 - 1924) ,Series; Four Seasons,Nice color and detail. Stitching holes at side. Some prints have a couple light creases or spots.,1,2024-02-22 15:32:15,4.3278
914085,"Single oban original - Autumn Group, 1891 ",Imao Keinen (1845 - 1924) ,Series; Four Seasons,Nice color and detail. Stitching holes at side. Some prints have a couple light creases or spots.,1,2024-02-22 15:32:15,4.3278
911891,"Single oban original - Autumn Group, 1891 ",Imao Keinen (1845 - 1924) ,Series; Four Seasons,Nice color and detail as shown. Stitching holes at side. Some prints have a couple light creases or spots.,1,2024-02-22 15:32:15,4.3278
904243,"Single oban original - Summer Group, 1891",Imao Keinen (1845 - 1924) ,Series; Four Seasons,Nice color and detail. Stitching holes at side. Some prints have a couple light creases or spots.,1,2024-02-22 15:32:15,4.3278
911461,"Oban diptych original - Spring Group, 1891",Imao Keinen (1845 - 1924),Series; Four Seasons,Nice color and detail. Stitching holes at one side of each panel. Some prints have a couple light creases or spots.,1,2024-02-22 15:32:15,4.61
901473,"Oban diptych original - Spring Group, 1891",Imao Keinen (1845 - 1924),Series; Four Seasons,Nice color and detail. Stitching holes at one side of each panel. Some prints have a couple light creases or spots.,1,2024-02-22 15:32:15,4.61
904002,"Single oban original - Autumn Group, 1891 ",Imao Keinen (1845 - 1924) ,Series; Four Seasons,Nice color and detail as shown. Stitching holes at side. Some prints have a couple light creases or spots.,1,2024-02-22 15:32:15,4.3278
910276,"Single oban original - Autumn Group, 1891 ",Imao Keinen (1845 - 1924) ,Series; Four Seasons,Nice color and detail. Stitching holes at side. Some prints have a couple light creases or spots.,1,2024-02-22 15:32:15,4.3278
907379,"Single oban original - Spring Group, 1891",Imao Keinen (1845 - 1924),Series; Four Seasons,"Nice color and detail. Stitching holes at side. Rippling, a few wrinkles.",1,2024-02-22 15:32:15,4.61
905876,"Single oban original - Spring Group, 1891",Imao Keinen (1845 - 1924),Series; Four Seasons,Nice color and detail. Stitching holes at side. Some prints have a couple light creases or spots.,1,2024-02-22 15:32:15,4.61
904641,"Single oban original - Autumn Group, 1891 ",Imao Keinen (1845 - 1924) ,Series; Four Seasons,Nice color and detail as shown. Stitching holes at side. Some prints have a couple light creases or spots.,1,2024-02-22 15:32:15,4.3278
912497,"Oban diptych original - Spring Group, 1891",Imao Keinen (1845 - 1924),Series; Four Seasons,Nice color and detail as shown. Stitching holes at one side of each panel. Some prints have a couple light creases or spots.,1,2024-02-22 15:32:16,4.61
903889,"Single oban original - Spring Group, 1891",Imao Keinen (1845 - 1924),Series; Four Seasons,Nice color and detail as shown. Stitching holes at side. Some prints have a couple light creases or spots.,1,2024-02-22 15:32:16,4.61
908893,"Single oban original - Spring Group, 1891",Imao Keinen (1845 - 1924),Series; Four Seasons,Nice color and detail as shown. Stitching holes at side. Some prints have a couple light creases or spots.,1,2024-02-22 15:32:16,4.61
907087,"Hojo Takatoki Tormented by Tengu, 1887",Kunisada III (1848 - 1920),,"Nice detail. Horizontal centerfold, a couple diagonal folds in right panel. A few light creases at edges and small repairs.",1,2024-02-22 15:32:16,4.5157
904324,"Scene from Nani Takashima Ryuta jitsuroku, 1855",Toyokuni III/Kunisada (1786 - 1864),,"Nice detail. Backed with paper. A few creases and small repairs, diagonal fold in right panel.",1,2024-02-22 15:32:16,4.9902
916108,"Swordfight in an Interior, 1892",Kunichika (1835 - 1900),,Nice color and detail. A few repairs.,1,2024-02-22 15:32:16,4.9712
915704,"Scene from Yuki to Sumi Kuruwa no Tatehiki, 1872",Kunichika (1835 - 1900),,Nice color and detail. A few small creases at edges.,1,2024-02-22 15:32:16,4.9712
911469,"Single oban original - Spring Group, 1891",Imao Keinen (1845 - 1924),Series; Four Seasons,Nice color and detail. Stitching holes at side. Some prints have a couple light creases or spots.,1,2024-02-22 15:32:16,4.61
914227,"Oban diptych original - Spring Group, 1891",Imao Keinen (1845 - 1924),Series; Four Seasons,Nice color and detail as shown. Stitching holes at one side of each panel. Some prints have a couple light creases or spots.,1,2024-02-22 15:32:16,4.61
906320,"Woman Shaking a Jar, 1977",Yoshitoshi Mori (1898 - 1992),,"Excellent color and detail. Light spotting on background, light diagonal fold across lower right.",1,2024-02-22 15:32:17,5.0084
903691,Children of Aizu,Kiyoshi Saito (1907 - 1997),,Nice color and detail. Faint staining at corners.,1,2024-02-22 15:32:17,6.1511
900636,Summer in Aizu,Kiyoshi Saito (1907 - 1997),,Nice color and detail. A couple small spots.,1,2024-02-22 15:32:17,6.1511
907069,"Memorial Portrait of Bando Shuka I, 1855",Edo era artist (unsigned),,Good detail. A few light creases at edges and small repairs.,1,2024-02-22 15:32:17,4.1951
909887,Daiba Nisaburo Fighting Nozarashi Gosuke,Kunichika (1835 - 1900),,"Good color and detail. Right panel backed with paper. A couple small repairs, wrinkling at edges.",1,2024-02-22 15:32:17,4.9712
913122,"Scene from Momoyama monogatari, 1869",Kunichika (1835 - 1900),,Good detail. A few repairs and light creases.,1,2024-02-22 15:32:17,4.9712
902085,"Ichimura Uzaemon XIII as Tekomae no Takekichi, 1859",Toyokuni III/Kunisada (1786 - 1864),Series; Mirror of Today's Pictures,Nice detail. Horizontal centerfold. A few repairs at edges and creases.,1,2024-02-22 15:32:17,4.9902
915445,"Sculptor Hidari Jingoro and the Living Doll, 1873",Kunichika (1835 - 1900),,Good color and detail. Vertical folds. A few repairs and creases.,1,2024-02-22 15:32:17,4.9712
904242,Statue of a Buddhist Deity,Shin-hanga & Modern artist (unsigned),,Excellent detail.,1,2024-02-22 15:32:18,4.1396
907246,Statue of a Buddhist Deity,Shin-hanga & Modern artist (unsigned),,Excellent detail. Small paper remnant in lower right margin.,1,2024-02-22 15:32:18,4.1396
914117,Coal Vendor,Wada Sanzo (1883 - 1967),"Series; Japanese Vocations in Pictures, Series 1",Nice color and detail.,1,2024-02-22 15:32:19,4.9335
912290,Evening Newspaper Sellers,Wada Sanzo (1883 - 1967),"Series; Japanese Vocations in Pictures, Series 1",Nice color and detail.,1,2024-02-22 15:32:19,4.9335
905236,The Komuso,Wada Sanzo (1883 - 1967),"Series; Japanese Vocations in Pictures, Series 1",Nice color and detail. Slight curling at top corners.,1,2024-02-22 15:32:19,4.9335
915829,"Gate, Kamakura (G), 1973",Kiyoshi Saito (1907 - 1997),,Nice color and detail. Light fold at bottom edge.,1,2024-02-22 15:32:19,6.1511
909143,"Spring at the Imperial Palace (Hanzomon), 1993",Fumio Kitaoka (1918 - 2007),,"Excellent color and detail. A couple light creases at edges, a few spots in margins.",1,2024-02-22 15:32:19,5.3961
908873,"Sagami Province, Shichiri-ga-hama",Hiroshige (1797 - 1858),Series; Sights of the ProvincesShokoku Meisho,"Excellent color and detail. Slight toning. Please note, each print is ""tipped in"" to the windowed paper presentation folder with two very small spots of wheat paste at the upper reverse corners, exactly as originally produced. The print can be easily removed by the collector if desired.",1,2024-02-22 15:32:19,4.6198
901406,"Keishi, Arashiyama",Hiroshige (1797 - 1858),Series; Sights of the ProvincesShokoku Meisho,"Excellent color and detail. Slight toning, small mark on cover at corner. Please note, each print is ""tipped in"" to the windowed paper presentation folder with two very small spots of wheat paste at the upper reverse corners, exactly as originally produced. The print can be easily removed by the collector if desired.",1,2024-02-22 15:32:19,4.6198
909358,"Cherry Blossoms and Mt. Fuji, 1979",Nakao Yoshitaka (1911 - 1994),,Excellent color and detail. No issues to report.,1,2024-02-22 15:32:19,4.8091
906168,"Kyoto, Torimoto, 1982",Masao Ido (1945 - 2016),,"Excellent color and detail. Light crease at edge, a couple small spots in margins.",1,2024-02-22 15:32:19,5.1949
912319,The Kamo Embankment,Hiroshige (1797 - 1858),Series; Calligraphy as Taught by the Chancellor SugawaraSugawara Denju Tenerai Kagami,"Excellent color and detail. Slight toning. Please note, each print is ""tipped in"" to the windowed paper presentation folder with two very small spots of wheat paste at the upper reverse corners, exactly as originally produced. The print can be easily removed by the collector if desired.",1,2024-02-22 15:32:19,4.6198
912639,"Summer at Shima, 1947",Kawai Kenji (1908 - 1995),,Nice color and detail.,1,2024-02-22 15:32:19,5.1916
914175,"Twilight in Sakurajima, 1947",Hideo Nishiyama (1911 - 1989),,Nice color and detail. A couple light creases at edges.,1,2024-02-22 15:32:19,5.2692
906260,"Near Lake Kawaguchi, 1949",Okumura Koichi (1904 - 1974),,Nice color and detail.,1,2024-02-22 15:32:19,5.068
913914,"Fuji, 1981",Okumura Togyu (1889 - 1990),,Nice color and detail. A couple light creases at edges. Tape remnants on reverse at edges from previous mounting.,1,2024-02-22 15:32:19,5.0949
911660,Dawn of the Ancient Capital,Isao Takahashi,,Excellent color and detail. Tape on reverse at corners from previous mounting.,1,2024-02-22 15:32:19,5.0172
913520,"Atsuta Coast, 1975",Fumio Kitaoka (1918 - 2007),,"Excellent color and detail. A few creases at edges, a couple spots in margins. Tape remnants on reverse at edges from previous mounting.",1,2024-02-22 15:32:19,5.3961
900963,"Sagami Province, Enoshima",Hiroshige (1797 - 1858),Series; Sights of the ProvincesShokoku Meisho,Excellent color and detail. Mounted at top corners to original backing sheet. Creasing at top right corner.,1,2024-02-22 15:32:20,4.6198
912826,"Ricefield Moon, Shinano Province, Sarashina",Hiroshige (1797 - 1858),Series; Sights of the ProvincesShokoku Meisho,"Excellent color and detail. Please note, each print is ""tipped in"" to the windowed paper presentation folder with two very small spots of wheat paste at the upper reverse corners, exactly as originally produced. The print can be easily removed by the collector if desired.",1,2024-02-22 15:32:20,4.6198
901261,Initiation,Hiroshige (1797 - 1858),Series; Calligraphy as Taught by the Chancellor SugawaraSugawara Denju Tenerai Kagami,Excellent color and detail. Small crease at top corner.,1,2024-02-22 15:32:20,4.6198
915310,"Yamato Province, Tatsutagawa",Hiroshige (1797 - 1858),Series; Sights of the ProvincesShokoku Meisho,Excellent color and detail. No issues to report.,1,2024-02-22 15:32:20,4.6198
902781,Pheasant,Hiroshige (1797 - 1858),From an untitled series of Kacho-e (Bird and Flower prints),Excellent color and detail. Mounted at top corners to original backing sheet.,1,2024-02-22 15:32:20,4.6198
900673,Macaw,Hiroshige (1797 - 1858),From an untitled series of Kacho-e (Bird and Flower prints),Excellent color and detail. Mounted at top corners to original backing sheet.,1,2024-02-22 15:32:20,4.6198
913359,"Settsu Province, Yodogawa",Hiroshige (1797 - 1858),Series; Sights of the ProvincesShokoku Meisho,"Excellent color and detail. Please note, each print is ""tipped in"" to the windowed paper presentation folder with two very small spots of wheat paste at the upper reverse corners, exactly as originally produced. The print can be easily removed by the collector if desired.",1,2024-02-22 15:32:20,4.6198
901515,Eight Loves,Hiroshige (1797 - 1858),Series; Calligraphy as Taught by the Chancellor SugawaraSugawara Denju Tenerai Kagami,"Excellent color and detail. Please note, each print is ""tipped in"" to the windowed paper presentation folder with two very small spots of wheat paste at the upper reverse corners, exactly as originally produced. The print can be easily removed by the collector if desired.",1,2024-02-22 15:32:20,4.6198
913782,Congratulations,Hiroshige (1797 - 1858),Series; Calligraphy as Taught by the Chancellor SugawaraSugawara Denju Tenerai Kagami,"This print with excellent color and detail as shown. Slight toning. Please note, each print is ""tipped in"" to the windowed paper presentation folder with two very small spots of wheat paste at the upper reverse corners, exactly as originally produced. The print can be easily removed by the collector if desired.",1,2024-02-22 15:32:20,4.6198
902291,Carriage Stopping,Hiroshige (1797 - 1858),Series; Calligraphy as Taught by the Chancellor SugawaraSugawara Denju Tenerai Kagami,"This print with excellent color and detail. Slight toning. Please note, each print is ""tipped in"" to the windowed paper presentation folder with two very small spots of wheat paste at the upper reverse corners, exactly as originally produced. The print can be easily removed by the collector if desired.",1,2024-02-22 15:32:21,4.6198
915435,"The Soga Brothers Defeated Suketsune, 1882",Kiyochika (1847 - 1915),,"Nice color and detail. A couple small repairs, vertical fold at side.",1,2024-02-22 15:32:21,5.1663
915771,"The Great Battle of Awazu Plain, 1847 - 1852",Yoshikane (1832 - 1881),,"Nice detail. Slight separation at ends of vertical fold a side of two panels, a couple holes, repaired.",1,2024-02-22 15:32:21,5.2406
906592,"The Great Battle of the Uji River, on the 16th Day of the Third Month, 1184, circa 1843 - 1847",Yoshitora (active circa 1840 - 1880),,"Nice detail. Backed with paper. Small loss at edge, wormholes, repaired. Vertical fold at side of two panels.",1,2024-02-22 15:32:21,5.3681
913383,"Sarusawa Pond, 1922",Hiromitsu Nakazawa (1874 - 1964),"Series; A Great Collection of Japan (Nihon taikan), 1922",Nice color and detail. Some prints have a few spots.,1,2024-02-22 15:32:21,4.2245
904994,Five Chivalrous Men,Kunichika (1835 - 1900),,"Good detail. Slight thinning along horizontal centerfolds, a few small holes, repaired. Vertical fold in right panel.",1,2024-02-22 15:32:21,4.9712
903113,The Genpei War: The Great Battle at Uji Bridge,Toyonobu (1859 - 1886),,Excellent color and detail. Light crease at corner. A couple small spots.,1,2024-02-22 15:32:21,5.4468
914071,Shower at Terashima,Shin-hanga & Modern artist (not read),,"Excellent color and detail. Small crease at corner, s couple small spots.",1,2024-02-22 15:32:21,4.0626
909352,"Rebel Headquarters at Kawajiri, 1877",Kyosai (1831 - 1889),,Nice color and detail. A few small repairs and light creases.,1,2024-02-22 15:32:21,5.0329
904895,Bunraku Puppet Head,Tokuriki (1902 - 1999),,Excellent color and detail. Slight creasing at edges.,1,2024-02-22 15:32:21,4.8756
902787,Shinkyo Gion Festival,Tokuriki (1902 - 1999),,Excellent color and detail. A couple light creases at edge.,1,2024-02-22 15:32:21,4.8756
909865,Riding an Ox,Hiroshige (1797 - 1858),Series; Calligraphy as Taught by the Chancellor SugawaraSugawara Denju Tenerai Kagami,"This print with excellent color and detail as shown. Slight toning. Please note, each print is ""tipped in"" to the windowed paper presentation folder with two very small spots of wheat paste at the upper reverse corners, exactly as originally produced. The print can be easily removed by the collector if desired.",1,2024-02-22 15:32:21,4.6198
903609,"Harima Province, Maiko-no-hama",Hiroshige (1797 - 1858),Series; Sights of the ProvincesShokoku Meisho,"This print with excellent color and detail. Small tear across corner, repaired. Slight oning. Light toning and spotting inside front of folder. Please note, each print is ""tipped in"" to the windowed paper presentation folder with two very small spots of wheat paste at the upper reverse corners, exactly as originally produced. The print can be easily removed by the collector if desired.",1,2024-02-22 15:32:21,4.6198
915841,The Village School,Hiroshige (1797 - 1858),Series; Calligraphy as Taught by the Chancellor SugawaraSugawara Denju Tenerai Kagami,"This print with excellent color and detail. Light toning, small crease across top corner.  Please note, each print is ""tipped in"" to the windowed paper presentation folder with two very small spots of wheat paste at the upper reverse corners, exactly as originally produced. The print can be easily removed by the collector if desired.",1,2024-02-22 15:32:21,4.6198
904153,"First Act, The Imperial Palace",Hiroshige (1797 - 1858),Series; Calligraphy as Taught by the Chancellor Sugawara Sugawara Denju Tenerai Kagami,"This print with excellent color and detail. Slight toning, small crease at top corner. Please note, each print is ""tipped in"" to the windowed paper presentation folder with two very small spots of wheat paste at the upper reverse corners, exactly as originally produced. The print can be easily removed by the collector if desired.",1,2024-02-22 15:32:21,4.6198
911333,Kyoto Specialty Fushimi Doll Shop,Tokuriki (1902 - 1999),,"Excellent color and detail. Slight separation at end of vertical centerfold, repaired. A few creases at edges, slight rubbing at upper left.",1,2024-02-22 15:32:21,4.8756
906233,Toyotomi’s Record of Achievements: Kinoshita Leading Construction of Sunomata Castle in One Night,Toshinaka (1868 - 1934),,"Excellent color and detail. Slight thinning along vertical fold at side, repaired.",1,2024-02-22 15:32:21,5.3759
909030,Bunraku Puppet Performance,Shin-hanga & Modern artist (not read),,"This print with excellent color and detail as shown. Light toning, a few small spots. Please see photos for details. Good overall.",1,2024-02-22 15:32:22,4.0626
909068,"Sumida River, 1864",Hiroshige II (1826 - 1869),Series; Famous Places in Edo,This print with good color and detail as shown. A few creases and marks. Please see photos for details.,1,2024-02-22 15:32:22,4.6123
903204,"Ichikawa Kodanji as the Priest Kozen of Bukkoji Temple, 1861",Toyokuni III/Kunisada (1786 - 1864),,Good detail. Vertical fold at side. A few small repairs.,1,2024-02-22 15:32:22,4.9902
916048,"Shirai Gonpachi and Honjo Sukeichi, 1855",Toyokuni III/Kunisada (1786 - 1864),"Series; Past and Present, Both Sides of the Leaf","Good detail. Loss at edge, stitching holes at side, repaired.",1,2024-02-22 15:32:22,4.9902
905959,"Bando Shuka I as Banzui Otoki and Bando Kichiya as the Son Chomatsu, 1855",Toyokuni III/Kunisada (1786 - 1864),"Series; Past and Present, Both Sides of the Leaf","Good detail. Loss at edge, stitching holes at side, repaired.",1,2024-02-22 15:32:22,4.9902
908231,"Horse Racing at Shinobazu Pond, 1885",Chikanobu (1838 - 1912) ,,Nice color and detail.,1,2024-02-22 15:32:22,5.1498
914990,"The First Three Shoguns of the Tokugawa Dynasty, 1885",Chikanobu (1838 - 1912) ,,Nice color and detail.,1,2024-02-22 15:32:22,5.1498
909630,Beauty beside a Screen,Chikanobu (1838 - 1912) ,,Nice color and detail.,1,2024-02-22 15:32:22,5.1498
908784,Beauties in a Garden,Chikanobu (1838 - 1912) ,,Nice color and detail.,1,2024-02-22 15:32:22,5.1498
900007,Princess at Kiyomizu Temple in Ueno,Kunisada III (1848 - 1920) ,,Good detail. Backed with paper.,1,2024-02-22 15:32:22,5.2927
908476,Red Sea Bream,Gekko (1859 - 1920),,This print with excellent color and detail as shown. A few spots. Please see photos for details.,1,2024-02-22 15:32:22,4.7082
912792,A Snow Man,Hiyoshi Mamoru (active circa 1950s),,"This print with excellent color and detail as shown. A few creases at edges, small spot in margin. Please see photos for details.",1,2024-02-22 15:32:22,4.8939
907040,Ukai (Cormorant Fishing),Tsukioka Kogyo (1869 - 1927),"Series; Pictures of Noh Plays (Nogaku zue), 1897 - 1902","Beautiful, crisp printing with excellent color and detail. These prints have been stored only and are clean and bright. Backed with paper. A few small repairs, a couple light creases.",1,2024-02-23 15:35:40,4.273
900398,Akogi,Tsukioka Kogyo (1869 - 1927),"Series; Pictures of Noh Plays (Nogaku zue), 1897 - 1902","Beautiful, crisp printing with excellent color and detail. These prints have been stored only and are clean and bright. Backed with paper. A few small repairs. Some prints have a couple spots.",1,2024-02-23 15:35:40,4.273
905594,Kurumazo,Tsukioka Kogyo (1869 - 1927),"Series; Pictures of Noh Plays (Nogaku zue), 1897 - 1902","Beautiful, crisp printing with excellent color and detail. These prints have been stored only and are clean and bright. Backed with paper. A couple small repairs. Some prints have a couple spots.",1,2024-02-23 15:35:40,4.273
911426,Kazuraki,Tsukioka Kogyo (1869 - 1927),"Series; Pictures of Noh Plays (Nogaku zue), 1897 - 1902","Beautiful, crisp printing with excellent color and detail. These prints have been stored only and are clean and bright. Backed with paper. Small repair. Some prints have a couple spots.",1,2024-02-23 15:35:40,4.273
907664,Yokihi (Everlasting Sorrow),Tsukioka Kogyo (1869 - 1927),"Series; Pictures of Noh Plays (Nogaku zue), 1897 - 1902","Beautiful, crisp printing with excellent color and detail. These prints have been stored only and are clean and bright. Backed with paper. A few small repairs.",1,2024-02-23 15:35:40,4.273
913422,Ikarikazuki,Tsukioka Kogyo (1869 - 1927),"Series; Pictures of Noh Plays (Nogaku zue), 1897 - 1902","Beautiful, crisp printing with excellent color and detail. These prints have been stored only and are clean and bright. Backed with paper. Small repair.",1,2024-02-23 15:35:40,4.273
903283,Maruyama Park,Masao Ido (1945 - 2016),Series; One Hundred Famous Views of Kyoto: Higashiyama,Excellent color and detail. Some prints have very slight rubbing at top corners from original publisher mounting. Excellent condition overall.,1,2024-02-23 15:35:41,5.1949
900904,The Pagoda of Yasaka,Masao Ido (1945 - 2016),Series; One Hundred Famous Views of Kyoto: Higashiyama,Excellent color and detail. Some prints have very slight rubbing at top corners from original publisher mounting. Excellent condition overall.,1,2024-02-23 15:35:41,5.1949
908045,Chion-in Temple,Masao Ido (1945 - 2016),Series; One Hundred Famous Views of Kyoto: Higashiyama,"Excellent color and detail. Very slight rubbing at top corners from original publisher mounting, a few small spots in margins.",1,2024-02-23 15:35:41,5.1949
903164,Shoren-in Temple,Masao Ido (1945 - 2016),Series; One Hundred Famous Views of Kyoto: Higashiyama,Excellent color and detail. Some prints have very slight rubbing at top corners from original publisher mounting. Excellent condition overall.,1,2024-02-23 15:35:41,5.1949
900441,Ishibe-Koji,Masao Ido (1945 - 2016),Series; One Hundred Famous Views of Kyoto: Higashiyama,Excellent color and detail. Some prints have very slight rubbing at top corners from original publisher mounting. Excellent condition overall.,1,2024-02-23 15:35:41,5.1949
909188,Adashino-nenbutsu-ji Temple,Masao Ido (1945 - 2016),Series; One Hundred Famous Views of Kyoto: Sagano,Excellent color and detail. A couple creases at edge. Otherwise excellent condition.,1,2024-02-23 15:35:41,5.1949
906200,Toriimoto,Masao Ido (1945 - 2016),Series; One Hundred Famous Views of Kyoto: Sagano,Excellent color and detail. No issues to report.,1,2024-02-23 15:35:41,5.1949
901466,Bamboo Grove around Nonomiya,Masao Ido (1945 - 2016),Series; One Hundred Famous Views of Kyoto: Sagano,Excellent color and detail. A few tiny spots in margins and light creases at edge.,1,2024-02-23 15:35:41,5.1949
902283,Sanjusangen-do Temple,Masao Ido (1945 - 2016),Series; One Hundred Famous Views of Kyoto: Rakunan,Excellent color and detail. Small spot and small indent in margin.,1,2024-02-23 15:35:41,5.1949
908690,Kodai-ji Temple,Masao Ido (1945 - 2016),Series; One Hundred Famous Views of Kyoto: Higashiyama,Excellent color and detail. Some prints have very slight rubbing at top corners from original publisher mounting. Excellent condition overall.,1,2024-02-23 15:35:41,5.1949
910111,Fuji Arts Overstock Triptych - Exceptional Bargain!,Kuniteru II (1829 - 1874),A Fuji Arts Special Offer Auction,"This print with nice color and detail as shown. Rubbing, staining, and creases throughout. Three separate panels. Please see photos for details.",1,2024-02-23 15:35:41,4.9899
900928,Obasute,Tsukioka Kogyo (1869 - 1927),"Series; Pictures of Noh Plays (Nogaku zue), 1897 - 1902","Beautiful, crisp printing with excellent color and detail. These prints have been stored only and are clean and bright. Backed with paper. Small indent, a couple spots.",1,2024-02-23 15:35:41,4.273
901960,Himuro (The Ice House),Tsukioka Kogyo (1869 - 1927),"Series; Pictures of Noh Plays (Nogaku zue), 1897 - 1902","Beautiful, crisp printing with excellent color and detail. These prints have been stored only and are clean and bright. Backed with paper. Small repair. Some prints have a couple spots.",1,2024-02-23 15:35:41,4.273
906351,Tsuchiguruma (The Wheelbarrow),Tsukioka Kogyo (1869 - 1927),"Series; Pictures of Noh Plays (Nogaku zue), 1897 - 1902","Beautiful, crisp printing with excellent color and detail. These prints have been stored only and are clean and bright. Backed with paper. Small repair. Some prints have a couple spots.",1,2024-02-23 15:35:41,4.273
914162,Fuji Arts Overstock Triptych - Exceptional Bargain!,Kunichika (1835 - 1900),A Fuji Arts Special Offer Auction,"This print with nice color and detail as shown. Rubbing, staining, and creases throughout. Small loss at corner of middle panel. Three separate panels. Please see photos for details.",1,2024-02-23 15:35:41,4.9712
908799,Hibari Yama (Skylark Mountain),Tsukioka Kogyo (1869 - 1927),"Series; Pictures of Noh Plays (Nogaku zue), 1897 - 1902","Beautiful, crisp printing with excellent color and detail. These prints have been stored only and are clean and bright. Backed with paper. Small repair. Some prints have a couple spots.",1,2024-02-23 15:35:41,4.273
916098,Adachigahara,Tsukioka Kogyo (1869 - 1927),"Series; Pictures of Noh Plays (Nogaku zue), 1897 - 1902","Beautiful, crisp printing with excellent color and detail. These prints have been stored only and are clean and bright. Backed with paper. Small repair. Some prints have a couple spots.",1,2024-02-23 15:35:41,4.273
909011,Tadanobu,Tsukioka Kogyo (1869 - 1927),"Series; Pictures of Noh Plays (Nogaku zue), 1897 - 1902","Beautiful, crisp printing with excellent color and detail. These prints have been stored only and are clean and bright. Backed with paper. Small repair. Some prints have a couple spots.",1,2024-02-23 15:35:41,4.273
900797,Kiyomizu-zaka,Masao Ido (1945 - 2016),Series; One Hundred Famous Views of Kyoto: Higashiyama,Excellent color and detail. Some prints have very slight rubbing at top corners from original publisher mounting. Excellent condition overall.,1,2024-02-23 15:35:42,5.1949
904849,Yasaka-jinja Shrine,Masao Ido (1945 - 2016),Series; One Hundred Famous Views of Kyoto: Higashiyama,Excellent color and detail. Some prints have very slight rubbing at top corners from original publisher mounting. Excellent condition overall.,1,2024-02-23 15:35:42,5.1949
901852,"Mansion Overlooking an Iris Garden, 1860",Toyokuni III/Kunisada (1786 - 1864),,"Nice detail. A few creases at edges and repairs, diagonal fold in right panel.",1,2024-02-23 15:35:43,4.9902
905805,The Stage of Kiyomizu,Masao Ido (1945 - 2016),Series; One Hundred Famous Views of Kyoto: Higashiyama,"Excellent color and detail. Very slight rubbing at top corners from original publisher mounting. A few tiny spots in margins, otherwise excellent condition.",1,2024-02-23 15:35:43,5.1949
911857,Shisen-do Temple,Masao Ido (1945 - 2016),Series; One Hundred Famous Views of Kyoto: Kitayama,Excellent color and detail. Some prints have very slight rubbing at top corners from original publisher mounting. Excellent condition overall.,1,2024-02-23 15:35:43,5.1949
912223,Mashu-in Temple,Masao Ido (1945 - 2016),Series; One Hundred Famous Views of Kyoto: Kitayama,"Excellent color and detail. Very slight rubbing at top corners from original publisher mounting. Small spot in margin, otherwise excellent condition.",1,2024-02-23 15:35:43,5.1949
904350,Jinko-in Temple,Masao Ido (1945 - 2016),Series; One Hundred Famous Views of Kyoto: Kitayama,Excellent color and detail. Some prints have very slight rubbing at top corners from original publisher mounting. Excellent condition overall.,1,2024-02-23 15:35:43,5.1949
911399,Imamiya-jinja Shrine,Masao Ido (1945 - 2016),Series; One Hundred Famous Views of Kyoto: Kitayama,Excellent color and detail. Some prints have very slight rubbing at top corners from original publisher mounting. Excellent condition overall.,1,2024-02-23 15:35:43,5.1949
906753,Koetsu-ji Temple,Masao Ido (1945 - 2016),Series; One Hundred Famous Views of Kyoto: Kitayama,Excellent color and detail. Some prints have very slight rubbing at top corners from original publisher mounting. Excellent condition overall.,1,2024-02-23 15:35:43,5.1949
908974,"Heating Incense in the Bedroom in Vain, 1852",Toyokuni III/Kunisada (1786 - 1864),,"Nice detail. Horizontal and vertical folds. A few small repairs, light creasing throughout.",1,2024-02-23 15:35:43,4.9902
905978,"Horai Palace, 1866",Kunisada II (1823 - 1880),,"Nice detail. A few small repairs, vertical fold at side.",1,2024-02-23 15:35:43,5.0398
914186,"Nakamura Fukusuke as Fuku no Tsubone and Nakamura Gantaro as the Puppeteer, 1854",Toyokuni III/Kunisada (1786 - 1864),,Nice detail. Partially backed with paper. Light crease at edge.,1,2024-02-23 15:35:44,4.9902
905790,"Bando Takesaburo I as Nakano Mitsuyoshi, 1854",Toyokuni III/Kunisada (1786 - 1864),,Nice detail. Partially backed with paper. Fold at corner.,1,2024-02-23 15:35:44,4.9902
911057,"Child Playing Fireman, 1892",Kunichika (1835 - 1900),,"Nice color and detail. Vertical centerfold. Thin spot at edge, repaired. A couple creases at edges.",1,2024-02-23 15:35:44,4.9712
906708,"Captain Higuchi Takes an Orphan in His Arms during the Hard Fighting, 1895",Kiyochika (1847 - 1915),,"Nice color and detail. Light wrinkling throughout, slight paper remnants at top of center panel.",1,2024-02-23 15:35:45,5.1663
913986,"Child Imitating a Lion, 1892",Kunichika (1835 - 1900),,"Nice color and detail. Vertical centerfold, light diagonal folds near center. A couple creases at edges.",1,2024-02-23 15:35:45,4.9712
906961,"Apricot in the Night; Nap; Dance of the Three-legged Kettle Harimaze, 1864",Kyosai (1831 - 1889),Series; Cartoons by Kyosai (Kyosai Manga),"Good color and detail. A couple small repairs, fold at corner.",1,2024-02-23 15:35:45,5.0329
903156,"Noblewoman; Noh Performer; Seascape; Balancing Act Harimaze, 1864",Kyosai (1831 - 1889),Series; Cartoons by Kyosai (Kyosai Manga),"Good color and detail. A couple small repairs, fold at corner.",1,2024-02-23 15:35:45,5.0329
906298,"Bando Shinsui, circa 1840s",Kuniyoshi (1797 - 1861),Series; Index of Favorite Actors Showing Off,"Good detail. A few cuts and holes, repaired. Slight rubbing at edges.",1,2024-02-23 15:35:45,5.3703
900114,"Scene from Yoshitsune Senbon Zakura, 1848",Kuniyoshi (1797 - 1861),,"Good detail. A couple small wormholes, repaired.",1,2024-02-23 15:35:45,5.3703
904749,"The Entire Pescadores Island Chain Occupied by the Japanese Forces, 1895",Kiyochika (1847 - 1915),,"Excellent color and detail. Backed with paper. Vertical folds between panels, light horizontal lines where backing papers meet.",1,2024-02-23 15:35:45,5.1663
909629,"The Battle at Tianzhuangdai: The Gathering of Eleven Generals, 1895",Gekko (1859 - 1920),,"Excellent color and detail. Backed with paper. Vertical folds between panels, light horizontal lines where backing papers meet.",1,2024-02-23 15:35:45,4.7082
905413,"Our Cavalry Scouting the Battery at Port Arthur from Tucheng, 1894",Nobukazu (1874 - 1944),,Nice color and detail.,1,2024-02-23 15:35:45,5.3052
906185,"Attack at the Site of the Hundred-foot Cliff, 1895",Kiyochika (1847 - 1915),,"Excellent color and detail. Small repair, very light rippling.",1,2024-02-23 15:35:45,5.1663
912740,"A Child Who Likes Toys, 1892",Kunichika (1835 - 1900),,Nice color and detail. Vertical centerfold. A couple creases at edges.,1,2024-02-23 15:35:45,4.9712
906924,"Battle on the Outskirts of Fengtianfu, 1894",Kokunimasa (1874 - 1944),,Nice color and detail. A few small repairs.,1,2024-02-23 15:35:45,5.4284
907157,"Major General Odera Fighting Bravely at the Hundred Foot Cliff near Weihaiwei, 1895",Kiyochika (1847 - 1915),,Nice color and detail. Light wrinkling throughout.,1,2024-02-23 15:35:45,5.1663
910537,"The Second Army's Fierce Battle at Lushunkou, 1894",Kokunimasa (1874 - 1944),,Nice color and detail. A couple small creases at edges.,1,2024-02-23 15:35:45,5.4284
912942,"Scene of the Land-based Battery Attack on Weihaiwei, 1895",Kiyochika (1847 - 1915),,"Excellent color and detail. A couple repairs, slight curling at top of center panel.",1,2024-02-23 15:35:45,5.1663
912557,"Boy Sumo Wrestler, 1893",Kunichika (1835 - 1900),,"Nice color and detail. Slight separation at ends of vertical centerfold, repaired. A couple creases at edges.",1,2024-02-23 15:35:45,4.9712
902567,Chrysanthemum Tanzaku Print,Shin-hanga & Modern artist (unsigned),,Excellent overall with no issues to report.,1,2024-02-23 15:35:45,4.1396
915575,"Temple of Kinugasa, circa 1930s",Shotei (Takahashi Hiroaki) (1871 - 1945),,Excellent color and detail. No issues to report.,1,2024-02-23 15:35:45,4.8451
911018,Evening Snow,Hasui (1883 - 1957),,Excellent color and detail. No issues to report.,1,2024-02-23 15:35:45,5.3538
907402,"Beauty with a Doll, 2005",Okumura Yukimasa (born 1947),Series; Tokyo Beauties of Yanagibashi,Excellent overall with no issues to report.,1,2024-02-23 15:35:45,5.0306
901104,"Child Having a Nightmare, 1892",Kunichika (1835 - 1900),,"Nice color and detail. Vertical centerfold. Thinning at edge, repaired. A couple creases at edges.",1,2024-02-23 15:35:45,4.9712
909290,"Mischievous Child, 1892",Kunichika (1835 - 1900),,"Nice color and detail. Vertical centerfold. Thinning at side, a couple tiny tears at edge, repaired. A couple creases at edges.",1,2024-02-23 15:35:45,4.9712
900556,"Child Eating Rice, 1893",Kunichika (1835 - 1900),,Nice color and detail. Vertical centerfold. A couple creases at edges.,1,2024-02-23 15:35:45,4.9712
913025,"Shaving the Head, 1892",Kunichika (1835 - 1900),,"Nice color and detail. Vertical centerfold. Thinning at side, small tear at edge, repaired. A couple creases at edges.",1,2024-02-23 15:35:45,4.9712
915488,"Girl Playing Shamisen and Singing, 1892",Kunichika (1835 - 1900),,"Nice color and detail. Slight separation at ends of vertical centerfold, repaired. A couple creases at edges.",1,2024-02-23 15:35:45,4.9712
901684,"Fish Market Child, 1892",Kunichika (1835 - 1900),,"Nice color and detail. Vertical centerfold. A couple tiny tears at edge, repaired. A couple creases at edges.",1,2024-02-23 15:35:45,4.9712
908292,Farmer and Scarecrow with View of Mt. Fuji,Meiji era artist (unsigned),,Excellent color and detail. Slight toning.,1,2024-02-23 15:35:45,4.2429
902697,"Shiragi of Inagi-ro and Ochiyo of Nakanocho, 1883",Chikanobu (1838 - 1912),Series; Praise for Multicolored Blossoms,Excellent color and nice detail.,1,2024-02-23 15:35:46,5.3508
911074,Arrows and Target Surimono,Shinsai (1764? - 1820),,"Nice detail. Small loss at corner, repaired. A couple lightly indented lines, small crease.",1,2024-02-23 15:35:46,5.1777
905332,"Box, Seal in the Form of a Puppy, and Feather Surimono",Hokkei (1780 - 1850),,Nice detail. A couple small creases at edges.,1,2024-02-23 15:35:46,5.2876
914367,"Bow, Arrows, and Target Surimono",Shinsai (1764? - 1820),,Nice detail. Backed with paper. A couple tiny creases at corners.,1,2024-02-23 15:35:46,5.1777
914910,"Night Rain at Yanagihara, 1881",Kiyochika (1847 - 1915),,"Nice color and detail. Vertical folds. A few creases at edges and repairs, paper remnant in top margin.",1,2024-02-23 15:35:46,5.1663
904827,Angry Confrontation and Supernatural Flame,Sadanobu II (1848 - 1940),,Excellent color and nice detail. A few repairs.,1,2024-02-23 15:35:46,4.9112
901030,"Cherry Blossoms; Chinese Man; Calligraphy; Dancers, 1878",Kyosai (1831 - 1889) and Hiroshige III (1843 - 1894),,Good color and detail. Small repair.,1,2024-02-23 15:35:46,4.947
903540,"Acrobats; Turtle Poling a Boat; Frog Harimaze, 1864",Kyosai (1831 - 1889),Series; Cartoons by Kyosai (Kyosai Manga),Good color and detail.,1,2024-02-23 15:35:46,5.0329
905884,"Five Komuso, 1859",Toyokuni III/Kunisada (1786 - 1864),,"Nice detail and good color. Backed with paper. Stitching holes at one side of each panel, wormholes, repaired.",1,2024-02-23 15:35:46,4.9902
915531,"Scene from Kagamiyama kokyo no nishiki-e, 1829",Ashiyuki (active circa 1813 - 1831),,"Nice detail and good color. Horizontal centerfold, a few small repairs.",1,2024-02-23 15:35:46,5.051
906684,"Scene from Keisei Chigogafuchi, 1817",Ashiyuki (active circa 1813 - 1831),,"Good detail. Partially backed with paper. Small repair, a few creases.",1,2024-02-23 15:35:46,5.051
913438,Swordfight in the Snow,Sadanobu II (1848 - 1940),,Good color and detail. A few creases at edges and repairs.,1,2024-02-23 15:35:46,4.9112
905455,"Scene from Itsumadegusa Ukina no Kaeuta, 1854",Toyokuni III/Kunisada (1786 - 1864),,"Nice detail. Backed with paper. Stitching holes at one side of each panel, repaired.",1,2024-02-23 15:35:47,4.9902
908639,"Three People Drinking at the Beginning of Spring, 1847",Kuniyoshi (1797 - 1861),,"Nice detail. A few wormholes, repaired. A couple light creases at edges.",1,2024-02-23 15:35:47,5.3703
906452,Landscape with Chrysanthemums,Shin-hanga & Modern artist (unsigned),,Excellent color and detail. No issues to report.,1,2024-02-23 15:35:47,4.1396
902844,"Beauties of Kadoebi-ro, 1884",Chikanobu (1838 - 1912),Series; Praise for Multicolored Blossoms,Excellent color and nice detail.,1,2024-02-23 15:35:47,5.3508
910719,"Scene from Kaikei tenga-jaya mura, 1854",Toyokuni III/Kunisada (1786 - 1864),,"Nice detail. Backed with paper. Stitching holes at one side of each panel, repaired.",1,2024-02-23 15:35:47,4.9902
905360,"Scene from Hatsu-momiji Ogura no Shikishi, 1854",Toyokuni III/Kunisada (1786 - 1864),,Nice detail. A few small repairs. Slight curling at sides.,1,2024-02-23 15:35:47,4.9902
912974,"Scene from Tsukimi no Hare Meiga no Ichijiku, 1962",Kuniaki (active circa 1844 - 1868) ,,"Good detail. Backed with paper. Slight separation at ends of vertical folds between panels, a few wormholes, repaired.",1,2024-02-23 15:35:47,4.9961
916124,"Sakyo of the Shinagawa-ro and Kama of Nakanocho, 1883",Chikanobu (1838 - 1912),Series; Praise for Multicolored Blossoms,Excellent color and nice detail.,1,2024-02-23 15:35:47,5.3508
904837,"Scene from Ise Ondo Koi no Netaba, 1855",Toyokuni III/Kunisada (1786 - 1864),,"Good detail. Thinning area, a few holes, repaired. Light curling at sides, staining on beauty's face.",1,2024-02-23 15:35:47,4.9902
904581,"Hagoromo of Kadoebi-ro and Koiku of Nakanacho, 1884",Chikanobu (1838 - 1912),Series; Praise for Multicolored Blossoms,Excellent color and nice detail.,1,2024-02-23 15:35:47,5.3508
903810,"Sakyo of Hikota-ro and Chiya of Nakanomachi, 1883",Chikanobu (1838 - 1912),Series; Praise for Multicolored Blossoms,Excellent color and nice detail.,1,2024-02-23 15:35:47,5.3508
916007,"Sugawara of Daimonji-ro and Oai of Nakanocho, 1884",Chikanobu (1838 - 1912),Series; Praise for Multicolored Blossoms,Excellent color and nice detail.,1,2024-02-23 15:35:47,5.3508
914201,"Kocho of Kadoebi-ro and Yoshi of Nakanocho, 1884",Chikanobu (1838 - 1912),Series; Praise for Multicolored Blossoms,Excellent color and nice detail.,1,2024-02-23 15:35:47,5.3508
906835,"Shotaku of Shinagawa-ro and Omatsu of Nakanocho, 1884",Chikanobu (1838 - 1912),Series; Praise for Multicolored Blossoms,Excellent color and nice detail.,1,2024-02-23 15:35:47,5.3508
911574,"Ariwara of Shinagawa-ro and Beauty of Nakanocho, 1884",Chikanobu (1838 - 1912),Series; Praise for Multicolored Blossoms,Excellent color and nice detail.,1,2024-02-23 15:35:47,5.3508
907333,"Ichinose of Shinagawa-ro and Kobuki of Nakanocho, 1884",Chikanobu (1838 - 1912),Series; Praise for Multicolored Blossoms,Excellent color and nice detail.,1,2024-02-23 15:35:47,5.3508
907908,"Bando Hikosaburo V as Ono Sadakuro, 1861",Toyokuni III/Kunisada (1786 - 1864),"Series; Contemporary Portraits of Actors with Their Own Handwriting, 1861",Good detail. Small repair.,1,2024-02-23 15:35:48,4.9902
903123,Beauty with an Umbrella in the Snow Kakemono,Eisen (1790 - 1848),,Good detail. A few small repairs and light creases.,1,2024-02-23 15:35:48,5.4133
914240,"Scene from Chujo Hime Taima Engi, 1884",Kunichika (1835 - 1900),,Good color and detail. Vertical folds between panels. A few small repairs and creases.,1,2024-02-23 15:35:48,4.9712
907568,"Bando Hikosaburo V as Shinsui, 1862",Toyokuni III/Kunisada (1786 - 1864),From an untitled series of actors with poems,Good detail. A few repairs.,1,2024-02-23 15:35:48,4.9902
905821,"Kataoka Gato II as Kato Masakiyo in the Play Hachijin shugo no Honjo, 1861",Toyokuni III/Kunisada (1786 - 1864),"Series; Contemporary Portraits of Actors with Their Own Handwriting, 1861",Nice detail. A few repairs.,1,2024-02-23 15:35:48,4.9902
913009,"Thousand-armed Kannon Game, 1896",Miyagawa Shuntei (1873 - 1914),Series; Children's Manners and Customs (Kodomo fuzoku),"Nice color and detail. Horizontal folds. Loss at corner, repaired. Creasing throughout.",1,2024-02-23 15:35:48,4.5671
912269,"Miracle of Masterpieces by Ukiyo Matabei, 1853",Kuniyoshi (1797 - 1861),,Good detail. A few small repairs.,1,2024-02-23 15:35:48,5.3703
910177,"Lady Ukon, Poet No. 38",Kuniyoshi (1797 - 1861),"Series; Comparison of the Ogura One Hundred Poets, One Poem Each, circa 1847",Nice detail. A couple small repairs.,1,2024-02-23 15:35:48,5.3703
909019,"Metal, 1852",Kuniyoshi (1797 - 1861),Series; Select Five Elements,Nice detail. A few small repairs. A few vertical wrinkles.,1,2024-02-23 15:35:48,5.3703
909685,"Beauty Unrolling a Scroll, 1849 - 1853",Kuniyoshi (1797 - 1861),,"Nice detail. Thinning at edges, a few holes, repaired. A few light creases.",1,2024-02-23 15:35:48,5.3703
915754,"Scene from Kotoba no Hana Momiji no Yozakari, 1849",Kuniyoshi (1797 - 1861),,"Nice detail. Backed with paper. A few small repairs, curling, light rippling near shoulder.",1,2024-02-23 15:35:48,5.3703
916177,A Shop: Woman of the Kosho Era (1455 -1457),Toshikata (1866 - 1908),"Series; Thirty-six Selected Beauties, 1891 - 1894 (Sanjuroku Kasen)",Nice color and detail. Backed with paper. Faint offsetting.,1,2024-02-23 15:35:48,4.6882
901907,The Syllable Ri for the Carp Scroll (Rigyo no ichijiku): Onoe Kikugoro III as Kizugawa Yoemon,Toyokuni III/Kunisada (1786 - 1864),"Series; The Seven Variations of the Iroha, 1856",Good detail. Horizontal centerfold. A few small repairs.,1,2024-02-23 15:35:48,4.9902
915557,"Green Wind, 2002",Seiji Sano (born 1959),,Excellent color and detail. A couple faint spots in margins. Otherwise excellent condition.,1,2024-02-23 15:35:48,5.5356
906253,Winter: From Yakushiji,Masao Ido (1945 - 2016),"Series; Series; Four Seasons of Yamato, 2003",Excellent color and detail. Faint toning and spotting in margins.,1,2024-02-23 15:35:48,5.1949
906793,Summer: Nigatsudo,Masao Ido (1945 - 2016),"Series; Series; Four Seasons of Yamato, 2003",Excellent color and detail. No issues to report.,1,2024-02-23 15:35:48,5.1949
911586,Autumn: Kofukuji,Masao Ido (1945 - 2016),"Series; Series; Four Seasons of Yamato, 2003",Excellent color and detail. Faint toning.,1,2024-02-23 15:35:48,5.1949
903571,The Syllable Ma for Masakado: Iwai Kumesaburo III as Takiyasha-hime and Nakamura Fukusuke I as Otaku Taro,Toyokuni III/Kunisada (1786 - 1864),"Series; The Seven Variations of the Iroha, 1856","Good detail. Stitching holes at side, a couple wormholes, repaired.",1,2024-02-23 15:35:48,4.9902
904139,The Syllable Ko for the Play Kokusenya: Ichikawa Ebizo V as Kanki and Ichikawa Danjuro VIII as Watonai,Toyokuni III/Kunisada (1786 - 1864),"Series; The Seven Variations of the Iroha, 1856","Good detail. A few wormholes, repaired.",1,2024-02-23 15:35:48,4.9902
907028,"Scene from Sugawara denju tenarai kagami, 1850",Kuniyoshi (1797 - 1861),,"Nice detail. Horizontal and vertical centerfolds. A couple losses at corners and wormholes, repaired.",1,2024-02-23 15:35:48,5.3703
911256,The Syllable I for the Battle of Ichi-no-Tani: Ichikawa Ebizo V as Kumagai and Kawarazaki Gonjuro I as Atsumori,Toyokuni III/Kunisada (1786 - 1864),"Series; The Seven Variations of the Iroha, 1856","Good detail. Stitching holes at side, a couple wormholes, repaired.",1,2024-02-23 15:35:48,4.9902
908333,The Syllable Wa for Ferry Landing (Watashiba): Iwai Kumesaburo III as Seigen-ni and Ichikawa Kodanji IV as Sarushima Sota,Toyokuni III/Kunisada (1786 - 1864),"Series; The Seven Variations of the Iroha, 1856","Good color and detail. Stitching holes at side, a few wormholes, repaired.",1,2024-02-23 15:35:48,4.9902
908677,The Syllable Hi for Shank's Mare (Hizakurige): Nakamura Aizo I as Yajirobei and Nakamura Tsuruzo I as Kitahachi,Toyokuni III/Kunisada (1786 - 1864),"Series; The Seven Variations of the Iroha, 1856","Good detail and color. Stitching holes at side, repaired.",1,2024-02-23 15:35:48,4.9902
913925,"Kumasaka Chohan Fighting Ushiwakamaru at an Inn, 1847 - 1850",Kuniyoshi (1797 - 1861),,"Nice detail. Stitching holes at one side of each panel, a few wormholes, repaired. A couple light creases at edges.",1,2024-02-23 15:35:48,5.3703
903073,Ukai Kokichi,Yoshitsuya (1822 - 1866),Series; Lives of Loyal Heroes of Recent Times (Kinsei Giyu Gen),"Nice detail. Small repair, diagonal folds and a few creases at edges.",1,2024-02-23 15:35:48,4.846
905914,"Scene from Fujimi Saigyo, 1849",Kuniyoshi (1797 - 1861),,"Nice detail. Stitching holes at one side of each panel, a few small holes, repaired. A few light creases at edges.",1,2024-02-23 15:35:48,5.3703
900242,"The Syllable Ne for Rat Magic (Nezumi no jutsu): Matsumoto Kinsho I as Nikki Danjo, 1856",Toyokuni III/Kunisada (1786 - 1864),"Series; The Seven Variations of the Iroha, 1856",Good color and detail. A few small repairs.,1,2024-02-23 15:35:49,4.9902
913073,"The Syllable Re for the Play Renri no shigarami: Iwai Kumesaburo III as Ohan and Kataoka Gado II as Choemon, 1856",Toyokuni III/Kunisada (1786 - 1864),"Series; The Seven Variations of the Iroha, 1856","Good color and detail. A few small repairs, vertical fold at side, a couple creases at edges.",1,2024-02-23 15:35:49,4.9902
913459,Beauty with a Battledore Kakemono,Kuniyoshi (1797 - 1861),,Good detail. Backed with paper. Horizontal folds.,1,2024-02-23 15:35:50,5.3703
909490,Beauty Holding a Lantern Kakemono,Eizan (1787 - 1867),,"Good detail. Backed with paper. Wormholes, repaired. Horizontal folds, slight rubbing.",1,2024-02-23 15:35:50,5.4046
914595,"The Image of a Japanese Beauty Kakemono, 1843 - 1845",Toyokuni III/Kunisada (1786 - 1864),,Good detail. Horizontal centerfold. A few small repairs.,1,2024-02-23 15:35:50,4.9902
908122,"Celebrating Tanabata Festival, 1855",Kunisada II (1823 - 1880),Series; The Five Festivals Represented by Eastern Genji,"Good detail. Backed with paper. Large tear, a few holes, repaired. Creasing throughout.",1,2024-02-23 15:35:50,5.0398
904392,"A Parody of the Hana no en Chapter in Genji, 1855",Toyokuni III/Kunisada (1786 - 1864),,"Good detail. A few small repairs, light vertical fold in right panel.",1,2024-02-23 15:35:50,4.9902
912220,"Ichikawa Danjuro VII as Takechi Mitsuhide, Ichikawa Danjuro VIII as Fuwa Banzaemon, and Ichikawa Gonjuro I as Nagoya Sanza, 1861",Toyokuni III/Kunisada (1786 - 1864),"Series; Toyokuni's Manga on Three Wine Cups, 1861","Nice detail. A few small repairs at edges, horizontal centerfold, light creasing throughout.",1,2024-02-23 15:35:50,4.9902
904538,"Drastic Price Reduction Moved to Clearance, Act Fast!",Meiji era artist (unsigned),,This print with nice color and detail as shown. Staining in margins. Please see photos for details.,1,2024-02-23 15:35:51,4.2429
903098,"Drastic Price Reduction Moved to Clearance, Act Fast!",Toyokuni III/Kunisada (1786 - 1864),,This print with nice color and detail as shown. Rubbing and staining throughout. Please see photos for details.,1,2024-02-23 15:35:51,4.9902
911446,"Drastic Price Reduction Moved to Clearance, Act Fast!",Kunichika (1835 - 1900),,"Good detail. Backed with paper. Staining, a few wormholes.",1,2024-02-23 15:35:51,4.9712
908056,"Drastic Price Reduction Moved to Clearance, Act Fast!",Shin-hanga & Modern artist (unsigned or not read),,Nice color and detail. One print has a small stain at edge.,1,2024-02-23 15:35:51,4.9143
902292,"Drastic Price Reduction Moved to Clearance, Act Fast!",Chikanobu (1838 - 1912),,"Good detail. Losses at edges, holes, folds, wrinkling throughout.",1,2024-02-23 15:35:51,5.3508
913420,"Drastic Price Reduction Moved to Clearance, Act Fast!",Kunisada III (1848 - 1920),,"Good detail. A few tears at edges, wormholes, slight creasing.",1,2024-02-23 15:35:51,4.5157
915564,"Drastic Price Reduction Moved to Clearance, Act Fast!",Meiji era artist (not read),,"Good detail. Backed with paper. Wrinkling throughout, stain.",1,2024-02-23 15:35:51,4.2802
902260,"Bando Mitsugoto III as Kumagai Naozane, Bando Shuka I as Yamauba, and Bando Mitsugoro VI as Kaidomaru, 1861",Toyokuni III/Kunisada (1786 - 1864),"Series; Toyokuni's Manga on Three Wine Cups, 1861","Nice detail. A few small repairs at edges, horizontal centerfold, light creasing throughout.",1,2024-02-23 15:35:51,4.9902
902484,"Drastic Price Reduction Moved to Clearance, Act Fast!",Sadahiro II (1838 - 1918),,Good color and detail. A couple small repairs.,1,2024-02-23 15:35:51,4.9143
915187,"Drastic Price Reduction Moved to Clearance, Act Fast!",Toyokuni III/Kunisada (1786 - 1864),,This print with nice color and detail as shown. Rubbing and staining throughout. Please see photos for details.,1,2024-02-23 15:35:51,4.9902
900250,"Drastic Price Reduction Moved to Clearance, Act Fast!",Chikanobu (1838 - 1912),,"This print with nice color as shown. Toning, staining, and creases throughout. Backed with paper. Please see photos for details.",1,2024-02-23 15:35:51,5.3508
915769,"Drastic Price Reduction Moved to Clearance, Act Fast!",Ginko (active 1874 - 1897),"Series; Annual Events of the Theatrical Year in Great Edo, 1897",This print with nice color and detail as shown. Light staining. Please see photos for details.,1,2024-02-23 15:35:52,4.9605
908598,Fine Old Reprint Clearance! A Fuji Arts Value,Utamaro (1750 - 1806),,This print with nice color and detail as shown. Faint brown spotting on face. Please see photos for details.,0,2024-02-24 15:12:33,4.0166
915264,Fine Old Reprint Clearance! A Fuji Arts Value,Utamaro (1750 - 1806),,This print with nice color and detail as shown. Faint staining. Please see photos for details.,0,2024-02-24 15:12:33,4.0166
911354,Fine Old Reprint Clearance! A Fuji Arts Value,Utamaro (1750 - 1806),,This print with nice color and detail as shown. A couple of small brown stains. Please see photos for details.,0,2024-02-24 15:12:33,4.0166
915328,A Clearance Opportunity! Meiji or Edo era Original,Toyokuni III/Kunisada (1786 - 1864) and Hiroshige,,This print with nice color and detail as shown. Holes throughout. Backed with thin paper. Please see photos for details.,1,2024-02-24 15:12:33,4.7959
916065,"Drastic Price Reduction Moved to Clearance, Act Fast!",Chikashige (active circa 1869 - 1882),"Series; Thirty-six Selected Actors and Storytellers, 1881",Nice color and detail. Backed with paper. A few small repairs.,1,2024-02-24 15:12:33,4.6691
901357,"Fishing Port, 1999",Fumio Fujita (born 1933),,Excellent color and detail. A couple light creases at edge.,1,2024-02-24 15:12:34,4.1778
903381,A Clearance Opportunity! Meiji or Edo era Original,Toyokuni III/Kunisada (1786 - 1864) and Hiroshige,,This print with nice color and detail as shown. Holes throughout. Backed with thin paper. Please see photos for details.,1,2024-02-24 15:12:34,4.7959
901444,A Clearance Opportunity! Meiji or Edo era Original,Toyokuni III/Kunisada (1786 - 1864),,This print with nice color and detail as shown. Rubbing and light staining throughout. Small holes along edges. Please see photos for details.,1,2024-02-24 15:12:34,4.9902
909845,A Clearance Opportunity! Meiji or Edo era Original,Eisen (1790 - 1848),,This print with nice detail as shown. Rubbing and staining throughout. Holes around face. Please see photos for details.,1,2024-02-24 15:12:34,5.4133
902836,"Scenery of Rice Terraces, 2000",Koichi Maeda (born 1936),,Excellent color and detail. A couple creases at edge.,1,2024-02-24 15:12:34,4.4043
912859,"To the Sea of Coral Reefs, 2000",Mitsuhiro Unno (1939 - 1979),,Excellent color and detail. No issues to report.,1,2024-02-24 15:12:34,4.408
911682,"Ginza 6-chome, 2000",Takao Sano (born 1941),,Excellent color and detail. No issues to report.,1,2024-02-24 15:12:34,4.1925
906024,"January Sunrise, 2000",Masaya Watabe (born 1931),,Excellent color and detail. No issues to report.,1,2024-02-24 15:12:34,4.3513
909167,"Maple Paper Box, 1999",Takao Sano (born 1941),,Excellent color and detail. A few light creases at edges.,1,2024-02-24 15:12:34,4.1925
913462,"Autumn Dimension and Space, 1999",Yoshisuke Funasaka (born 1939),,Excellent color and detail. A couple light creases at edge.,1,2024-02-24 15:12:34,4.1069
909325,"Sea Breeze, 1999",Shuzo Ikeda (1922 - 2004),,Excellent color and detail. No issues to report.,1,2024-02-24 15:12:34,4.3139
911719,"Winter Dimension and Space, 1999",Yoshisuke Funasaka (born 1939),,Excellent color and detail. A couple tiny spots in margin.,1,2024-02-24 15:12:35,4.1069
905173,"Kabuki, 1999",Masaya Watabe (born 1931),,Excellent color and detail. A couple light creases at edge.,1,2024-02-24 15:12:35,4.3513
904426,"Flying, 1999",Shuzo Ikeda (1922 - 2004),,Excellent color and detail. Creasing at top edge.,1,2024-02-24 15:12:35,4.3139
907837,Maiko at the Silver Pavilion in Winter,Shin-hanga & Modern artist (not read),,Nice color and detail. Some prints have slight toning or a few creases.,1,2024-02-24 15:12:35,4.0626
910785,"Minori (Prayer-offering), Chapter 40",Masao Ebina (1913 - 1980),Series; The Tale of Genji,Excellent color and detail. Soft vertical fold at right.,1,2024-02-24 15:12:36,4.1731
907960,Kawasaki: Iwai Hanshiro V as Shirai Gonpachi,Toyokuni III/Kunisada (1786 - 1864),"Series; The Fifty-three Stations of the Tokaido, 1852","Good detail. A few wormholes, repaired. Slight wrinkling at sides.",1,2024-02-24 15:12:36,4.9902
909215,Yokkaichi: Iwai Hanshiro VI as Gaku no Osan,Toyokuni III/Kunisada (1786 - 1864),"Series; The Fifty-three Stations of the Tokaido, 1852",Good detail. A few repairs at edges.,1,2024-02-24 15:12:36,4.9902
902652,Otsu: Iwai Kumesaburo III as Matahei's Wife Otoku,Toyokuni III/Kunisada (1786 - 1864),"Series; The Fifty-three Stations of the Tokaido, 1852","Nice detail. Stitching holes at side, repaired. A couple light creases.",1,2024-02-24 15:12:36,4.9902
914536,Kameyama: Matsumoto Koshiro V as Fujikawa Mizuemon,Toyokuni III/Kunisada (1786 - 1864),"Series; The Fifty-three Stations of the Tokaido, 1852",Nice color and detail. Small repair.,1,2024-02-24 15:12:36,4.9902
903426,Yokkaichi: Otani Tomoemon IV as Washizuka Daihachi,Toyokuni III/Kunisada (1786 - 1864),"Series; The Fifty-three Stations of the Tokaido, 1852","Nice detail. Backed with paper. A few small repairs, light horizontal line where backing papers meet.",1,2024-02-24 15:12:36,4.9902
912278,Shimada: Ichikawa Danjuro VIII as Miyagi Asojiro,Toyokuni III/Kunisada (1786 - 1864),"Series; The Fifty-three Stations of the Tokaido, 1852","Nice detail. A few holes, thinning at edge, repaired. Slight rubbing at edge.",1,2024-02-24 15:12:36,4.9902
911054,Fukuroi: Arashi Rikan III as Tadanobu,Toyokuni III/Kunisada (1786 - 1864),"Series; The Fifty-three Stations of the Tokaido, 1852","Good detail. A few wormholes and small holes, repaired. A few light creases at edges.",1,2024-02-24 15:12:36,4.9902
904469,Fujieda: Bando Mitsugoro III as Kumagai Naozane,Toyokuni III/Kunisada (1786 - 1864),"Series; The Fifty-three Stations of the Tokaido, 1852","Good detail. A few wormholes, repaired. A few creases at edges.",1,2024-02-24 15:12:36,4.9902
912481,Okazaki: Nakamura Utaemon IV as Karaki Masaemon,Toyokuni III/Kunisada (1786 - 1864),"Series; The Fifty-three Stations of the Tokaido, 1852","Nice detail. A few small repairs, a couple light creases at edges.",1,2024-02-24 15:12:36,4.9902
909275,Akasaka: Bando Mitsuemon I as Sawai Sukebei,Toyokuni III/Kunisada (1786 - 1864),"Series; The Fifty-three Stations of the Tokaido, 1852","Nice detail. Stitching holes at side, repaired. A couple light creases at edges.",1,2024-02-24 15:12:36,4.9902
901520,Nihonbashi: Ichikawa Danjuro VIII as a Water Vendor,Toyokuni III/Kunisada (1786 - 1864),"Series; The Fifty-three Stations of the Tokaido, 1852","Good detail. A couple light creases, a few small repairs at edge.",1,2024-02-24 15:12:36,4.9902
904215,"Fly! Over Hokusai (VI), 1995",Seiko Kawachi (born 1948),,Excellent color and detail as shown. No issues to report.,1,2024-02-24 15:12:36,4.9143
903631,Nihonbashi: Bando Mitsugoro III as a Fishmonger,Toyokuni III/Kunisada (1786 - 1864),"Series; The Fifty-three Stations of the Tokaido, 1852",Good detail. A few repairs.,1,2024-02-24 15:12:36,4.9902
902031,"Fly! Over Hokusai (V), 1995",Seiko Kawachi (born 1948),,Excellent color and detail as shown. No issues to report.,1,2024-02-24 15:12:36,4.9143
908086,Beauty Returning from a Bath,Eizan (1787 - 1867),,Good detail. Vertical fold in top panel. A few small repairs and creases.,1,2024-02-24 15:12:37,5.4046
906510,Courtesan with a Butterfly Kimono Kakemono,Eizan (1787 - 1867),,Good detail. A few repairs and creases.,1,2024-02-24 15:12:37,5.4046
910102,"Fujibakama, Chapter 30",Toyokuni III/Kunisada (1786 - 1864),Series; Fifty-four Chapters of The Tale of Genji,Excellent color and good detail. Backed with somewhat stiff paper. Some prints have a couple small spots.,1,2024-02-24 15:12:37,4.9902
911581,"Kagaribi, Chapter 27",Toyokuni III/Kunisada (1786 - 1864),Series; Fifty-four Chapters of The Tale of Genji,Excellent color and good detail. Backed with somewhat stiff paper. Some prints have a couple small spots.,1,2024-02-24 15:12:37,4.9902
905903,"Hotaru, Chapter 25",Toyokuni III/Kunisada (1786 - 1864),Series; Fifty-four Chapters of The Tale of Genji,Excellent color and good detail. Backed with somewhat stiff paper. Some prints have a couple small spots.,1,2024-02-24 15:12:37,4.9902
906556,"Hatsune, Chapter 23",Toyokuni III/Kunisada (1786 - 1864),Series; Fifty-four Chapters of The Tale of Genji,Excellent color and good detail. Backed with somewhat stiff paper. Some prints have a couple small spots.,1,2024-02-24 15:12:37,4.9902
911275,"Otome, Chapter 21",Toyokuni III/Kunisada (1786 - 1864),Series; Fifty-four Chapters of The Tale of Genji,Excellent color and good detail. Backed with somewhat stiff paper. Some prints have a couple small spots.,1,2024-02-24 15:12:37,4.9902
904807,"Tamakazura, Chapter 22",Toyokuni III/Kunisada (1786 - 1864),Series; Fifty-four Chapters of The Tale of Genji,Excellent color and good detail. Backed with somewhat stiff paper. Some prints have a couple small spots.,1,2024-02-24 15:12:37,4.9902
901595,"The Hour of the Horse, Ninth Hour of Day, circa 1818 - 1824",Toyokuni III/Kunisada (1786 - 1864),Series; Twelve Hours of a Modern Clock,"Good detail. Stitching holes at side, a few wormholes, repaired. Light creasing throughout.",1,2024-02-24 15:12:37,4.9902
911914,"Tenerai, Chapter 53",Toyokuni III/Kunisada (1786 - 1864),Series; Fifty-four Chapters of The Tale of Genji,Excellent color and good detail. Backed with somewhat stiff paper. Some prints have a couple small spots.,1,2024-02-24 15:12:37,4.9902
913407,"Maboroshi, Chapter 41",Toyokuni III/Kunisada (1786 - 1864),Series; Fifty-four Chapters of The Tale of Genji,Excellent color and good detail. Backed with somewhat stiff paper. Light ripple near bottom edge.,1,2024-02-24 15:12:37,4.9902
906331,"Usugumo, Chapter 19",Toyokuni III/Kunisada (1786 - 1864),Series; Fifty-four Chapters of The Tale of Genji,Excellent color and good detail. Backed with somewhat stiff paper. Some prints have a couple small spots.,1,2024-02-24 15:12:37,4.9902
902767,"Hana-no-en, Chapter 8",Toyokuni III/Kunisada (1786 - 1864),Series; Fifty-four Chapters of The Tale of Genji,Excellent color and good detail. Backed with somewhat stiff paper. Slight rippling at top edge.,1,2024-02-24 15:12:37,4.9902
912130,"Miotsukushi, Chapter 14",Toyokuni III/Kunisada (1786 - 1864),Series; Fifty-four Chapters of The Tale of Genji,"Excellent color and good detail. Backed with somewhat stiff paper. Thinning at edge, repaired.",1,2024-02-24 15:12:37,4.9902
908738,"Yume-no-ukihashi, Chapter 54",Toyokuni III/Kunisada (1786 - 1864),Series; Fifty-four Chapters of The Tale of Genji,Excellent color and good detail. Backed with somewhat stiff paper. Some prints have a couple small spots.,1,2024-02-24 15:12:37,4.9902
907793,Courtesan in a Rooster Kimono Kakemono,Toyokuni III/Kunisada (1786 - 1864) ,,Good detail. A few repairs.,1,2024-02-24 15:12:37,4.9221
904491,"New Play at the Meiji Theater: Toyama Zakura Tenpo Nikki, 1893",Kunichika (1835 - 1900),,Nice color and detail. Backed with paper.,1,2024-02-24 15:12:38,4.9712
902439,Imperial Procession at Ueno,Chikanobu (1838 - 1912),Series; Chiyoda Outer Palace (Chiyoda no on-omote),"Nice color and detail. Backed with paper. A few small losses, repaired.",1,2024-02-24 15:12:38,5.3508
905926,"Oshu, Moon over Mano Village, Customary Silk Fulling, Princess Nadeshiko and Tsuchikuro, No. 34",Chikanobu (1838 - 1912),"Series; Snow, Moon, Flowers",Nice color and good detail. Backed with paper.,1,2024-02-24 15:12:38,5.3508
900443,"Mikawa, Snow at Okazaki, Kofuyu and Ishikawa Goemon, No. 11",Chikanobu (1838 - 1912),"Series; Snow, Moon, Flowers",Nice color and good detail. A few repairs and light creases.,1,2024-02-24 15:12:38,5.3508
900221,Sumo Wrestler Ayasegawa Sanzaemon,Kuniteru II (1829 - 1874),,Good color and detail. Small repair.,1,2024-02-24 15:12:38,4.9899
900263,"Sumo Wrestler Koyanagi Tsunekichi, 1867",Kuniteru II (1829 - 1874),,Good color and detail. A few light creases at edges and small repairs.,1,2024-02-24 15:12:38,4.9899
903787,Sumo Wrestler Umegatani Totaro,Kuniaki II (1835 - 1888),,Good color and detail. A few small repairs.,1,2024-02-24 15:12:38,5.1666
909340,Parody of the Three Famous Courtesans,Kuniteru II (1829 - 1874),,"Nice color and good detail. Small losses at corners, a few holes, repaired.",1,2024-02-24 15:12:38,4.9899
905433,Sumo Wrestler Shiramayumi Hidaemon,Toyokuni III/Kunisada (1786 - 1864),,Good detail. A few creases at edges and repairs.,1,2024-02-24 15:12:38,4.9902
903284,"The Battles of Coxinga, 1882",Chikashige (active circa 1869 - 1882),,Nice color and detail. A few creases at edges and small repairs.,1,2024-02-24 15:12:38,4.6691
904192,"Attacking a Tattooed Man, 1893",Kunichika (1835 - 1900),,"Nice detail and good color. A few repairs at edges, offsetting, spot on beauty's face, tape on back at edges.",1,2024-02-24 15:12:38,4.9712
904008,Two-panel Kabuki Paper Model Set,Meiji era artist (unsigned),,Good color and detail. A couple folds at corners and small repairs.,1,2024-02-24 15:12:38,4.2429
914038,"The 47 Ronin, Act 9: Yuranosuke's Country Retreat in Yamashina",Meiji era artist (not read),,"Nice color and good detail. A few wormholes, repaired.",1,2024-02-24 15:12:38,4.2802
904043,Samurai in Battle,Meiji era artist (unsigned),,Nice color and detail. One panel backed with paper. A couple vertical wrinkles.,1,2024-02-24 15:12:38,4.2429
907199,Kato Kiyomasa Hunting Tigers,Kokunimasa (1874 - 1944),,"Nice color and detail. Small loss and a few small tears at edges, tears along right side of right panel, repaired.",1,2024-02-24 15:12:38,5.4284
910439,Sumo Wrestler Zogahana Heisuke ,Kuniteru II (1829 - 1874),,Good color and detail. A couple small repairs.,1,2024-02-24 15:12:38,4.9899
912023,"Scene from Soga Moyo Kameyama-zome, 1855",Toyokuni III/Kunisada (1786 - 1864),,"Good detail. Small repairs, creasing throughout.",1,2024-02-24 15:12:38,4.9902
911940,The Kan'ei to Shoho Era,Kiyochika (1847 - 1915),"Series; Flower Patterns, 1896","Excellent detail. Loss at edge, a couple tears at edge, repaired. A few light creases, including on beauty's face.",1,2024-02-24 15:12:38,5.1663
912729,Pagoda in Winter,Shin-hanga & Modern artist (not read),,This print with excellent color and detail as shown. Please see photos for details.,1,2024-02-24 15:12:39,4.0626
907961,"Beauty Holding a Sandal, 1866",Yoshiiku (1833 - 1904),,Good color and detail.,1,2024-02-24 15:12:39,5.0906
913040,"Scene from Hana butai banjaku Soga, 1855",Toyokuni III/Kunisada (1786 - 1864),,Good detail. A few creases at edges.,1,2024-02-24 15:12:39,4.9902
915954,"Drastic Price Reduction Moved to Clearance, Act Fast!",Yoshisuke Funasaka (born 1939),,Excellent color and detail. A couple tiny spots in margins.,1,2024-02-24 15:12:39,4.1069
915286,"Drastic Price Reduction Moved to Clearance, Act Fast!",Koichi Maeda (born 1936),,Excellent color and detail. Light crease at top edge.,1,2024-02-24 15:12:39,4.4043
906178,"Drastic Price Reduction Moved to Clearance, Act Fast!",Yoshitora  (active circa 1836 - 1887),"Series; Tea Ceremony Utensils, a Kyoka Collection, 1855",Good detail. Backed with paper. Small repair.,1,2024-02-24 15:12:39,4.4326
907414,"Chion-in Temple, 1955",Tasaburo Takahashi (1904 - 1977),"Series; Famous Places in Kyoto, 1955","This print with excellent color and detail as shown. Slight toning, small wrinkle. Most prints have a few spots or stains. Please see photos for details.",1,2024-02-24 15:12:39,4.1312
913724,"Drastic Price Reduction Moved to Clearance, Act Fast!",Yoshitora  (active circa 1836 - 1887),"Series; Tea Ceremony Utensils, a Kyoka Collection, 1855",Good detail. Backed with paper. Small repair.,1,2024-02-24 15:12:40,4.4326
900082,Girls' Day and Doll Festival,Chikanobu (1838 - 1912),,"Excellent color and detail. Slight thinning at edge, repaired. Light vertical fold in right panel.",1,2024-02-25 15:03:24,5.3508
905185,Meiji Empress and Emperor on an Outing,Chikanobu (1838 - 1912),,Good color and detail. Horizontal folds. Creasing.,1,2024-02-25 15:03:24,5.3508
908146,"Evening Cherry Blossoms, 1887",Kunisada III (1848 - 1920),,"Good detail. Horizontal folds. Small repair, creasing.",1,2024-02-25 15:03:24,4.5157
911259,Kinryuzan Temple in Asakusa,Hiroshige III (1797 - 1858),Series;  Famous Places in Tokyo,"Good color and detail. Diagonal folds, creasing throughout.",1,2024-02-25 15:03:24,4.879
913665,"Mirror of the Gods and Emperors of Japan, 1878",Chikanobu (1838 - 1912),,"Nice color and detail. Small losses at corners, repaired. A few light creases at edges.",1,2024-02-25 15:03:24,5.3508
915401,Hiraiwa Restaurant in Mukojima,Kunichika (1835 - 1900),"Series; Thirty-six Modern Restaurants, 1878",Good detail. A couple light creases at edges.,1,2024-02-25 15:03:24,4.9712
901222,"The Ninth Day of the Ninth Month, 1885",Chikanobu (1838 - 1912),Series; Events in Edo throughout the Year,"Excellent color and detail. Slight thinning at edges, tiny loss at corner, repaired. A couple creases at edges.",1,2024-02-25 15:03:24,5.3508
907366,Kagoshima Pacification Gifts of Sake,Chikanobu (1838 - 1912),,Nice color and detail. Horizontal centerfold. A couple creases at edges and small repairs.,1,2024-02-25 15:03:25,5.3508
912970,"Festival Guardian Deity, 1884",Meiji era artist (unsigned),,"Good detail. A couple tears at edges and small losses, repaired. A few wrinkles at edges, a couple light vertical folds.",1,2024-02-25 15:03:25,4.2429
905703,It is important to have patience,Toshikata (1866 - 1908),"Series; Brocade Pictures for Moral Education, 1883 - 1884",Nice color and detail. Small repairs and creasing at edges.,1,2024-02-25 15:03:25,4.6882
909910,"Iwami Province, Mount Takazuno, Salt Beach, 1853",Hiroshige (1797 - 1858),Series; Famous Views of the Sixty-odd ProvincesA Fuji Arts Special Offer Auction,"Good detail. Slight thinning along vertical centerfold, small losses at edges, a few holes, repaired. A few creases.",1,2024-02-25 15:03:26,4.6198
905888,"Bizen Province, Tanokuchi Coast, Yugasan Torii, 1853",Hiroshige (1797 - 1858),Series; Famous Views of the Sixty-odd ProvincesA Fuji Arts Special Offer Auction,"Nice detail. Slight thinning along vertical centerfold, small losses at edges, a couple holes, repaired. A few creases.",1,2024-02-25 15:03:26,4.6198
905235,"Fukagawa Lumberyards, 1856",Hiroshige (1797 - 1858),Series; One Hundred Famous Views of EdoA Fuji Arts Special Offer Auction,"Nice detail. Backed with paper. Wormholes, repaired.",1,2024-02-25 15:03:26,4.6198
911489,"Moon on the Sumida River, circa 1840 - 1842",Hiroshige (1797 - 1858),Series; Famous Places in EdoA Fuji Arts Special Offer Auction,"Good detail. Slight separation at ends of vertical centerfold, a few holes, repaired. Diagonal fold, creasing.",1,2024-02-25 15:03:26,4.6198
906087,Lobster and Shrimp,Hiroshige (1797 - 1858),Grand Series of FishesA Fuji Arts Special Offer Auction,Good detail. Light vertical centerfold. A few small repairs and light creases.,1,2024-02-25 15:03:26,4.6198
908299,"Gonpachi Dreaming, 1847 - 1850",Hiroshige (1797 - 1858),Series; Illustrations of Old and New Ballad DramasA Fuji Arts Special Offer Auction,Nice detail. Creasing throughout.,1,2024-02-25 15:03:26,4.6198
904254,"The Tree of Good Behavior, 1847 - 1852",Hiroshige (1797 - 1858),Series; Virtuous Women and Money TreesA Fuji Arts Special Offer Auction,"Good detail. Small repair, creasing throughout.",1,2024-02-25 15:03:26,4.6198
904928,"The 47 Ronin, Act 3: The Rear Gate, 1843- 1847",Hiroshige (1797 - 1858),"Series; The Storehouse of Loyal Retainers (Chushingura), 1843- 1847A Fuji Arts Special Offer Auction","Good detail. A few wormholes, repaired. Creasing throughout.",1,2024-02-25 15:03:26,4.6198
904164,"The dog Sancho, who watches over theft for the sake of his master",Toshitsune (1858 - 1907),"Series; Brocade Pictures for Moral Education, 1883 - 1884",Nice color and detail. Small repairs and creasing at edges.,1,2024-02-25 15:03:26,4.9143
908643,"Oshi-modoshi (Push and Pull), 1917",Shin-hanga & Modern artist (unsigned),"Series; The Eighteen Kabuki Plays, 1917",Excellent color and detail. Some prints have a few small spots or a couple creases at edges.,1,2024-02-25 15:03:26,4.1396
915027,Loving my rickshaw husband and getting the blessing of a police officer,Toshitsune (1858 - 1907),"Series; Brocade Pictures for Moral Education, 1883 - 1884",Nice color and detail. Small repairs and creasing at edges.,1,2024-02-25 15:03:26,4.9143
903380,"Narukami (The Thunder God), 1917",Shin-hanga & Modern artist (unsigned),"Series; The Eighteen Kabuki Plays, 1917",Excellent color and detail. Some prints have a few small spots or a couple creases at edges.,1,2024-02-25 15:03:26,4.1396
914519,"Shibaraku (Wait a Minute!), 1917",Shin-hanga & Modern artist (unsigned),"Series; The Eighteen Kabuki Plays, 1917",Excellent color and detail. Some prints have a few small spots or a couple creases at edges.,1,2024-02-25 15:03:26,4.1396
905137,Pleading Children,Toshikata (1866 - 1908),"Series; Brocade Pictures for Moral Education, 1883 - 1884",Nice color and detail. Small repairs and creasing at edges.,1,2024-02-25 15:03:26,4.6882
916017,"Kameyama, circa 1841 - 1844",Hiroshige (1797 - 1858),"Series; Fifty-three Stations of the Tokaido Road (Gyosho Tokaido), circa 1841 - 1844A Fuji Arts Special Offer Auction",Nice detail. Remargined. Vertical wrinkling near center.,1,2024-02-25 15:03:26,4.6198
904796,"Changing Porters and Horses at Fujieda, circa 1833 - 1834",Hiroshige (1797 - 1858),Series; Fifty-three Stations of the Tokaido (The Great Tokaido)A Fuji Arts Special Offer Auction,"Nice detail. Vertical centerfold. Small losses and tears at edges, a few small holes, repaired. Light creasing.",1,2024-02-25 15:03:26,4.6198
906894,"Kenuki (The Tweezers), 1916",Torii Kiyotada VII (1875 - 1941) ,"Series; The Eighteen Kabuki Plays, 1916","Excellent color and detail. A few small spots, a couple light creases at edges.",1,2024-02-25 15:03:26,4.9143
903275,"Kanjincho (The Subscription List), 1917",Shin-hanga & Modern artist (unsigned),"Series; The Eighteen Kabuki Plays, 1917",Excellent color and detail. Some prints have a few small spots or a couple creases at edges.,1,2024-02-25 15:03:26,4.1396
911019,"Nanatsumen (The Seven Masks), 1917",Shin-hanga & Modern artist (unsigned),"Series; The Eighteen Kabuki Plays, 1917",Excellent color and detail. Some prints have a few small spots or a couple creases at edges.,1,2024-02-25 15:03:26,4.1396
902022,Inspires local people with his dedication,Toshikata (1866 - 1908),"Series; Brocade Pictures for Moral Education, 1883 - 1884",Nice color and detail. Small repairs and creasing at edges.,1,2024-02-25 15:03:26,4.6882
914449,"Fuwa (The Unbreakable), 1917",Shin-hanga & Modern artist (unsigned),"Series; The Eighteen Kabuki Plays, 1917",Excellent color and detail. Some prints have a few small spots or a couple creases at edges.,1,2024-02-25 15:03:26,4.1396
911863,Rescuing a Poor Young Girl,Toshimitsu (active circa 1876 - 1904),"Series; Brocade Pictures for Moral Education, 1883 - 1884",Nice color and detail. Small repairs and creasing at edges.,1,2024-02-25 15:03:26,5.0705
905202,"If children obey and listen to their father, they will become good persons",Toshikata (1866 - 1908),"Series; Brocade Pictures for Moral Education, 1883 - 1884",Nice color and detail. Small repairs and creasing at edges.,1,2024-02-25 15:03:26,4.6882
910768,Travelers Resting under a Tree,Toshitsune (1858 - 1907),"Series; Brocade Pictures for Moral Education, 1883 - 1884",Nice color and detail. Small repairs and creasing at edges.,1,2024-02-25 15:03:26,4.9143
907766,A Clearance Opportunity! Meiji or Edo era Original,Kunisada II (1823 - 1880),,This print with nice color and detail as shown. Staining in light areas. Small tears at left edge. A couple of tiny holes. Please see photos for details.,1,2024-02-25 15:03:27,5.0398
904069,A Clearance Opportunity! Meiji or Edo era Original,Toyokuni III/Kunisada (1786 - 1864),,This print with nice color and detail as shown. Rubbing and light wrinkling throughout. Small holes on top half. Please see photos for details.,1,2024-02-25 15:03:28,4.9902
900564,"Yokobue (The Flute), Chapter 37",Masao Ebina (1913 - 1980),Series; The Tale of Genji,Excellent color and detail. Mounted inside windowed viewing folder with attached text overleaf.,1,2024-02-25 15:03:28,4.1731
911635,"Makibashira (The Cypress Pillar), Chapter 31",Masao Ebina (1913 - 1980),Series; The Tale of Genji,Excellent color and detail. Mounted inside windowed viewing folder with attached text overleaf.,1,2024-02-25 15:03:28,4.1731
912679,A Clearance Opportunity! Meiji or Edo era Original,Kuniyasu (1794 - 1832),,This print with nice color and detail as shown. Wrinkling throughout. Faint staining. Please see photos for details.,1,2024-02-25 15:03:28,5.0512
904711,A Clearance Opportunity! Meiji or Edo era Original,Kuniyoshi (1797 - 1861),,This print with nice color and detail as shown. Small holes and losses throughout. Backed with thin paper. Please see photos for details.,1,2024-02-25 15:03:28,5.3703
910621,A Clearance Opportunity! Meiji or Edo era Original,Kuniyasu (1794 - 1832),,"This print with nice color and detail as shown. Wrinkling, rubbing, and staining throughout. Several tiny holes near center. Please see photos for details.",1,2024-02-25 15:03:28,5.0512
903208,A Clearance Opportunity! Meiji or Edo era Original,Kuniyoshi (1797 - 1861),,This print with nice color and detail as shown. Rubbing and staining throughout. A few small holes. Please see photos for details.,1,2024-02-25 15:03:28,5.3703
906752,"Onoe Kikugoro V as a Gosho no Gorozo and Nakamura Shikan IV as Hoshikage Doemon, 1893",Kunichika (1835 - 1900),Series; One Hundred Roles of Baiko,A beautiful print with excellent color and detail. Backed with paper.,1,2024-02-25 15:03:29,4.9712
907072,"Sawarabi (Early Bracken), Chapter 48",Masao Ebina (1913 - 1980),Series; The Tale of Genji,Excellent color and detail. Mounted inside windowed viewing folder with attached text overleaf.,1,2024-02-25 15:03:29,4.1731
910510,"Onoe Kikugoro V as Mitsuhide and Bando Kakitsu I as Mori Ranmaru, 1893",Kunichika (1835 - 1900),Series; One Hundred Roles of Baiko,"Excellent color and detail. Some prints have repairs at edges, or a couple creases or wrinkles.",1,2024-02-25 15:03:29,4.9712
900166,"Tokonatsu (Perpetual Summer), Chapter 26",Masao Ebina (1913 - 1980),Series; The Tale of Genji,Excellent color and detail. Mounted inside windowed viewing folder with attached text overleaf.,1,2024-02-25 15:03:29,4.1731
901999,"Kocho (Butterfly), Chapter 24",Masao Ebina (1913 - 1980),Series; The Tale of Genji,Excellent color and detail. Mounted inside windowed viewing folder with attached text overleaf.,1,2024-02-25 15:03:29,4.1731
900666,"Nowaki (Autumn Gale), Chapter 28",Masao Ebina (1913 - 1980),Series; The Tale of Genji,Excellent color and detail. Mounted inside windowed viewing folder with attached text overleaf.,1,2024-02-25 15:03:29,4.1731
909900,"Kashiwagi, Chapter 36",Masao Ebina (1913 - 1980),Series; The Tale of Genji,Excellent color and detail. Mounted inside windowed viewing folder with attached text overleaf.,1,2024-02-25 15:03:29,4.1731
901372,"Eawase (Picture Competition), Chapter 17",Masao Ebina (1913 - 1980),Series; The Tale of Genji,Excellent color and detail. Mounted inside windowed viewing folder with attached text overleaf.,1,2024-02-25 15:03:29,4.1731
902896,"Yugiri, Chapter 39",Masao Ebina (1913 - 1980),Series; The Tale of Genji,Excellent color and detail. Mounted inside windowed viewing folder with attached text overleaf.,1,2024-02-25 15:03:29,4.1731
903999,"Yadorigi (A Mistletoe), Chapter 49",Masao Ebina (1913 - 1980),Series; The Tale of Genji,Excellent color and detail. Mounted inside windowed viewing folder with attached text overleaf.,1,2024-02-25 15:03:29,4.1731
903077,"Utsusemi, Chapter 3",Masao Ebina (1913 - 1980),Series; The Tale of Genji,Excellent color and detail. Mounted inside windowed viewing folder with attached text overleaf.,1,2024-02-25 15:03:29,4.1731
913396,"Onoe Kikugoro V as Akashi no Shimazo and Ichikawa Sadanji I as Matushima Senta, 1893",Kunichika (1835 - 1900),Series; One Hundred Roles of Baiko,"Excellent color and detail. Some prints have repairs at edges, or a couple creases or wrinkles.",1,2024-02-25 15:03:30,4.9712
908989,Title Page for One Hundred Roles of Baiko,Kunichika (1835 - 1900),Series; One Hundred Roles of Baiko,"This print with nice color and detail as shown. Backed with paper. Vertical fold at side, Crease at edge. Please see photos for details.",1,2024-02-25 15:03:30,4.9712
902206,"Onoe Kikugoro V as Shinohara Kunimoto and Ichikawa Danjuro IX as Saigo Takamori, 1894",Kunichika (1835 - 1900),Series; One Hundred Roles of Baiko,"A beautiful print with excellent color and detail. Thinning and small losses at edges, repaired.",1,2024-02-25 15:03:30,4.9712
906336,"Onoe Kikugoro V as Sakanaya Sogoro and Bando Kakitsu I, 1894",Kunichika (1835 - 1900),Series; One Hundred Roles of Baiko,Excellent color and detail.,1,2024-02-25 15:03:30,4.9712
911854,"Onoe Kikugoro V as Akashi no Shimazo and Ichikawa Sadanji I as Matushima Senta, 1893",Kunichika (1835 - 1900),Series; One Hundred Roles of Baiko,Excellent color and detail.,1,2024-02-25 15:03:30,4.9712
906914,Onoe Kikugoro V as Hayano Kampei and Iwai Hanshiro VIII as Okaru. 1893,Kunichika (1835 - 1900),Series; One Hundred Roles of Baiko,"Excellent color and detail. Some prints have repairs at edges, or a couple creases or wrinkles.",1,2024-02-25 15:03:30,4.9712
900248,"Onoe Kikugoro V as a Beauty and Bando Kakitsu I as Matsuwakamaru, 1893",Kunichika (1835 - 1900),Series; One Hundred Roles of Baiko,"Excellent color and detail. Some prints have repairs at edges, or a couple creases or wrinkles.",1,2024-02-25 15:03:30,4.9712
903798,"Onoe Kikugoro V as Matsuomaru and Ichikawa Danjuro IX as Genba, 1893",Kunichika (1835 - 1900),Series; One Hundred Roles of Baiko,"A beautiful clean print with excellent color and detail. Slight thinning at edge, repaired. Folds at edges.",1,2024-02-25 15:03:30,4.9712
903803,"Onoe Kikugoro V as a Priest of Emmein Temple and the Late Iwai Hanshiro as Okoro, 1893",Kunichika (1835 - 1900),Series; One Hundred Roles of Baiko,A beautiful clean print with excellent color and detail. Light wrinkling.,1,2024-02-25 15:03:30,4.9712
912477,"Onoe Kikugoro V as So Sokei and Suketakaya Takasuke IV, 1893",Kunichika (1835 - 1900),Series; One Hundred Roles of Baiko,"Excellent color and detail. Some prints have repairs at edges, or a couple creases or wrinkles.",1,2024-02-25 15:03:30,4.9712
908024,"Onoe Kikugoro V as a Beauty with a Paper of Sweets and Ichikawa Sadanji as Kurobei, 1893",Kunichika (1835 - 1900),Series; One Hundred Roles of Baiko,"Excellent color and detail. Some prints have repairs at edges, or a couple creases or wrinkles.",1,2024-02-25 15:03:30,4.9712
914125,"Onoe Kikugoro V as Sanbaso and Ichikawa Sadanji I, 1893",Kunichika (1835 - 1900),Series; One Hundred Roles of Baiko,"Excellent color and detail. Slight thinning at side, repaired.",1,2024-02-25 15:03:30,4.9712
915554,Daisen National Park,Hideo Nishiyama (1911 - 1989),Series; National Parks of Japan,Excellent color and detail.,1,2024-02-25 15:03:31,5.2692
914234,Seto Inland Sea National Park,Hideo Nishiyama (1911 - 1989),Series; National Parks of Japan,Excellent color and detail.,1,2024-02-25 15:03:31,5.2692
902771,Unzenamakusa National Park,Hideo Nishiyama (1911 - 1989),Series; National Parks of Japan,Excellent color and detail.,1,2024-02-25 15:03:32,5.2692
911649,Katsura Imperial Villa,Shin-hanga & Modern artist (not read),,This print with nice color and detail as shown. Mounted along top edge to windowed paper mat as issued by the publisher (not shown). Please see photos for details.,1,2024-02-25 15:03:32,4.0626
914003,Garden Statuary,Shin-hanga & Modern artist (unsigned),"A unique design, never offered elsewhere!",This print with excellent color and detail as shown. A few small marks. Please see photos for details.,1,2024-02-25 15:03:32,4.1396
912376,"The 47 Ronin, Act 11: The Night Attack on Moronao's Palace, 1857",Kunikiyo II (died 1887),"Series; The Storehouse of Loyal Retainers (Chushingura), 1857",Good detail. Vertical centerfold. Some prints have a few repairs.,1,2024-02-25 15:03:32,4.6408
907640,"The 47 Ronin, Act 10: The Amakawaya Shop, 1857",Kunikiyo II (died 1887),"Series; The Storehouse of Loyal Retainers (Chushingura), 1857",Good detail. Vertical centerfold. Some prints have a few repairs.,1,2024-02-25 15:03:32,4.6408
916067,"The 47 Ronin, Act 9: Yuranosuke's Country Retreat in Yamashina, 1857",Kunikiyo II (died 1887),"Series; The Storehouse of Loyal Retainers (Chushingura), 1857",Good detail. Vertical centerfold. Some prints have a few repairs.,1,2024-02-25 15:03:32,4.6408
911389,"The 47 Ronin, Act 7: The Ichiriki Teahouse, 1857",Kunikiyo II (died 1887),"Series; The Storehouse of Loyal Retainers (Chushingura), 1857",Good detail. Vertical centerfold. Some prints have a few repairs.,1,2024-02-25 15:03:32,4.6408
913033,"The 47 Ronin, Act 5: The Yamazaki Highway, 1857",Kunikiyo II (died 1887),"Series; The Storehouse of Loyal Retainers (Chushingura), 1857",Good detail. Vertical centerfold. Some prints have a few repairs.,1,2024-02-25 15:03:32,4.6408
907050,"The 47 Ronin, Act 4: Lord Hangan's Suicide, 1857",Kunikiyo II (died 1887),"Series; The Storehouse of Loyal Retainers (Chushingura), 1857",Good detail. Vertical centerfold. Some prints have a few repairs.,1,2024-02-25 15:03:32,4.6408
906649,"The 47 Ronin, Act 3: The Rear Gate, 1857",Kunikiyo II (died 1887),"Series; The Storehouse of Loyal Retainers (Chushingura), 1857",Good detail. Vertical centerfold. Some prints have a few repairs.,1,2024-02-25 15:03:32,4.6408
911326,"The 47 Ronin, Act 2: Wakasanosuke's Mansion: The Pine-cutting Scene, 1857",Kunikiyo II (died 1887),"Series; The Storehouse of Loyal Retainers (Chushingura), 1857",Good detail. Vertical centerfold. Some prints have a few repairs.,1,2024-02-25 15:03:32,4.6408
911616,Red Plum,Sadanobu III (1881 - 1963),Series; Four Seasons Flower Patterns,Good color and detail. A few repairs.,1,2024-02-25 15:03:32,4.4177
912027,Maple,Sadanobu III (1881 - 1963),Series; Four Seasons Flower Patterns,Good color and detail. A few small repairs.,1,2024-02-25 15:03:32,4.4177
901887,"Bando Hikosaburo V as Sakaya Mataroku and Nakamura Nakazo III as Shikabue no Shichizo, 1865",Kunichika (1835 - 1900),Series; Thirty-six Selected Poems,Good detail. Backed with paper. Small repair.,1,2024-02-25 15:03:32,4.9712
903870,"Man Playing a Shamisen, 1866",Kunichika (1835 - 1900),,Good detail. Backed with paper.,1,2024-02-25 15:03:32,4.9712
915493,"Scene from Taiko no Oto Chiyu Sanryaku, 1873",Ginko (active 1874 - 1897),,Nice color and good detail. Backed with paper.,1,2024-02-25 15:03:32,4.9605
912203,Blue: Actor in a Feather Robe Kimono,Kunichika (1835 - 1900),Series; Five Courageous Bandits in Five Colors,Nice color and detail. Small repair.,1,2024-02-25 15:03:32,4.9712
909441,Iseshima National Park,Hideo Nishiyama (1911 - 1989),Series; National Parks of Japan,Excellent color and detail.,1,2024-02-25 15:03:32,5.2692
908467,Yoshinokumano National Park,Hideo Nishiyama (1911 - 1989),Series; National Parks of Japan,Excellent color and detail.,1,2024-02-25 15:03:32,5.2692
910699,"The 47 Ronin, Act 1: Tsurugaoka Hachiman Shrine, 1857",Kunikiyo II (died 1887),"Series; The Storehouse of Loyal Retainers (Chushingura), 1857",Good detail. Vertical centerfold. Some prints have a few repairs.,1,2024-02-25 15:03:32,4.6408
914634,"The 47 Ronin, Act 6: The Departure of Okaru, 1857",Kunikiyo II (died 1887),"Series; The Storehouse of Loyal Retainers (Chushingura), 1857",Good detail. Vertical centerfold. Some prints have a few repairs.,1,2024-02-25 15:03:32,4.6408
911980,The Syllable Ko: Jitsukawa Enjaku I as Ushioda Matanojo Takanori,Toyokuni III/Kunisada (1786 - 1864),"Series; Stories of the Faithful Samurai, 1864",Nice color and detail. Backed with paper. Some prints have a couple small spots or slight rubbing at edge.,1,2024-02-25 15:03:33,4.9902
910017,The Syllable Na: Seki Sanjuro III as Muramatsu Kihei Nyudo Ryuen,Toyokuni III/Kunisada (1786 - 1864),"Series; Stories of the Faithful Samurai, 1864","Nice color and detail. Backed with paper. Small loss at edge and hole, repaired. Slight rubbing at edge.",1,2024-02-25 15:03:33,4.9902
909266,The Wakana Chapter of the Tale of Genji,Toyokuni III/Kunisada (1786 - 1864),,"Good detail. A few small losses and holes, repaired. Vertical folds at sides, slight rubbing.",1,2024-02-25 15:03:33,4.9902
910741,"Scene from Ichiban Nori Meiki no Sashimono, 1865",Kunichika (1835 - 1900),,Good detail. Backed with paper. Small repair at edge.,1,2024-02-25 15:03:33,4.9712
910330,"Procession of Beauties at Nihonbashi, 1853",Kunisato (died 1858),,"Nice detail. Small repair, fold at corner.",1,2024-02-25 15:03:33,5.3748
900788,"The Twelve Hours: Hour of the Dog, 1859",Toyokuni III/Kunisada (1786 - 1864),,"Good detail. A few small repairs, vertical fold at side.",1,2024-02-25 15:03:33,4.9902
908120,Meiji Emperor and Empress and Prince Watching Turtles,Chikanobu (1838 - 1912),,Excellent color and detail. Backed with paper.,1,2024-02-25 15:03:33,5.3508
911397,"Daimyo Procession Arriving at the Palace for the New Year's Day Greeting, 1897",Chikanobu (1838 - 1912),Series; Chiyoda Outer Palace (Chiyoda no on-omote),Good color and detail.,1,2024-02-25 15:03:33,5.3508
904023,Autumn Flower Arrangement,Shin-hanga & Modern artist (not read),,This print with excellent color as shown. Please see photos for details.,1,2024-02-25 15:03:33,4.0626
902460,Shugakuin Imperial Villa,Chokai Santei (Nirakushi),,Excellent overall with no issues to report.,1,2024-02-25 15:03:33,4.9918
900546,"Hall of the Thirty-three Bays, 1955",Tasaburo Takahashi (1904 - 1977),"Series; Famous Places in Kyoto, 1955","This print with excellent color and detail as shown. Slight toning, slight rippling or a few creases at edges from printing process. Most prints have a few spots or stains. Please see photos for details.",1,2024-02-25 15:03:33,4.1312
906848,Mt. Yoshino in Spring ,Tokuriki (1902 - 1999),Series; Eight Scenic Views of the Yamato Road,Excellent color and detail. No issues to report.,1,2024-02-25 15:03:33,4.8756
910083,The Syllable To: Nakamura Fukusuke II as Sugino Juheiji Harufusa,Toyokuni III/Kunisada (1786 - 1864),"Series; Stories of the Faithful Samurai, 1864",Nice color and detail. Backed with paper. Slight rubbing at edges.,1,2024-02-25 15:03:33,4.9902
902368,The Syllable Ke: Nakamura Tsuruzo I as Okajima Yasoemon Tsuneki,Toyokuni III/Kunisada (1786 - 1864),"Series; Stories of the Faithful Samurai, 1864",Nice color and detail. Backed with paper.,1,2024-02-25 15:03:33,4.9902
907304,The Syllable Nu: Ichikawa Ebizo V as Horibe Yahei Kanemaru,Toyokuni III/Kunisada (1786 - 1864),"Series; Stories of the Faithful Samurai, 1864",Nice color and detail. Backed with paper.,1,2024-02-25 15:03:33,4.9902
908076,The Syllable We: Kawarasaki Kunitaro I as Sugenoya Hannojo Masasai,Toyokuni III/Kunisada (1786 - 1864),"Series; Stories of the Faithful Samurai, 1864","Nice color and detail. Backed with paper. Small loss at edge, repaired. Slight rubbing at edge, a couple creases, fold at corner.",1,2024-02-25 15:03:33,4.9902
908751,The Syllable Wo: Nakayama Genjuro I as Okuda Sadaemon Yukitaka,Toyokuni III/Kunisada (1786 - 1864),"Series; Stories of the Faithful Samurai, 1864","Nice color and detail. Backed with paper. Small loss along edge, repaired. Slight rubbing at edge.",1,2024-02-25 15:03:33,4.9902
901524,The Syllable Ki: Onoe Tamizo II as Tokuda Magodayu Shigemori,Toyokuni III/Kunisada (1786 - 1864),"Series; Stories of the Faithful Samurai, 1864",Nice color and detail. Backed with paper. Some prints have a couple small spots or slight rubbing at edge.,1,2024-02-25 15:03:33,4.9902
904658,The Syllable Shi: Onoe Baiko IV as Hayami Toemon Mitsutaka,Toyokuni III/Kunisada (1786 - 1864),"Series; Stories of the Faithful Samurai, 1864","Nice color and detail. Backed with paper. Fold at corner, slight rubbing at edge.",1,2024-02-25 15:03:33,4.9902
901302,The Syllable Mo: Arashi Hinasuke VII as Yata Goroemon Suketake,Toyokuni III/Kunisada (1786 - 1864),"Series; Stories of the Faithful Samurai, 1864",Nice color and detail. Backed with paper. Some prints have a couple small spots or slight rubbing at edge.,1,2024-02-25 15:03:33,4.9902
903425,The Syllable Ra: Kataoka Nizaemon VIII as Chiba Saburobei Mitsutada,Toyokuni III/Kunisada (1786 - 1864),"Series; Stories of the Faithful Samurai, 1864",Nice color and detail. Backed with paper. Some prints have a couple small spots or slight rubbing at edge.,1,2024-02-25 15:03:33,4.9902
913253,The Syllable Mi: Ichimura Kakitsu IV as Yukukawa Sanpei Munenori,Toyokuni III/Kunisada (1786 - 1864),"Series; Stories of the Faithful Samurai, 1864",Nice color and detail. Backed with paper. Some prints have a couple small spots or slight rubbing at edge.,1,2024-02-25 15:03:33,4.9902
906067,"Drastic Price Reduction Moved to Clearance, Act Fast!",Ikkei (active circa 1870s),,This print with nice color and detail as shown. Rubbing and staining throughout. Please see photos for details.,1,2024-02-25 15:03:34,4.678
913358,"Drastic Price Reduction Moved to Clearance, Act Fast!",Hiroshige (1797 - 1858),,This print with nice color and detail as shown. Small stain in left margin. Please see photos for details.,0,2024-02-25 15:03:34,4.6198
905533,"Drastic Price Reduction Moved to Clearance, Act Fast!",Hiroshige (1797 - 1858),,This print with nice color and detail as shown. Faint brown spotting throughout. Please see photos for details.,0,2024-02-25 15:03:34,4.6198
910635,"Drastic Price Reduction Moved to Clearance, Act Fast!",Hiroshige (1797 - 1858),,This print with nice color and detail as shown. Light brown spotting. Please see photos for details.,0,2024-02-25 15:03:34,4.6198
910420,"Drastic Price Reduction Moved to Clearance, Act Fast!",Edo era artist (unsigned),,This print with nice color and detail as shown. Light staining. A couple of tiny holes. Please see photos for details.,0,2024-02-25 15:03:34,4.1951
909095,"Drastic Price Reduction Moved to Clearance, Act Fast!",Kuniyoshi (1797 - 1861),,This print with nice detail as shown. Rubbing and staining throughout. Several small holes and losses. Please see photos for details.,1,2024-02-25 15:03:35,5.3703
913137,"Drastic Price Reduction Moved to Clearance, Act Fast!",Utamaro (1750 - 1806),,This print with nice color and detail as shown. Faint spotting on top half. Please see photos for details.,0,2024-02-25 15:03:35,4.0166
909937,"Drastic Price Reduction Moved to Clearance, Act Fast!",Toyokuni III/Kunisada (1786 - 1864),,This print with nice color and detail as shown. Brown spotting throughout. Please see photos for details.,0,2024-02-25 15:03:35,4.9902
911704,"Drastic Price Reduction Moved to Clearance, Act Fast!",Kuniyoshi (1797 - 1861),,This print with nice color and detail as shown. Tiny brown stain near top edge. Please see photos for details.,0,2024-02-25 15:03:35,5.3703
912782,"Beauty from Meiji 15 (1882): Light Snowfall, circa 1931",Kiyokata Kaburagi (1886 - 1972),,"Excellent color and detail. Horizontal fold at bottom edge, a few creases at edges.",1,2024-02-26 15:31:30,4.9143
906607,Seaside Farewell,Takehisa Yumeji (1884 - 1934),,Nice color and detail. Light folds at corners.,0,2024-02-26 15:31:30,5.0143
916176,"Beauty from the Showa Era: Early Spring, 1931",Ito Shinsui (1898 - 1972),,"Excellent color and detail. Soft vertical fold near top, a few creases at edges.",1,2024-02-26 15:31:30,6.0658
910810,Cloth,Takehisa Yumeji (1884 - 1934),,Excellent color and detail. No issues to report.,0,2024-02-26 15:31:30,5.0143
908199,"Autumn, 1927",Yamakawa Shuho (1898 - 1944),Series; Four Images of Women,"Excellent color and detail. Small loss at corner, repaired. A few faint spots in margins.",1,2024-02-26 15:31:30,5.1364
900821,"Dance of Daikoku, Yamagata",Miyao Shigeo (1902 - 1983),,Excellent color and detail. A couple tiny spots.,1,2024-02-26 15:31:30,4.9143
905449,"Tametomo's Retainer Kiheiji, 1848 - 1851",Kuniyoshi (1797 - 1861),Series; Ten Famous Excellencies of Tametomo,"Nice detail. Thinning at edge, a few holes, repaired. A few creases at edges.",1,2024-02-26 15:31:31,5.3703
903421,Children Catching Fireflies,Yurimoto Keiko (1906 - 2000),Series; The Life Of Japanese Children,Excellent color and detail. No issues to report.,1,2024-02-26 15:31:31,4.9143
905472,"Popular Otsu-e Paintings for the Times: A Long-Awaited Rarity, circa 1848",Kuniyoshi (1797 - 1861),,"Good detail. A few wormholes, repaired. Creasing throughout.",1,2024-02-26 15:31:31,5.3703
900005,"The Secrets of Strategy, 1847 - 1848",Kuniyoshi (1797 - 1861),Series; Biography of Yoshitsune,Nice detail. A few repairs and creases.,1,2024-02-26 15:31:31,5.3703
915899,"Scene from Go hiiki yakko no konoshita, 1840",Kuniyoshi (1797 - 1861),,"Nice detail. Backed with paper. Light horizontal centerfold, vertical fold at side, a few repairs at edges.",1,2024-02-26 15:31:31,5.3703
904040,"Night Rain at the Hunting Ground, 1842 - 1843",Kuniyoshi (1797 - 1861),Series; Virtuous Women for the Eight Views,"Good detail. Horizontal centerfold. Thinning at edges, a few holes. Creasing throughout.",1,2024-02-26 15:31:31,5.3703
908692,Tokiwa Gozen Brought before Taira no Kiyomori,Kuniyoshi (1797 - 1861),,"Good detail. Horizontal folds. Wormholes at edges, a few holes, repaired. Creasing throughout.",1,2024-02-26 15:31:31,5.3703
906248,"Kano: Botaro and His Nurse, 1852",Kuniyoshi (1797 - 1861),"Series; Sixty-nine Post Stations of the Kisokaido Road, 1852 - 1853",Good detail. Vertical fold at side. A couple creases and a few repairs at edges.,1,2024-02-26 15:31:31,5.3703
911836,"Scene from Tsumoru koi yuki no seki no to, 1846",Kuniyoshi (1797 - 1861),,"Good detail. Backed with paper. Wormholes, repaired.",1,2024-02-26 15:31:31,5.3703
905610,"Crowds at the Senso Temple, High in the Mountains, 1856",Kuniyoshi (1797 - 1861),,Good detail. A couple light creases at edges and small repairs.,1,2024-02-26 15:31:31,5.3703
907301,"Chinzei Hachiro Tametomo, 1847 - 1852",Kuniyoshi (1797 - 1861),,"Nice detail. A few repairs, slight rubbing and a few creases at edges.",1,2024-02-26 15:31:31,5.3703
909944,"The Village School Scene from Sugawara Denju Tenarai Kagami, 1850",Kuniyoshi (1797 - 1861),,"Good detail. Stitching holes at one side of each panel, repaired. Diagonal wrinkle at top of right panel, small wrinkle and a few creases at edges.",1,2024-02-26 15:31:32,5.3703
912892,"Ochiai Bridge, Mino Province, 1861",Hiroshige II (1826 - 1869),One Hundred Famous Views in the Various Provinces,"Good detail. Vertical and diagonal folds, creasing at edges.",1,2024-02-26 15:31:32,4.6123
903289,Fuji from Behind,Hokusai (1760 - 1849),Series; One Hundred Views of Mt. Fuji (Fugaku Hyakkei)A Fuji Arts Special Offer Auction,"This print with good color and detail as shown. Two separate panels. Stitching holes at one side of each panel. Small spot in margin, small crease in subject. Please see photos for details.",1,2024-02-26 15:31:33,3.9827
907695,Sodegaura,Hokusai (1760 - 1849),Series; One Hundred Views of Mt. Fuji (Fugaku Hyakkei)A Fuji Arts Special Offer Auction,This print with good color and detail as shown. Stitching holes at side. Please see photos for details.,1,2024-02-26 15:31:33,3.9827
910836,Fuji in a Winecup,Hokusai (1760 - 1849),Series; One Hundred Views of Mt. Fuji (Fugaku Hyakkei)A Fuji Arts Special Offer Auction,This print with good color and detail as shown. Stitching holes at side. Please see photos for details.,1,2024-02-26 15:31:33,3.9827
907806,Motomezuka,Tsukioka Kogyo (1869 - 1927),Series; Noga taikan (A Great Collection of Noh Pictures),Excellent color and detail. Some prints have a few light creases at edges or spots.,1,2024-02-26 15:31:33,4.273
909028,Tomoe,Tsukioka Kogyo (1869 - 1927),Series; Noga taikan (A Great Collection of Noh Pictures),Excellent color and detail. Some prints have a few light creases at edges or spots.,1,2024-02-26 15:31:33,4.273
914864,Kuzu,Tsukioka Kogyo (1869 - 1927),Series; Noga taikan (A Great Collection of Noh Pictures),Excellent color and detail. Some prints have a few light creases at edges or spots.,1,2024-02-26 15:31:33,4.273
909942,Ema (The Votive Tablets),Tsukioka Kogyo (1869 - 1927),Series; Noga taikan (A Great Collection of Noh Pictures),Excellent color and detail. Some prints have a few light creases at edges or spots.,1,2024-02-26 15:31:33,4.273
907371,Hotoke no Hara,Tsukioka Kogyo (1869 - 1927),Series; Noga taikan (A Great Collection of Noh Pictures),Excellent color and detail. Some prints have a few light creases at edges or spots.,1,2024-02-26 15:31:33,4.273
913342,Ebira,Tsukioka Kogyo (1869 - 1927),Series; Noga taikan (A Great Collection of Noh Pictures),Excellent color and detail. Some prints have a few light creases at edges or spots.,1,2024-02-26 15:31:33,4.273
911116,Shunzei Tadanori (Shunzei and Tadanori),Tsukioka Kogyo (1869 - 1927),Series; Noga taikan (A Great Collection of Noh Pictures),Excellent color and detail. Some prints have a few light creases at edges or spots.,1,2024-02-26 15:31:33,4.273
908282,Kiso (Lord Kiso),Tsukioka Kogyo (1869 - 1927),Series; Noga taikan (A Great Collection of Noh Pictures),Excellent color and detail. Some prints have a few light creases at edges or spots.,1,2024-02-26 15:31:33,4.273
903673,Ikuta Atsumori,Tsukioka Kogyo (1869 - 1927),Series; Noga taikan (A Great Collection of Noh Pictures),Excellent color and detail. Some prints have a few light creases at edges or spots.,1,2024-02-26 15:31:33,4.273
909981,Awaji,Tsukioka Kogyo (1869 - 1927),Series; Noga taikan (A Great Collection of Noh Pictures),Excellent color and detail. Some prints have a few light creases at edges or spots.,1,2024-02-26 15:31:33,4.273
914553,Fuji of Letters,Hokusai (1760 - 1849),Series; One Hundred Views of Mt. Fuji (Fugaku Hyakkei)A Fuji Arts Special Offer Auction,This print with good color and detail as shown. Two separate panels. Stitching holes at one side of each panel. Please see photos for details.,1,2024-02-26 15:31:33,3.9827
914653,Fuji under the Moon,Hokusai (1760 - 1849),Series; One Hundred Views of Mt. Fuji (Fugaku Hyakkei)A Fuji Arts Special Offer Auction,This print with good color and detail as shown. Two separate panels. Stitching holes at one side of each panel. Please see photos for details.,1,2024-02-26 15:31:33,3.9827
906863,Kanjincho (The Subscription List),Torii Kiyotada VII (1875 - 1941) and Torii Kiyosada (1844 - 1901),Series; The Eighteen Kabuki Plays,Excellent color and detail. Some prints have a couple light creases at edges or small spots.,1,2024-02-26 15:31:34,4.9143
915054,Zohiki (Elephant Tug),Torii Kiyotada VII (1875 - 1941) and Torii Kiyosada (1844 - 1901),Series; The Eighteen Kabuki Plays,Excellent color and detail. Some prints have a couple light creases at edges or small spots.,1,2024-02-26 15:31:34,4.9143
908433,Tatsuta,Tsukioka Kogyo (1869 - 1927),Series; Noga taikan (A Great Collection of Noh Pictures),"Excellent color and detail. Small tear at edge, repaired.",1,2024-02-26 15:31:34,4.273
912174,Shibaraku (Wait a Minute),Torii Kiyotada VII (1875 - 1941) and Torii Kiyosada (1844 - 1901),Series; The Eighteen Kabuki Plays,Excellent color and detail. Some prints have a couple light creases at edges or small spots.,1,2024-02-26 15:31:34,4.9143
905842,Tomoakira,Tsukioka Kogyo (1869 - 1927),Series; Noga taikan (A Great Collection of Noh Pictures),"Excellent color and detail. Small tear at edge, repaired. A couple folds at edges.",1,2024-02-26 15:31:34,4.273
903236,Sukeroku (The Flower of Edo),Torii Kiyotada VII (1875 - 1941) and Torii Kiyosada (1844 - 1901),Series; The Eighteen Kabuki Plays,Excellent color and detail. Some prints have a couple light creases at edges or small spots.,1,2024-02-26 15:31:34,4.9143
909059,Uwanari (Jealousy),Torii Kiyotada VII (1875 - 1941) and Torii Kiyosada (1844 - 1901),Series; The Eighteen Kabuki Plays,Excellent color and detail. Some prints have a couple light creases at edges or small spots.,1,2024-02-26 15:31:34,4.9143
911304,Narukami (The Thunder God),Torii Kiyotada VII (1875 - 1941) and Torii Kiyosada (1844 - 1901),Series; The Eighteen Kabuki Plays,Excellent color and detail. Some prints have a couple light creases at edges or small spots.,1,2024-02-26 15:31:34,4.9143
914580,Nanatsumen (The Seven Masks),Torii Kiyotada VII (1875 - 1941) and Torii Kiyosada (1844 - 1901),Series; The Eighteen Kabuki Plays,Excellent color and detail. Some prints have a couple light creases at edges or small spots.,1,2024-02-26 15:31:34,4.9143
903212,Fuwa (The Unbreakable),Torii Kiyotada VII (1875 - 1941) and Torii Kiyosada (1844 - 1901),Series; The Eighteen Kabuki Plays,Excellent color and detail. Some prints have a couple light creases at edges or small spots.,1,2024-02-26 15:31:35,4.9143
906722,Kamahige (Sickle Whiskers),Torii Kiyotada VII (1875 - 1941) and Torii Kiyosada (1844 - 1901),Series; The Eighteen Kabuki Plays,"Excellent detail. Small repair, crease at edge.",1,2024-02-26 15:31:35,4.9143
900835,Kenuki (The Tweezers),Torii Kiyotada VII (1875 - 1941),Series; The Eighteen Kabuki Plays,Excellent color and detail. Some prints have a couple light creases at edges or small spots.,1,2024-02-26 15:31:35,4.779
901688,Kagekiyo,Torii Kiyotada VII (1875 - 1941) and Torii Kiyosada (1844 - 1901),Series; The Eighteen Kabuki Plays,Excellent color and detail. Some prints have a couple light creases at edges or small spots.,1,2024-02-26 15:31:35,4.9143
914155,Gedatsu (The Release),Torii Kiyotada VII (1875 - 1941) ,Series; The Eighteen Kabuki Plays,Excellent color and detail. Some prints have a couple light creases at edges or small spots.,1,2024-02-26 15:31:35,4.9143
908187,Ja Yanagi (The Snake Willow),Torii Kiyotada VII (1875 - 1941) and Torii Kiyosada (1844 - 1901),Series; The Eighteen Kabuki Plays,Excellent color and detail. Some prints have a couple light creases at edges or small spots.,1,2024-02-26 15:31:35,4.9143
906416,Uirou-uri (The Medicine Seller),Torii Kiyotada VII (1875 - 1941),Series; The Eighteen Kabuki Plays,Excellent detail. A couple light creases at edges and small spots.,1,2024-02-26 15:31:35,4.779
912637,Title Page and Table of Contents for The Eighteen Plays,Torii Kiyotada VII (1875 - 1941) and Torii Kiyosada (1844 - 1901),Series; The Eighteen Kabuki Plays,Excellent color and detail. Light spotting.,1,2024-02-26 15:31:35,4.9143
901972,Wrapper for The Eighteen Kabuki Plays,Torii Kiyotada VII (1875 - 1941) and Torii Kiyosada (1844 - 1901),Series; The Eighteen Kabuki Plays,"Nice detail. Wormhole, creasing throughout.",1,2024-02-26 15:31:35,4.9143
903635,The Heroine Yugiri,Shima Seien (1892 - 1970),"Series; The Complete Works of Chikamatsu Monzaemon, First Edition, circa 1922 - 1926","Excellent color and detail. A few small spots, a few creases at edges.",1,2024-02-26 15:31:36,5.3351
914107,The Heroine Koman from Seki,Yamamura Toyonari (1885 - 1942),"Series; The Complete Works of Chikamatsu Monzaemon, First Edition, circa 1922 - 1926",Excellent color and detail. A few small spots.,1,2024-02-26 15:31:36,4.3231
911887,Toyotomi Hideyoshi's Armor,Meiji era artist (not read),Series; Ancient Customs Paintings,Nice color and detail. Some prints have a couple creases at edges or small spots.,1,2024-02-26 15:31:36,4.2802
908269,"The Heroine Umekawa, circa 1923",Tsunetomi Kitano (1880 - 1947),"Series; The Complete Works of Chikamatsu Monzaemon, First Edition, circa 1922 - 1926",Excellent color and detail as shown. Staining.,1,2024-02-26 15:31:36,6.0634
907781,The Heroine Matsukaze,Hiromitsu Nakazawa (1874 - 1964),"Series; The Complete Works of Chikamatsu Monzaemon, First Edition, circa 1922 - 1926",Excellent color and detail. A few small spots.,0,2024-02-26 15:31:36,4.2245
913399,Pinwheel Vendor and Mother Nursing a Child,Meiji era artist (unsigned),Series; Ancient Customs Paintings,Nice color and detail. Some prints have a couple creases at edges or small spots.,1,2024-02-26 15:31:36,4.2429
906461,The Sailor Kezori Kuemon,Noda Kyuho (1879 - 1971),"Series; The Complete Works of Chikamatsu Monzaemon, First Edition, circa 1922 - 1926","Excellent color and detail. Crease at top edge, a few small spots.",1,2024-02-26 15:31:36,4.2911
915092,The Deity Fudo and the Priest Mongaku,Tomita Keisen (1879 - 1936),"Series; The Complete Works of Chikamatsu Monzaemon, First Edition, circa 1922 - 1926","Excellent color and detail. Small spot and indented line in margin, a couple creases at edges.",1,2024-02-26 15:31:36,4.6211
914635,The Heroine Tora Gozen ,Ishikawa Toraji (1875 - 1964),"Series; The Complete Works of Chikamatsu Monzaemon, First Edition, circa 1922 - 1926","Excellent color and detail. Slight soiling, a few small marks.",1,2024-02-26 15:31:36,4.9574
912865,"Scene from Yoshitsune Senbon Zakura, 1856",Toyokuni III/Kunisada (1786 - 1864),,"Good detail. Diagonal fold at side, slight rubbing.",1,2024-02-26 15:31:36,4.9902
908155,"The Heroine Koharu, 1922 ",Keigetsu Kikuchi (1879 - 1955),"Series; The Complete Works of Chikamatsu Monzaemon, First Edition, circa 1922 - 1926","Excellent color and detail. A couple spots.  Please note, the darkening along the edge of the face and hands is from the oxidation of the pigment used, and is typical for this subject.",1,2024-02-26 15:31:36,4.686
909927,Beauty in a Kimono with Plovers and Streams,Meiji era artist (unsigned),Series; Ancient Customs Paintings,Nice color and detail. Some prints have a couple creases at edges or small spots.,1,2024-02-26 15:31:36,4.2429
902181,Street Scene,Meiji era artist (unsigned),Series; Ancient Customs Paintings,"Nice color and detail. Small repair at edge, a few light creases at edges.",1,2024-02-26 15:31:36,4.2429
914363,Landscape with Mountains,After Maruyama Okyo (1733 - 1795),,Nice color and detail. Backed with paper. A couple small repairs.,1,2024-02-26 15:31:36,4.9143
903976,Entrance to a House,Meiji era artist (unsigned),Series; Ancient Customs Paintings,Nice color and detail. Some prints have a couple creases at edges or small spots.,1,2024-02-26 15:31:36,4.2429
908383,"Scene from Sakura Soshi Gonichi Bundan, 1861",Toyokuni III/Kunisada (1786 - 1864),,"Good detail. Vertical folds near side. Repair, slight rubbing at side.",1,2024-02-26 15:31:36,4.9902
911028,"Kataoka Gado II as Issun Tokubei and Morita Kan'ya XI as Tsurifune no Sabu, 1855",Toyokuni III/Kunisada (1786 - 1864),,"Good detail. Diagonal and vertical folds, a couple repairs and creases.",1,2024-02-26 15:31:36,4.9902
906387,"The Heroine Osan, circa 1923",Saburosuke Okada (1869 - 1939),"Series; The Complete Works of Chikamatsu Monzaemon, First Edition, circa 1922 - 1926",Excellent color and detail. A few small spots.,1,2024-02-26 15:31:36,5.3297
914375,Samurai and Beauty on Horseback,Meiji era artist (unsigned),Series; Ancient Customs Paintings,Nice color and detail. Some prints have a couple creases at edges or small spots.,1,2024-02-26 15:31:36,4.2429
900162,Maiko on a Bridge,Shin-hanga & Modern artist (not read),,Excellent color and detail. No issues to report.,1,2024-02-26 15:31:37,4.0626
902419,A Swordsman,Yamaguchi Sohei (1882 - 1961),"Series; The Complete Works of Chikamatsu Monzaemon, First Edition, circa 1922 - 1926","This print with excellent color and detail as shown. Slight toning, a few creases at edges and small spots, fiber in paper. Please see photos for details.",1,2024-02-26 15:31:37,4.3853
909725,Maiko on a Verandah,Shin-hanga & Modern artist (not read),,Excellent color and detail. No issues to report.,1,2024-02-26 15:31:37,4.0626
915331,Maiko on a Snowy Day,Shin-hanga & Modern artist (not read),,Excellent color and detail.,1,2024-02-26 15:31:37,4.0626
914776,Maiko at the Silver Pavilion,Shin-hanga & Modern artist (not read),,Excellent color and detail. No issues to report.,1,2024-02-26 15:31:37,4.0626
901855,Bunraku,Nishimura Goun (1877 - 1938),"Series; The Complete Works of Chikamatsu Monzaemon, First Edition, circa 1922 - 1926","This print with excellent color and detail as shown. Slight toning, a few spots, a couple creases at corners, soiling at edges. Please see photos for details.",1,2024-02-26 15:31:37,4.5662
903923,Maiko on a Moonlit Night,Shin-hanga & Modern artist (not read),,Excellent color and detail. Light crease at edge.,1,2024-02-26 15:31:37,4.0626
905043,Rooster and Hen,Takahashi Biho (1873 - ?),,"This print with excellent color and detail as shown. A couple creases at edges and small spots. Stamped ""Made in Japan No. 66"" on reverse. Please see photos for details.",1,2024-02-26 15:31:38,4.4259
915694,Cockatoo on a Basket of Orchids,Ichiro (dates unknown),,This print with excellent color and detail as shown. A few small spots and light creases. Please see photos for details.,1,2024-02-26 15:31:38,4.5423
916123,Sparrow and Cotton Rose,Shizuo Ashikaga (1917 - 1991),,This print with excellent color and detail as shown. Some creases at edges. Please see photos for details. Good overall.,1,2024-02-26 15:31:38,4.7306
913376,Yoshida: Willow and Private Estate,Junichiro Sekino (1914 - 1988),Series: The Fifty-three Stations of the Tokaido,"Excellent color and detail. A few creases at edges, a few stains.",1,2024-02-26 15:31:39,6.0388
906614,Kakegawa: Mountain-top Kannon,Junichiro Sekino (1914 - 1988),Series: The Fifty-three Stations of the Tokaido,"Excellent color and detail. A few creases at edges, faint spotting.",1,2024-02-26 15:31:39,6.0388
900657,Parrot and Daphne,Nakayama Sugakudo (active circa 1850 - 1860),Series; Forty-eight Hawks Drawn from Life,Excellent color and detail. Backed with paper.,1,2024-02-26 15:31:39,4.659
910339,"Blackbird, Rapeseed, and Wild Pea",Nakayama Sugakudo (active circa 1850 - 1860),Series; Forty-eight Hawks Drawn from Life,Excellent color and detail. Backed with paper.,1,2024-02-26 15:31:39,4.659
901286,Young Fowls and Nardosmia,Nakayama Sugakudo (active circa 1850 - 1860),Series; Forty-eight Hawks Drawn from Life,Excellent color and detail. Backed with paper. A couple small spots.,1,2024-02-26 15:31:39,4.659
901501,"Parting of the Kusunoki Masashige and His Son at Sakurai, 1892",Nobukazu (1874 - 1944),,Excellent color and good detail. A few small repairs and small spots.,1,2024-02-26 15:31:39,5.3052
905437,"Akechi Mitsuhide, No. 17",Chikanobu (1838 - 1912),"Series; Eastern Brocades, Day and Night Compared",Excellent color and detail.,1,2024-02-26 15:31:39,5.3508
904375,"Kato Kiyomasa, No. 18",Chikanobu (1838 - 1912),"Series; Eastern Brocades, Day and Night Compared",Excellent color and detail.,1,2024-02-26 15:31:39,5.3508
904343,"Okubo Hikozaemon, No. 19",Chikanobu (1838 - 1912),"Series; Eastern Brocades, Day and Night Compared",Excellent color and detail.,1,2024-02-26 15:31:39,5.3508
910902,Parroquet and Wild Plum,Nakayama Sugakudo (active circa 1850 - 1860),Series; Forty-eight Hawks Drawn from Life,Excellent color and detail. Backed with paper.,1,2024-02-26 15:31:39,4.659
912473,Mishima: Mishima Shrine,Junichiro Sekino (1914 - 1988),Series: The Fifty-three Stations of the Tokaido,Excellent color and detail. Light crease at corner.,1,2024-02-26 15:31:39,6.0388
906000,"Scene from Engi-mo Yosa Takara no Mayudama, 1898",Kunichika (1835 - 1900),,Excellent color and good detail. Backed with somewhat stiff paper. Light vertical lines where backing papers meet.,1,2024-02-26 15:31:40,4.9712
912999,"Rokuharamitsu-ji in Kyoto, Yamashiro Province, No. 17 of the Saikoku Pilgrimage Route, 1859",Toyokuni III/Kunisada (1786 - 1864) and Hiroshige II (1826 - 1869),Series; Miracles of Kannon (Kannon reigenki),"Nice color and detail. Backed with paper. Wormhole, repaired.",1,2024-02-26 15:31:40,4.9794
911874,"Lady Nii, No. 37",Chikanobu (1838 - 1912),"Series; Eastern Brocades, Day and Night Compared",Excellent color and detail.,1,2024-02-26 15:31:40,5.3508
902920,"Ishiyama-dera in Omi Province, No.13 of the Saikoku Pilgrimage Route, 1858",Toyokuni III/Kunisada (1786 - 1864) and Hiroshige II (1826 - 1869),Series; Miracles of Kannon (Kannon reigenki),Nice color and detail. Backed with paper.,1,2024-02-26 15:31:40,4.9794
900688,"The Demon of Mt. Togakushi, 1887",Kunichika (1835 - 1900),,Nice color and detail. Backed with somewhat stiff paper. Vertical fold between panels.,1,2024-02-26 15:31:40,4.9712
901050,"Oka-dera in Yamato Province, No. 7 of the Saikoku Pilgrimage Route, 1859",Toyokuni III/Kunisada (1786 - 1864) and Hiroshige II (1826 - 1869),Series; Miracles of Kannon (Kannon reigenki),Nice color and detail. Backed with paper.,1,2024-02-26 15:31:40,4.9794
900826,"Tanikumidera in Mino Province, No.33 of the Saikoku Pilgrimage Route, 1859",Toyokuni III/Kunisada (1786 - 1864) and Hiroshige II (1826 - 1869),Series; Miracles of Kannon (Kannon reigenki),Nice color and detail. Backed with paper.,1,2024-02-26 15:31:40,4.9794
901605,"Mii-dera in Omi Province, No. 14 of the Saikoku Pilgrimage Route, 1859",Toyokuni III/Kunisada (1786 - 1864) and Hiroshige II (1826 - 1869),Series; Miracles of Kannon (Kannon reigenki),Nice color and detail. Backed with paper.,1,2024-02-26 15:31:40,4.9794
905680,Beauty Carrying a Meal,Kunichika (1835 - 1900),,Good detail. A few small repairs.,1,2024-02-26 15:31:40,4.9712
902018,"Beauty after a Bath, 1867",Kunisada II (1823 - 1880),,"Good detail. Small repairs, mostly at edges. A few wrinkles at edges.",1,2024-02-26 15:31:40,5.0398
910959,"The Akashi Bathhouse, 1847 - 1852",Toyokuni III/Kunisada (1786 - 1864),,Nice detail. Backed with paper.,1,2024-02-26 15:31:40,4.9902
906112,"Scene from Ume Sakura Aioi-zoshi, 1816",Toyokuni I (1769 - 1825),,"Good detail. Backed with paper. Small losses at edges, a few holes, repaired. A few creases, vertical folds between panels.",1,2024-02-26 15:31:40,4.7311
909119,Beauty Reading a Letter,Harunobu (1724 - 1770),,"Good detail. Partially backed with paper. Small repairs, a few creases at edges.",1,2024-02-26 15:31:40,4.9678
907924,"Makinoo-dera in Izumi Province, No. 4 of the Saikoku Pilgrimage Route, 1858",Toyokuni III/Kunisada (1786 - 1864) and Hiroshige II (1826 - 1869),Series; Miracles of Kannon (Kannon reigenki),"Nice color and detail. Backed with paper. Vertical fold at side, light diagonal fold at center, small rubbed spot.",1,2024-02-26 15:31:40,4.9794
912091,"Drastic Price Reduction Moved to Clearance, Act Fast!",Sharaku (active 1794 - 1795),,This print with excellent color and detail as shown. Please see photos for details.,0,2024-02-26 15:31:40,4.0523
913549,"Drastic Price Reduction Moved to Clearance, Act Fast!",Utamaro (1750 - 1806),,This print with nice color and detail as shown. Brown spotting near center. Please see photos for details.,0,2024-02-26 15:31:40,4.0166
909064,"Drastic Price Reduction Moved to Clearance, Act Fast!",Kunichika (1835 - 1900),,This print with nice color and detail as shown. Backed with paper. Rubbing and staining throughout. Losses along edges.,1,2024-02-26 15:31:41,4.9712
900842,"Drastic Price Reduction Moved to Clearance, Act Fast!",Kuniyoshi (1797 - 1861),,This print with nice color and detail as shown. Rubbing and staining throughout. Small holes and losses along edges. Please see photos for details.,1,2024-02-26 15:31:41,5.3703
911646,"Drastic Price Reduction Moved to Clearance, Act Fast!",Meiji era artist (unsigned),,This print with nice color and detail as shown. Wrinkling and staining along edges. Please see photos for details.,1,2024-02-26 15:31:41,4.2429
914899,"Drastic Price Reduction Moved to Clearance, Act Fast!",Meiji era artist (not read),,This print with nice color and detail as shown. Brown stains along right edge. Please see photos for details.,1,2024-02-26 15:31:41,4.2802
906378,"Drastic Price Reduction Moved to Clearance, Act Fast!",Meiji era artist (not read),,"Nice color and detail. Hole, a couple creases at edges.",1,2024-02-26 15:31:41,4.2802
907198,"Drastic Price Reduction Moved to Clearance, Act Fast!",Utamaro (1750 - 1806),,This print with nice color and detail as shown. Stains and light wrinkling along edges. Please see photos for details.,0,2024-02-26 15:31:41,4.0166
906173,"Drastic Price Reduction Moved to Clearance, Act Fast!",Sadanobu I (1809 - 1879),,"This print with nice detail as shown. Rubbing, holes, and staining throughout. Please see photos for details.",1,2024-02-26 15:31:41,4.8648
914343,"Drastic Price Reduction Moved to Clearance, Act Fast!",Kunichika (1835 - 1900),,This print with nice color and detail as shown. Backed with paper. Light staining. Please see photos for details.,1,2024-02-26 15:31:41,4.9712
915015,"Drastic Price Reduction Moved to Clearance, Act Fast!",Tsukioka Kogyo (1869 - 1927),Series; Noga taikan (A Great Collection of Noh Pictures),Excellent color and detail. Some prints have a few spots or a crease at edge.,1,2024-02-26 15:31:43,4.273
901443,"Drastic Price Reduction Moved to Clearance, Act Fast!",Tsukioka Kogyo (1869 - 1927),Series; Noga taikan (A Great Collection of Noh Pictures),Excellent color and detail. Some prints have a few spots or a crease at edge.,1,2024-02-26 15:31:43,4.273
908331,"Drastic Price Reduction Moved to Clearance, Act Fast!",Tsukioka Kogyo (1869 - 1927),Series; Noga taikan (A Great Collection of Noh Pictures),Excellent color and detail. Some prints have a few spots or a crease at edge.,1,2024-02-26 15:31:43,4.273
906923,"Drastic Price Reduction Moved to Clearance, Act Fast!",Tsukioka Kogyo (1869 - 1927),Series; Noga taikan (A Great Collection of Noh Pictures),Excellent color and detail. Some prints have a few spots or a crease at edge.,1,2024-02-26 15:31:43,4.273
900852,"Drastic Price Reduction Moved to Clearance, Act Fast!",Tsukioka Kogyo (1869 - 1927),Series; Noga taikan (A Great Collection of Noh Pictures),Excellent color and detail. Some prints have a few spots or a crease at edge.,1,2024-02-26 15:31:43,4.273
902107,"Drastic Price Reduction Moved to Clearance, Act Fast!",Tsukioka Kogyo (1869 - 1927),Series; Noga taikan (A Great Collection of Noh Pictures),Excellent color and detail. Some prints have a few spots or a crease at edge.,1,2024-02-26 15:31:43,4.273
906676,"Drastic Price Reduction Moved to Clearance, Act Fast!",Tsukioka Kogyo (1869 - 1927),Series; Noga taikan (A Great Collection of Noh Pictures),Excellent color and detail. Some prints have a few spots or a crease at edge.,1,2024-02-26 15:31:43,4.273
912191,"Drastic Price Reduction Moved to Clearance, Act Fast!",Tsukioka Kogyo (1869 - 1927),Series; Noga taikan (A Great Collection of Noh Pictures),Excellent color and detail. Some prints have a few spots or a crease at edge.,1,2024-02-26 15:31:43,4.273
902254,"Drastic Price Reduction Moved to Clearance, Act Fast!",Hiroshige III (1843 - 1894),,"This print with nice color and detail as shown. Wrinkling, staining, and holes along edges. Please see photos for details.",1,2024-02-26 15:31:43,4.5843
910322,Takeda Katsuyori,Sadanobu III (1881 - 1963),,"Nice color and detail. Diagonal folds, creasing throughout.",1,2024-02-27 15:34:58,4.4177
912489,"Lion Dancer, circa 1939",Torii Kiyotada VII (1875 - 1941),,"Excellent color and detail. A few creases at edges and small spots, light crease on background.",1,2024-02-27 15:34:58,4.779
915750,"Soga Goro, 1941",Sadanobu III (1881 - 1963),,"Nice color and detail. Small tear at edge, repaired. A few creases at edges.",1,2024-02-27 15:34:59,4.4177
902935,"Temple of Heaven, Peking",Katharine Jowett (1883 - 1972),,"Nice color and detail. Light spotting, a few light creases at edges.",1,2024-02-27 15:34:59,4.9143
913261,"Nozarashi Hiding behind a Curtain, 1865",Kunisada II (1823 - 1880),,"Good detail. Vertical fold at side of two panels. Thinning one fold, hole, repaired.",1,2024-02-27 15:34:59,5.0398
911277,"Confrontation at the Foot of a Bridge, 1867",Kunichika (1835 - 1900),,Nice color and detail. A couple creases at edges and small repairs.,1,2024-02-27 15:34:59,4.9712
901686,"Angry Sumo Wrestler, 1861",Kuniaki (1835 - 1888) ,,Nice detail. A few small repairs.,1,2024-02-27 15:34:59,4.9143
914182,"Commoner and Fisherman at the Shore, 1857",Toyokuni III/Kunisada (1786 - 1864),,Nice color and detail.,1,2024-02-27 15:34:59,4.9902
909548,"Attack outside a Temple, 1861",Toyokuni III/Kunisada (1786 - 1864),,Nice detail. A couple small repairs.,1,2024-02-27 15:34:59,4.9902
909175,"Nakamura Shikan VI as Sunami Kazuemon and Ichimura Uzaemon XIII as the Evil Spirit of the Cat Stone, 1861",Toyokuni III/Kunisada (1786 - 1864),,Nice detail. Backed with paper. Vertical centerfold. A few creases at edges and along fold.,1,2024-02-27 15:34:59,4.9902
905895,Scene from Yoshitsune Senbon Zakura,Kunisada III (1848 - 1920),,"Nice color and detail. Vertical fold in two panels. Tear and small losses at edge, repaired. A few creases.",1,2024-02-27 15:34:59,4.5157
900808,"Threatening a Samurai with a Broken Bottle, 1867",Kunichika (1835 - 1900),,Nice color and detail. A few small repairs.,1,2024-02-27 15:34:59,4.9712
906995,Woman Weaving Surimono,Shigenobu I (1787 - 1832),,Good detail. A few creases at edges and small repairs.,0,2024-02-27 15:34:59,4.9143
903440,Moon and Waves Surimono,Shunman (1757 - 1820),,"Good detail. Wormhole near edge, repaired.",0,2024-02-27 15:34:59,4.9143
900406,Samurai Helmet Surimono,Hokkei (1780 - 1850),,Nice detail. Backed with paper. Slight curling.,0,2024-02-27 15:35:00,5.2876
910567,Puppet on a Go Board Surimono,Hokusai (1760 - 1849),,Good detail. Backed with paper. Slight curling.,0,2024-02-27 15:35:00,3.9827
904256,Two Women and a Servant by a Plum Tree Surimono,Shinsai (circa 1764 - 1820),,"Good detail. Backed with paper. Small losses at edges, slight curling.",0,2024-02-27 15:35:00,4.7193
907033,Woman of Ohara with Firewood Bundle and Kite Surimono,Hokkei (1780 - 1850),,Good detail. A few small repairs and creases.,0,2024-02-27 15:35:00,5.2876
901295,A Civilized Daruma,Yoshitoshi (1839 - 1892),Series; Sketches by YoshitoshiA Fuji Arts Special Offer Auction,"Nice color and detail. Thinning at corners, hole, repaired. Fold at corner, a couple light creases.",1,2024-02-27 15:35:01,5.7164
914649,The Filial Child Sagoro,Yoshitoshi (1839 - 1892),"Series; A Mirror of Filial Piety in Japan, 1881A Fuji Arts Special Offer Auction","Nice color and detail. Wormhole, repaired. Crease at bottom edge.",1,2024-02-27 15:35:01,5.7164
905640,Miyagino and Shinobu Fighting Shiga Danshichi,Yoshitoshi (1839 - 1892),"Series; A Mirror of Filial Piety in Japan, 1881A Fuji Arts Special Offer Auction","Nice color and detail. A couple wormholes, repaired. Fold at corner, a couple light creases.",1,2024-02-27 15:35:01,5.7164
909075,Theater District Dawn Moon,Yoshitoshi (1839 - 1892),100 Aspects of the Moon (Tsuki hyakushi)A Fuji Arts Special Offer Auction,"Backed with paper. Nice color and good detail. Vertical folds at sides, small repair.",1,2024-02-27 15:35:01,5.7164
907133,Takakura Moon,Yoshitoshi (1839 - 1892),100 Aspects of the Moon (Tsuki hyakushi)A Fuji Arts Special Offer Auction,Nice color and detail. Soft horizontal and vertical folds. A few small repairs and creases,1,2024-02-27 15:35:01,5.7164
901149,"Toyotomi Hideyoshi and Kato Kiyomasa, 1876",Yoshitoshi (1839 - 1892),Series; Mirror of Famous Generals of JapanA Fuji Arts Special Offer Auction,"Nice color and good detail. Slight separation at ends of horizontal centerfold, repaired.",1,2024-02-27 15:35:01,5.7164
912362,"Miidera Temple in Otsu, 1863",Yoshitoshi (1839 - 1892),"Series; Famous Places along the Tokaido Road (The Processional Tokaido), 1863A Fuji Arts Special Offer Auction","Good detail. A few repairs and creases, wrinkling at corner.",1,2024-02-27 15:35:01,5.7164
900334,"Smoky: the appearance of a housewife of the Kyowa era, No. 6",Yoshitoshi (1839 - 1892),Series; Thirty-Two Aspects of WomenFirst Edition printing with 3 color cartoucheA Fuji Arts special offer auction,"Nice detail. Backed with paper. Horizontal centerfold, light diagonal fold. Light horizontal line where backing papers meet, crease.",1,2024-02-27 15:35:01,5.7164
913912,"View of Sakai Tadatsugu Striking the Clock Drum, 1874",Yoshitoshi (1839 - 1892),A Fuji Arts Special Offer Auction,"Nice color and detail. Horizontal centerfold. Losses at corners, holes, repaired. Creasing at edges.",1,2024-02-27 15:35:01,5.7164
900878,"The Three Heroes Swear Loyalty in the Peach Orchard, 1866",Yoshitoshi (1839 - 1892),A Fuji Arts Special Offer Auction,"Nice detail. Backed with paper. Large loss and smaller losses at edges, wormholes, repaired.",1,2024-02-27 15:35:01,5.7164
911067,Grasshopper and Persimmon Surimono,Hokusai (1760 - 1849),,"Nice detail. Backed with paper. Small losses, slight curling.",0,2024-02-27 15:35:01,3.9827
909120,Women and Children Gathering Abalone into a Basket,Shinsai (circa 1764 - 1823),,"Good detail. Backed with paper. Small loss at corner, repaired. Slight curling.",0,2024-02-27 15:35:01,4.9143
911175,Horned Owl on Flowering Branch Surimono,Shunman (1757 - 1820),,"Nice detail. Backed with paper. Small crease at edge, slight curling.",0,2024-02-27 15:35:01,4.9143
907071,Ebisu Sharing an Umbrella with a Beauty in the Snow Surimono,Toyohiro (1773 - 1828),,Good detail. Backed with paper. Slight curling.,0,2024-02-27 15:35:01,4.9735
913569,Elegant Chronicles of New Year Sake Surimono,Gakutei (1786 - 1868),,Good detail. Backed with paper. Slight curling.,0,2024-02-27 15:35:01,4.8335
916095,"A Wicked Foreigner in Nagasaki Who Refused to Pay a Prostitute, Dropped his Gold Watch on Leaving, and Sued the Woman for Theft",Yoshitoshi (1839 - 1892),"Series; Postal News (Yubin hochi shinbun), 1875 - 1876A Fuji Arts Special Offer Auction","Nice color and detail. Horizontal and vertical centerfolds. Small loss at corner, a few holes, repaired.",1,2024-02-27 15:35:01,5.7164
915318,"Prince Genji Dressed in the Purple of Edo: The Tama River, 1866",Yoshitoshi (1839 - 1892),A Fuji Arts Special Offer Auction,"Good detail. A few repairs, light wrinkling throughout.",1,2024-02-27 15:35:01,5.7164
905180,Fine Old Reprint Clearance! A Fuji Arts Value,Eishi (1756 - 1829),,This print with good color and detail as shown. Wrinkling at left edge. Please see photos for details.,0,2024-02-27 15:35:03,4.2988
914824,Fine Old Reprint Clearance! A Fuji Arts Value,Shuncho (active circa 1780 - 1795),,This print with good color and detail as shown. Tiny brown spot near right edge. Please see photos for details.,0,2024-02-27 15:35:03,4.5926
911351,A Clearance Opportunity! Shin-hanga or Modern era Original,Shin-hanga & Modern artist (not read),,This print with nice color and detail as shown. Staining in light areas. Uneven edges. Please see photos for details.,1,2024-02-27 15:35:04,4.0626
905503,"Great Battle in Outer Hyogo: The Battle of Minatogawa, circa 1842 - 1843",Kuniyoshi (1797 - 1861),,"Good detail. Backed with paper. A few wormholes, repaired. Slight rubbing.",1,2024-02-27 15:35:04,5.3703
909239,A Clearance Opportunity! Shin-hanga or Modern era Original,Shin-hanga & Modern artist (not read),,This print with nice detail as shown. Staining in light area. Tear at bottom edge. Please see photos for details.,1,2024-02-27 15:35:04,4.0626
910745,A Clearance Opportunity! Meiji or Edo era Original,Toyokuni I (1769 - 1825),,This print with nice color and detail as shown. Some soiling and toning. Some losses at corners.,1,2024-02-27 15:35:04,4.7311
914241,"Taira no Kiyomori Gesturing to the Sun to Stand Still, 1842 - 1843",Kuniyoshi (1797 - 1861),,"Good detail. Backed with paper. A couple losses, wormholes, repaired.",1,2024-02-27 15:35:04,5.3703
904552,"Rebuilding Kiyosu Castle, 1849",Kuniyoshi (1797 - 1861),,"Nice detail. Backed with paper. A few wormholes, repaired. Slight rubbing at edges.",1,2024-02-27 15:35:04,5.3703
914428,"Mitsutoki Reporting to Tomomori at the Battle of Dan-no-ura, circa 1842 - 1843",Kuniyoshi (1797 - 1861),,Good detail. A few small repairs.,1,2024-02-27 15:35:04,5.3703
904473,Minamoto no Yoshitsune at Horikawa Palace,Toyokuni III/Kunisada (1786 - 1864),,"Nice detail. Thinning along horizontal centerfold, a few holes, repaired.",1,2024-02-27 15:35:04,4.9902
914938,Asano Takumi no kami kerai Oishi Kuranosuke Yoshio,Gekko (1859 - 1920),"Series; Pictures of the Forty-seven Loyal Retainers, 1895 - 1903","Nice color and detail. Horizontal folds. A few repairs, creasing throughout.",1,2024-02-27 15:35:04,4.7082
910552,"The 47 Ronin, Act 1: Tsurugaoka Hachiman Shrine, 1866",Kunichika (1835 - 1900),Series; The Storehouse of Loyal Retainers,"Good color and detail. Stitching holes at one side of each panel, a few holes, repaired. A few creases at edges.",1,2024-02-27 15:35:05,4.9712
901925,"Ichikawa Sadanji I as Hanemasu Yukichi (above), Bando Hikosaburo V as Okubo Hikozaemon, and Nakamura Shikan IV as Abe Bungo no kami",Kunichika (1835 - 1900),"Series; Hit Actors in a Contest of Storytelling, 1873",Nice color and detail. Backed with paper.,1,2024-02-27 15:35:05,4.9712
903334,Ichikawa Sadanji I as Shimizu Daikaku (above) and Kawarazaki Sansho I as Ishikawa Goemon,Kunichika (1835 - 1900),"Series; Hit Actors in a Contest of Storytelling, 1873",Nice color and detail. Backed with paper.,1,2024-02-27 15:35:05,4.9712
907585,"The 47 Ronin, Act 4: Vacating the Mansion, 1866",Kunichika (1835 - 1900),Series; The Storehouse of Loyal Retainers,"Good color and detail. Stitching holes at one side of each panel, repaired. A couple creases at edges.",1,2024-02-27 15:35:05,4.9712
910846,"Courtesan and Girl in a Garden, 1862",Kunichika (1835 - 1900),Series; How to Master Hauta Songs,"Nice detail. Backed with paper. Small repair, a couple creases at edge.",1,2024-02-27 15:35:05,4.9712
901892,"Bando Hikosaburo V as Manoya Tokubei, 1865",Kunichika (1835 - 1900),,"Nice detail. Loss at corner, a couple thin spots, repaired. Creasing throughout.",1,2024-02-27 15:35:05,4.9712
902513,Commoner in Summer Kimono,Yoshiiku (1833 - 1904),Series; Figures of Flowers in the Eastern Capital,Nice detail. Staining at edge.,1,2024-02-27 15:35:05,5.0906
900236,"The 47 Ronin, Act 6: The Suicide of Kampei and the Departure of Okaru, 1866",Kunichika (1835 - 1900),Series; The Storehouse of Loyal Retainers,"Good color and detail. Stitching holes at one side of each panel, a few holes, repaired. A couple wrinkles at edges.",1,2024-02-27 15:35:05,4.9712
903333,Kawarazaki Gonjuro as Fuwa Banzaemon,Kunichika (1835 - 1900),,Nice detail and good color. A couple creases at edges.,1,2024-02-27 15:35:05,4.9712
908409,Ichikawa Danjuro as Asakura Togo,Kunichika (1835 - 1900),,"Nice color and good detail. Slight creasing near top center, a couple creases at edges.",1,2024-02-27 15:35:05,4.9712
904758,Onoe Kikugoro as Nagoya Sanza,Kunichika (1835 - 1900),,Nice detail. A couple creases at edges and small stains.,1,2024-02-27 15:35:05,4.9712
904167,"The 47 Ronin, Act 6: Ichikawa Danjuro VIII as Hayano Kampei, 1852",Kuniyoshi (1797 - 1861),Series; Twelve Acts of the Lantern Chushingura,"Nice detail. Backed with paper. Diagonal wrinkle at lower right, a couple creases, light indent on face.",1,2024-02-27 15:35:05,5.3703
906080,Joshi Enzetsu (Women's Speeches),Chikanobu (1838 - 1912),"Series; Magic Lantern Comparisons, 1890","Nice color and detail. Backed with paper. Horizontal centerfold.  A few small repairs, a couple creases at edges.",1,2024-02-27 15:35:05,5.3508
914258,"Desire to See the Next Volume; Whitebait Fish from Nishimiya in Shinano Province, 1852",Kuniyoshi (1797 - 1861),"Series; Celebrated Products of Mountains and Seas, 1852","Good detail. A few repairs, a couple creases at edges.",1,2024-02-27 15:35:05,5.3703
901682,"Reading a Letter, circa 1840",Kuniyoshi (1797 - 1861),Series; Instruction for Children in the Accomplishments,"Good detail. Horizontal folds.  A few wormholes, repaired. Light creasing throughout.",1,2024-02-27 15:35:05,5.3703
910517,"Kusunoki Masayuki and His Mother, 1892",Kunichika (1835 - 1900),,Nice detail. Backed with paper. Curling.,1,2024-02-27 15:35:06,4.9712
909587,"Onoe Kikugoro V as the Ghost of Okiku (above), Sawamura Tossho II as Izumi Saburo, and Nakamura Juzaburo as Gotobei",Kunichika (1835 - 1900),"Series; Hit Actors in a Contest of Storytelling, 1873","Nice color and detail. Backed with paper. Slight paper remnants at side, light glue residue at center right.",1,2024-02-27 15:35:06,4.9712
900132,"Nakamura Shikan IV as Kunisada Chuji (above), Onoe Kikugoro V as Shicho Goromata, Kawarazaki Sansho I as Shicho Taromata, and Nakamura Sojuro I as Shicho Jiromata",Kunichika (1835 - 1900),"Series; Hit Actors in a Contest of Storytelling, 1873","Nice color and detail. Backed with paper. Thinning at edge, repaired.",1,2024-02-27 15:35:06,4.9712
906160,"Nakamura Shikan IV (above), and Kawarazaki Sansho I as Kiyomasa",Kunichika (1835 - 1900),"Series; Hit Actors in a Contest of Storytelling, 1873",Nice color and detail. Backed with paper.,1,2024-02-27 15:35:06,4.9712
912054,"Nakamura Kanjaku III as Musashi (above), and Nakamura Shikan IV as both Matsuyama and Wankyu",Kunichika (1835 - 1900),"Series; Hit Actors in a Contest of Storytelling, 1873",Nice color and detail. Backed with paper.,1,2024-02-27 15:35:06,4.9712
913788,Goat and Horse: Sawamura Tossho II as Sanshichiro Nobutaka and Ichikawa Sadanji I as Kunitaro,Kunichika (1835 - 1900),"Series; Selected Actors for the Twelve Signs of the Zodiac, 1869","Nice color and detail. Backed with paper. Small repair, a few creases, slight curling.",1,2024-02-27 15:35:06,4.9712
914964,"Nakamura Sojuro I as Hanshichi (above), and Kawarazaki Sansho I as Lord Hidetsugu",Kunichika (1835 - 1900),"Series; Hit Actors in a Contest of Storytelling, 1873",Nice color and detail. Backed with paper.,1,2024-02-27 15:35:06,4.9712
911268,"Kawarazaki Sansho I as Matsuzen'ya Gorozo (above), and Nakamura Shikan IV as Kato Kiyomasa",Kunichika (1835 - 1900),"Series; Hit Actors in a Contest of Storytelling, 1873",Nice color and detail. Backed with paper.,1,2024-02-27 15:35:06,4.9712
913059,Sawamura Tanosuke III ,Kunichika (1835 - 1900),,"Good detail. Partially backed with paper. Vertical fold. Thinning areas, repaired.",1,2024-02-27 15:35:06,4.9712
903816,Otani Tomoemon V,Kunichika (1835 - 1900),,"Good detail. Partially backed with paper. Vertical fold. Loss at edge and thinning areas, repaired. A few creases.",1,2024-02-27 15:35:06,4.9712
904275,"Scene from Kuruwa Bunsho, 1850",Toyokuni III/Kunisada (1786 - 1864),,Good detail. Backed with paper.,1,2024-02-27 15:35:06,4.9902
911316,"Scene from Musume Hisago no Kanzashi, 1876",Kunichika (1835 - 1900),,Nice color and detail. Backed with paper. Horizontal centerfold.,1,2024-02-27 15:35:06,4.9712
911951,"Onoe Kikugoro V as Net Fisherman Shichigoro (above), Nakamura Sojuro I as Kisanta, Kawarazaki Sansho I as Kiichi, and Bando Kakitsu as Torazo",Kunichika (1835 - 1900),"Series; Hit Actors in a Contest of Storytelling, 1873",Nice color and detail. Backed with paper.,1,2024-02-27 15:35:06,4.9712
900674,"Emperor Nintoku Visits His Palace in the City of Naniwa, 1868",Sadanobu II (1848 - 1940),,Nice detail. Vertical folds at sides. A few repairs.,1,2024-02-27 15:35:07,4.9112
903149,"In the Kusunoki Camp, Sugimoto Akiyuki Is Rewarded with an Inscribed Sword, 1858",Kuniyoshi (1797 - 1861),,"Nice detail. Small repair, a few light creases at edges.",1,2024-02-27 15:35:07,5.3703
912224,Clearing Weather at Awazu,Hiroshige (1797 - 1858),"Series; Eight Views of Omi Province, 1891 Memorial Edition",Nice color and detail. Backed with paper.,1,2024-02-27 15:35:07,4.6198
901373,Descending Geese at Katada,Hiroshige (1797 - 1858),"Series; Eight Views of Omi Province, 1891 Memorial Edition",Nice color and detail. Backed with paper.,1,2024-02-27 15:35:07,4.6198
909547,Night Rain at Karasaki,Hiroshige (1797 - 1858),"Series; Eight Views of Omi Province, 1891 Memorial Edition",Nice color and detail. Backed with paper.,1,2024-02-27 15:35:07,4.6198
901407,"Beauties Enjoying a Waterfall at a Villa, 1893",Chikanobu (1838 - 1912),,"Good color and detail. A few small repairs, slight rubbing at edge,  slight curling.",1,2024-02-27 15:35:07,5.3508
908202,Shizuka Gozen,Chikanobu (1838 - 1912),Series; A Chronicle of the Rise and Fall of the Genji and Heike,Nice color and detail.,1,2024-02-27 15:35:07,5.3508
907809,Princess Minazuru,Chikanobu (1838 - 1912),Series; A Chronicle of the Rise and Fall of the Genji and Heike,Nice color and detail.,1,2024-02-27 15:35:07,5.3508
902553,Taira no Kiyomori and Lady Tokiwa,Chikanobu (1838 - 1912),Series; A Chronicle of the Rise and Fall of the Genji and Heike,Nice color and detail.,1,2024-02-27 15:35:07,5.3508
902443,Beauty Carrying a Package Kakemono,Eizan (1787 - 1867),,Good detail. A few small repairs.,1,2024-02-27 15:35:07,5.4046
912774,Beauty with Poem Slip Kakemono,Kuniyoshi (1797 - 1861),,Good detail. Backed with paper. Vertical fold between panels.,1,2024-02-27 15:35:07,5.3703
904632,Beauty with an Umbrella Kakemono,Eisen (1790 - 1848),,"Good detail. A few small repairs, a couple horizontal creases.",1,2024-02-27 15:35:07,5.4133
901483,Returning Sails at Yabase,Hiroshige (1797 - 1858),"Series; Eight Views of Omi Province, 1891 Memorial Edition",Nice color and detail. Backed with paper.,1,2024-02-27 15:35:07,4.6198
904231,Zato Quarreling,Tsukimaro (active circa 1800s - 1820s),,Good detail. A few small repairs.,1,2024-02-27 15:35:07,5.3374
916079,Tiger,Tsukimaro (active circa 1800s - 1820s),,Good detail. A few small repairs.,1,2024-02-27 15:35:07,5.3374
911512,Heron in a Willow Tree,Tsukimaro (active circa 1800s - 1820s),,Good detail. A few small repairs.,1,2024-02-27 15:35:07,5.3374
903778,Twilight Snow at Hira,Hiroshige (1797 - 1858),"Series; Eight Views of Omi Province, 1891 Memorial Edition",Nice color and detail. Backed with paper. Small repair.,1,2024-02-27 15:35:07,4.6198
908361,"Parading Pounded Rice Cakes, 1895",Chikanobu (1838 - 1912),Series; Chiyoda Inner Palace (Chiyoda no Ooku),Nice color and good detail. Backed with paper. A few small marks on background.,1,2024-02-27 15:35:08,5.3508
905505,"Beauties in a Chrysanthemum Garden, 1895",Chikanobu (1838 - 1912),Series; Chiyoda Inner Palace (Chiyoda no Ooku),Nice color and good detail. Backed with paper. A few small spots on background.,1,2024-02-27 15:35:08,5.3508
914476,"Viewing Maple Leaves, 1895",Chikanobu (1838 - 1912),Series; Chiyoda Inner Palace (Chiyoda no Ooku),Nice color and good detail. Backed with paper. A few small spots on background.,1,2024-02-27 15:35:08,5.3508
904282,"Takenouchi no Sukune, 1858",Yoshikazu (active circa 1850 - 1870),"Series; Mirror of Famous Generals of Our Country, 1858","Good detail. A few small repairs, light creasing throughout.",1,2024-02-27 15:35:08,5.6311
910317,"Catching Fireflies, 1896",Chikanobu (1838 - 1912),Series; Chiyoda Inner Palace (Chiyoda no Ooku),Nice color and good detail. Backed with paper.,1,2024-02-27 15:35:09,5.3508
903657,"Tea Ceremony, 1895",Chikanobu (1838 - 1912),Series; Chiyoda Inner Palace (Chiyoda no Ooku),Nice color and good detail. Backed with paper.,1,2024-02-27 15:35:09,5.3508
915126,"Bamba: Bando Mitsugoro III as a Shirabyoshi Dancer, 1852",Toyokuni III/Kunisada (1786 - 1864),"Series; The Sixty-nine Stations of the Kisokaido, 1852","Nice detail. Vertical fold near center. Small repair, slight curling.",1,2024-02-27 15:35:09,4.9902
907642,"Omiya: Bando Mitsugoro III as Hatakeyama Shigetada, 1852",Toyokuni III/Kunisada (1786 - 1864),"Series; The Sixty-nine Stations of the Kisokaido, 1852",Nice detail. Vertical fold near center. Slight curling.,1,2024-02-27 15:35:10,4.9902
906011,"Ageo, Mt. Raiden: Onoe Baiju as Kan Shojo, 1852",Toyokuni III/Kunisada (1786 - 1864),"Series; The Sixty-nine Stations of the Kisokaido, 1852","Nice detail. A few small repairs, slight rubbing at top and curling.",1,2024-02-27 15:35:10,4.9902
901248,"Midono: Nakamura Utaemon IV as a Beauty, 1852",Toyokuni III/Kunisada (1786 - 1864),"Series; The Sixty-nine Stations of the Kisokaido, 1852",Nice detail. Vertical fold at side. Slight curling.,1,2024-02-27 15:35:11,4.9902
913251,"Nakamura Tsuruzo I as Kajiwara Heizo Kagetoki, 1860",Toyokuni III/Kunisada (1786 - 1864),Series; The Mirror of Today's Pictures,"Nice color and detail. Small loss and slight thinning at edges, a couple wormholes, repaired.",1,2024-02-27 15:35:11,4.9902
908593,"Hato Pass at Wada Station: Bando Shuka I as Maizuru, 1852",Toyokuni III/Kunisada (1786 - 1864),"Series; The Sixty-nine Stations of the Kisokaido, 1852",Nice detail. Vertical fold near center. Slight curling.,1,2024-02-27 15:35:11,4.9902
906456,"Nakamura Fukusuke I as Taira Taro Yoshikado, 1859",Toyokuni III/Kunisada (1786 - 1864),Series; The Mirror of Today's Pictures,"Nice color and detail. Small tear and slight thinning at edges, repaired. Light diagonal crease near bottom.",1,2024-02-27 15:35:11,4.9902
905228,"Kataoka Nizaemon VIII as Ume no Yoshibei, 1859",Toyokuni III/Kunisada (1786 - 1864),Series; The Mirror of Today's Pictures,"Nice color and detail. A few wormholes, repaired.",1,2024-02-27 15:35:11,4.9902
902713,"Nakamura Fukusuke I as Omiwa, Daughter of Sugi the Sake Seller, 1859",Toyokuni III/Kunisada (1786 - 1864),Series; The Mirror of Today's Pictures,Nice color and detail. Small repair.,1,2024-02-27 15:35:11,4.9902
912818,"Sawamura Tanosuke III as Shinzo Nakoso, 1859",Toyokuni III/Kunisada (1786 - 1864),Series; The Mirror of Today's Pictures,"Nice color and detail. A few wormholes, repaired.",1,2024-02-27 15:35:11,4.9902
902847,"Seki Sanjuro III as Odera Shobei, 1859",Toyokuni III/Kunisada (1786 - 1864),,Good detail. A couple small repairs and creases at edges.,1,2024-02-27 15:35:12,4.9902
905388,"Graveyard of Sengakuji, 1945",Azechi Umetaro (1902 - 1999),Series; Scenes of Last Tokyo,This print with excellent color and detail as shown. Slight paper remnants on reverse at top corners from previous mounting. Slight toning. Please see photos for details. Nice overall.,1,2024-02-27 15:35:12,5.212
908137,"Onoe Baiko 4.5 (later Jitsukawa Enjaku I) as Minamoto Yorimitsu Ason, 1859",Toyokuni III/Kunisada (1786 - 1864),Series; The Mirror of Today's Pictures,Good color and detail. A few small repairs at edge.,1,2024-02-27 15:35:12,4.9902
903331,"Seki Hanasuke IV as Tanizawa Kazumanosuke, 1860",Toyokuni III/Kunisada (1786 - 1864),Series; The Mirror of Today's Pictures,"Nice color and detail. Small loss at edge, a few wormholes, repaired.",1,2024-02-27 15:35:12,4.9902
903203,The Rokugo Ferry at Kawasaki,Hiroshige (1797 - 1858),Series;  Fifty-three Stations of the Tokaido,Excellent overall with no issues to report.,0,2024-02-27 15:35:12,4.6198
907533,"An Imperial Excursion to Maruyama in Shiba Park, 1880",Kuniaki II (1835 - 1888),,"Excellent color and detail. Backed with paper. A few wrinkles and creases, light vertical line where backing papers meet. Slight curling.",1,2024-02-28 15:35:38,5.1666
905719,The Kenmu Era (1334 - 1337),Chikanobu (1838 - 1912),Series; Mirror of the Ages,Nice color and detail. Backed with somewhat stiff paper. Light vertical fold near side.,1,2024-02-28 15:35:38,5.3508
905033,Mikagura Performance,Chikanobu (1838 - 1912),Series; Inner Chiyoda Palace (Chiyoda no Ooku),"Good color and detail. Horizontal fold in right panel, a couple creases at edges, faint staining at top.",1,2024-02-28 15:35:38,5.3508
910821,Athens,Tokuriki (1902 - 1999),,Excellent color and detail. Light crease at corner.,1,2024-02-28 15:35:38,4.8756
901083,Autumn Foliage,Nisaburo Ito (1910 - 1988),,Excellent color and detail. No issues to report.,1,2024-02-28 15:35:38,4.9667
904263,"Opening of the Noh Stage at the Koyokan Theatre, 1881",Chikanobu (1838 - 1912),,"Excellent color and detail. Backed with paper. A few light creases, slight curling.",1,2024-02-28 15:35:38,5.3508
910733,"Meiji Emperor Watching a Noh Performance, 1879",Chikanobu (1838 - 1912),,"Nice color and detail. Vertical folds between panels, horizontal centerfold, a few creases and small repairs.",1,2024-02-28 15:35:38,5.3508
911172,"The Empress and her Retinue Leaving the Palace, 1878",Chikanobu (1838 - 1912),,"Nice color and detail. Vertical folds between panels, horizontal centerfold, a few creases at edges and small repairs.",1,2024-02-28 15:35:38,5.3508
905307,"Beauties in an Iris Garden, 1880",Chikanobu (1838 - 1912),,"Nice color and detail. Backed with paper. Horizontal wrinkles near top, slight creasing and curling.",1,2024-02-28 15:35:38,5.3508
905974,"Asaji Fields, No. 6",Chikanobu (1838 - 1912),"Series; Eastern Brocades, Day and Night Compared","Nice color and detail. Light vertical ripple at right, a couple creases at edges.",1,2024-02-28 15:35:39,5.3508
901572,Shofuku: Mother and Child,Chikanobu (1838 - 1912),Series; Eastern Customs: Enumerated Blessings,Nice color and detail. Backed with paper.,1,2024-02-28 15:35:39,5.3508
906602,Shiragi of Inamoto-ro and Kochiyo of Nakanocho 1883,Chikanobu (1838 - 1912),Series; Praise for Multicolored Blossoms,"Nice color and detail. Small repair and a few creases at edges, small crease on one face.",1,2024-02-28 15:35:39,5.3508
900483,Figure Holding a Leaf,Junichiro Sekino (1914 - 1988),Series; For Haiku Poems in Basho's Narrow Road to a ProvinceA Fuji Arts $25 Opening Special Offer Auction! Get your bid in!,Excellent color and detail. A couple small indented marks in margin.,1,2024-02-28 15:35:39,6.0388
901626,Geisha in Summer Style - Limited Edition Commemorative Print,Torii Kotondo (1900 - 1976),Ishukankokai Published CommemorativeA Fuji Arts $25 Opening Special Offer Auction! Get your bid in!,"Excellent color and detail. A few creases and lightly rubbed spot on background, a few faint spots in margins.",1,2024-02-28 15:35:39,5.789
901788,White Blossoms,Shin-hanga & Modern artist (not read),,Nice color and detail. A couple light creases at edges.,1,2024-02-28 15:35:39,4.0626
915432,Walking through the Snow,Shin-hanga & Modern artist (not read),A Fuji Arts $25 Opening Special Offer Auction! Get your bid in!,Nice color and detail. Vertical fold at left. A few spots.,1,2024-02-28 15:35:39,4.0626
902544,Dog,Ryushi,A Fuji Arts $25 Opening Special Offer Auction! Get your bid in!,Nice color and detail. Folds and creasing at edges.,1,2024-02-28 15:35:39,4.9143
911946,"Yoshida Family Christmas Card, 1957",Toshi Yoshida (1911 - 1995),A Fuji Arts $25 Opening Special Offer Auction! Get your bid in!,Nice color and detail. A few creases at edges.,1,2024-02-28 15:35:39,5.6802
904623,"The Rough Sea, 1976",Ono Chikkyo (1889 - 1979),Series; For Haiku Poems in Basho's Narrow Road to a ProvinceA Fuji Arts $25 Opening Special Offer Auction! Get your bid in!,"Excellent color and detail. Toning, fold at corner.",1,2024-02-28 15:35:39,4.8074
904548,Oda Nobunaga Finds Saito Tosan Laughing at Him,Kiyochika (1847 - 1915),Series; Foundations of Morality and Success (Kyodo Risshi no Motoi),Nice color and detail. Backed with paper.,1,2024-02-28 15:35:39,5.1663
914485,Hanging Lantern and Maple Leaves,Shin-hanga & Modern artist (not read),,"Nice color and detail. A few creases at edges, light diagonal fold at upper left.",1,2024-02-28 15:35:39,4.0626
907302,"Scene from Itsumadegusa ukina no kaeuta, 1854",Toyokuni III/Kunisada (1786 - 1864),A Fuji Arts $25 Opening Special Offer Auction! Get your bid in!,"Nice detail. Vertical folds at sides. Slight separation along one fold, repaired. A few creases.",1,2024-02-28 15:35:40,4.9902
902599,"Artist Admiring His Painting of Fudo Myoo, 1889",Kunichika (1835 - 1900),A Fuji Arts $25 Opening Special Offer Auction! Get your bid in!,"Nice color and detail. Vertical folds at sides. A couple tears at edges, repaired. A few creases at edges, offsetting.",1,2024-02-28 15:35:40,4.9712
912159,"Scene from Atari Kuji Mansei Soga, 1867",Kunichika (1835 - 1900),A Fuji Arts $25 Opening Special Offer Auction! Get your bid in!,Good detail. A few small repairs.,1,2024-02-28 15:35:40,4.9712
909094,"Ninja Shining a Lantern, 1879",Kunichika (1835 - 1900),A Fuji Arts $25 Opening Special Offer Auction! Get your bid in!,"Nice color and detail. Vertical folds, a few small repairs, creasing throughout.",1,2024-02-28 15:35:40,4.9712
910801,"Scene from Yume musubu cho ni torioi, 1856",Toyokuni III/Kunisada (1786 - 1864),A Fuji Arts $25 Opening Special Offer Auction! Get your bid in!,"Nice detail. Thinning along vertical folds at sides, a few holes, repaired. Creasing at sides.",1,2024-02-28 15:35:40,4.9902
913765,"Kato Kiyomasa at the Conquest of Shikoku, 1883",Toyonobu (1859 - 1886),Series; The New Biography of Toyotomi Hideyoshi (Shinsen Taikoki)A Fuji Arts $25 Opening Special Offer Auction! Get your bid in!,Nice color and detail. Vertical centerfold. Creasing.,1,2024-02-28 15:35:40,5.4468
901712,Peacock and Peonies,Hiroshige (1797 - 1858),A Fuji Arts $25 Opening Special Offer Auction! Get your bid in!,Excellent color and detail. No issues to report.,0,2024-02-28 15:35:41,4.6198
901560,"Izu Province, the Hot Springs of the Shuzen Temple",Hiroshige (1797 - 1858),Series; Famous Views of the Sixty-odd ProvincesA Fuji Arts $25 Opening Special Offer Auction! Get your bid in!,"Excellent color and detail. Vertical fold near center, a couple creases at corner.",0,2024-02-28 15:35:41,4.6198
911910,Snowy Morning in the Yoshiwara,Hiroshige (1797 - 1858),Series; Famous Places in the Eastern CapitalA Fuji Arts $25 Opening Special Offer Auction! Get your bid in!,Excellent color and detail. No issues to report.,0,2024-02-28 15:35:41,4.6198
911900,Kai Otsuki-no-Hara,Hiroshige (1797 - 1858),Untitled series of views of Mt. FujiA Fuji Arts $25 Opening Special Offer Auction! Get your bid in!,Excellent color and detail. A couple small spots in margin and light creases.,0,2024-02-28 15:35:41,4.6198
909479,"Hatsune Riding Grounds, Bakuro-cho",Hiroshige (1797 - 1858),Series; One Hundred Famous Views of EdoA Fuji Arts $25 Opening Special Offer Auction! Get your bid in!,Excellent color and detail. Small spot in margin.,0,2024-02-28 15:35:41,4.6198
901187,"Kinryuzan Temple, Asakusa",Hiroshige (1797 - 1858),Series; One Hundred Famous Views of EdoA Fuji Arts $25 Opening Special Offer Auction! Get your bid in!,Excellent color and detail. A few creases at side.,0,2024-02-28 15:35:41,4.6198
916074,White Bonnet and Snow-covered Pine,Nakayama Sugakudo (active circa 1850 - 1860),Series; Forty-eight Hawks Drawn from LifeA Fuji Arts $25 Opening Special Offer Auction! Get your bid in!,This print with excellent color and detail as shown. Backed with paper. Please see photos for details.,1,2024-02-28 15:35:41,4.659
904083,Set of Four Senjafuda (Votive Prayer Slips),Shin-hanga & Modern artist (unsigned),A Fuji Arts $25 Opening Special Offer Auction! Get your bid in!,Nice color and detail. Turtle print has a horizontal centerfold.,1,2024-02-28 15:35:41,4.1396
904148,Temma Bridge in Settsu Province,Hokusai (1760 - 1849),Series; Famous Bridges in JapanA Fuji Arts $25 Opening Special Offer Auction! Get your bid in!,Excellent color and detail. A couple light creases at edges.,0,2024-02-28 15:35:41,3.9827
912868,The Kanbu to Genroku Era (1661 - 1704),Kiyochika (1847 - 1915),"Series; Flower Patterns, 1896A Fuji Arts $25 Opening Special Offer Auction! Get your bid in!","Excellent color and detail. Small repair at edge, light creasing throughout, offsetting.",1,2024-02-28 15:35:41,5.1663
909792,"Yatsuhashi at Chiryu, 1863",Toyokuni III/Kunisada (1786 - 1864),"Series; Famous Places along the Tokaido Road (The Processional Tokaido), 1863A Fuji Arts $25 Opening Special Offer Auction! Get your bid in!","Good detail. Vertical and diagonal folds. Thinning at edges, repaired, creasing.",1,2024-02-28 15:35:41,4.9902
911970,"Nichirai Shonin at the Battle of Kawanakajima, 1847 - 1852",Yoshimune (1817 - 1880),A Fuji Arts $25 Opening Special Offer Auction! Get your bid in!,"Good detail. Holes, repaired. Soft vertical folds between panels, diagonal crease at bottom, small rubbed spots.",1,2024-02-28 15:35:41,4.8542
914123,"Courtesan with Leaping Carp Kimono Kakemono, 1859",Yoshitora (active circa 1840 - 1880),A Fuji Arts $25 Opening Special Offer Auction! Get your bid in!,"Nice detail. Repair, a few creases.",1,2024-02-28 15:35:41,5.3681
913455,Hawk and Shrike,Utamaro (1750 - 1806),Series; Myriad Birds: A Kyoka CompetitionA Fuji Arts $25 Opening Special Offer Auction! Get your bid in!,"Excellent color and detail. Light crease on background near center, small stain in margin.",0,2024-02-28 15:35:41,4.0166
912912,Clam Digging,Miyagawa Shuntei (1873 - 1914),Series; Children's Manners and Customs (Kodomo fuzoku)A Fuji Arts $25 Opening Special Offer Auction! Get your bid in!,Nice color and good detail. Backed with paper. Some prints have a couple small spots or a light vertical line where backing papers meet.,1,2024-02-28 15:35:41,4.5671
906184,Poinsettia,Funasaki Kojiro (1900 - 1988),A Fuji Arts $25 Opening Special Offer Auction! Get your bid in!,Excellent color and detail. A few creases at edges.,1,2024-02-28 15:35:41,4.9169
908407,Spring Snow,Kiyonaga (1752 - 1815),A Fuji Arts $25 Opening Special Offer Auction! Get your bid in!,Nice color and detail. A couple light creases.,0,2024-02-28 15:35:41,4.4976
910981,"Expelling Korean Soldiers from the King's Palace, 1894",Kokunimasa (1874 - 1944),A Fuji Arts $25 Opening Special Offer Auction! Get your bid in!,Nice color and detail. Backed with paper. Vertical folds.,1,2024-02-28 15:35:41,5.4284
912291,"Chinese General, Ye Zhi Zhao, with his Korean Concubine Retreating from the Japanese Army, 1894",Toshihide (1863 - 1925),A Fuji Arts $25 Opening Special Offer Auction! Get your bid in!,Nice color and detail. Backed with paper.,1,2024-02-28 15:35:41,5.0291
909221,"The Syllable I: Nakamura Shikan as Oishi Kuranosuke Yoshio, 1866",Kunichika (1835 - 1900),"Series; The Night Attack of the Loyal Retainers, 1866A Fuji Arts $25 Opening Special Offer Auction! Get your bid in!",Nice color and detail. A few light creases at edges and small repairs.,1,2024-02-28 15:35:41,4.9712
901274,Mt. Fuji in Spring,Hashimoto,,Nice color and detail. No issues to report.,1,2024-02-28 15:35:41,4.9143
902941,Mt. Fuji from the Beach,Hashimoto,,Nice color and detail. No issues to report.,1,2024-02-28 15:35:41,4.9143
902441,Winter Landscape,Shin-hanga & Modern artist (not read),,Nice color and detail. No issues to report.,1,2024-02-28 15:35:41,4.0626
907849,"Ichikawa Sadanji in the role of Tennichibo, 1874",Kiyochika (1847 - 1915),Series; Short Kodan Stories (Kodan isseki yomikiri),"Nice color and detail. Backed with paper. Light rippling, vertical crease at side.",1,2024-02-28 15:35:42,5.1663
901291,Fish and Seaweed,Shin-hanga & Modern artist (unsigned),,Nice color and detail. A few small spots.,1,2024-02-28 15:35:42,4.1396
913324,"Sawamura Tossho as Oboshi Yuranosuke and Sawamura Hyakunosuke as Oboshi Rikiya, 1874",Chikashige (active circa 1869 - 1882),,"Nice color and detail. Backed with paper. Tear at edge, repaired. Light rippling, light vertical line where backing papers meet.",1,2024-02-28 15:35:42,4.6691
903001,Kiyomizu Temple in Winter,Shin-hanga & Modern artist (unsigned),,Nice color and detail. No issues to report.,1,2024-02-28 15:35:42,4.1396
903206,Teahouse - Yotsuya Arakicho,Tsuchiya Koitsu (1870 - 1949),,Nice color and detail. No issues to report.,1,2024-02-28 15:35:42,5.7472
907525,The Torii Gate at Miyajima in Snow,Tsuchiya Koitsu (1870 - 1949),,Nice color and detail. No issues to report.,1,2024-02-28 15:35:42,5.7472
901901,"Godaido Shrine, Matsushima",Tsuchiya Koitsu (1870 - 1949),,Nice color and detail. A few creases at edges and small spots.,1,2024-02-28 15:35:42,5.7472
908218,Giant Lantern at Asakusa Kannon Shrine,Tsuchiya Koitsu (1870 - 1949),,Nice color and detail. Small repair at edge.,1,2024-02-28 15:35:42,5.7472
908819,"Okaru and Hayano Kampei, 1874",Chikashige (active circa 1869 - 1882),,"Nice color and detail. Backed with paper. A couple creases on beauty's face, light rippling, light vertical line where backing papers meet.",1,2024-02-28 15:35:42,4.6691
907195,"Beauty and Bando Hikosaburo as a Commoner, 1876",Kunichika (1835 - 1900),Series; A Great Competition of Plays,"Nice color and detail. Backed with paper. Small repair, light rippling, a few creases.",1,2024-02-28 15:35:42,4.9712
905999,"Beauty and Commoners outside an Entrance Gate, 1865",Kuniteru II (1829 - 1874),,Good detail. A few creases.,1,2024-02-28 15:35:42,4.9899
910891,"Scene from Jiraiya goketsu monogatari, 1852",Toyokuni III/Kunisada (1786 - 1864),,Good detail. A few small repairs and creases.,1,2024-02-28 15:35:42,4.9902
905080,"Festival Dancers, 1861",Kunisada II (1823 - 1880),,Nice detail. A few small repairs and creases.,1,2024-02-28 15:35:42,5.0398
902683,"Ichikawa Kodanji IV as the Evil Futoshi, 1856",Toyokuni III/Kunisada (1786 - 1864),,Nice detail. Vertical fold at side.,1,2024-02-28 15:35:42,4.9902
910010,"Sawamura Tossho II as Kinokuni Bunza in the Book Ogonsui Daijin Sakazuki, 1866",Yoshiiku (1833 - 1904),Series; Contest of Popular Modern Books,"Good detail. Small repair, a few light creases.",1,2024-02-28 15:35:42,5.0906
908410,"Snow-viewing Party, 1853",Toyokuni III/Kunisada (1786 - 1864),,Good detail. Light wrinkling throughout.,1,2024-02-28 15:35:42,4.9902
911844,"Scene from Zenaku ryowa myomyo guruma, 1876",Kunichika (1835 - 1900),Series; A Great Competition of Plays,"Nice color and detail. Backed with paper. Light rippling, light vertical line where backing papers meet, vertical crease on face.",1,2024-02-28 15:35:42,4.9712
911828,"Ichikawa Sadanji as Bansuke Attacking a Beauty, 1876",Kunichika (1835 - 1900),Series; A Great Competition of Plays,"Nice color and detail. Backed with paper. Light rippling, light vertical line where backing papers meet.",1,2024-02-28 15:35:42,4.9712
907603,"The Third National Industrial Exposition, 1890",Nobukazu (1874 - 1944),,Nice color and detail. A few repairs.,1,2024-02-28 15:35:43,5.3052
901664,Earth: Nakamura Fukusuke I as Yaegushi no Saiza,Toyokuni III/Kunisada (1786 - 1864),"Series; The Relations of the Five Elements Represented in Hit Plays, 1858",Good detail. Horizontal centerfold. A few small repairs and creases.,1,2024-02-28 15:35:43,4.9902
914247,"Nakamura Shikan V, 1868",Kunichika (1835 - 1900),,Good detail. Backed with paper.,1,2024-02-28 15:35:43,4.9712
904784,"Shizuka Gozen at Tsurugaoka in Kamakura, 1911",Toshikata (1866 - 1908),,Excellent color and detail. Vertical fold at side of one panel.,1,2024-02-28 15:35:43,4.6882
915309,"View of the Imperial Visit of Mikado Ingyo to Princess Sotoshi, 1901",Toshinobu (1857 - 1886),,Nice color and detail. A few small repairs.,1,2024-02-28 15:35:43,5.1548
915655,Fire: Ichikawa Kodanji IV as Nezumi Kozo,Toyokuni III/Kunisada (1786 - 1864),"Series; The Relations of the Five Elements Represented in Hit Plays, 1858",Good detail. Horizontal centerfold. A few repairs and creases.,1,2024-02-28 15:35:43,4.9902
905796,"The New Ryogoku Bridge, 1875",Hiroshige III (1843 - 1894) ,Series; Famous Places in Tokyo,"Good color and detail. A few small repairs and creases, vertical fold in left panel.",1,2024-02-28 15:35:43,5.0199
916171,Water: Kawarazaki Gonjuro I as Ushiwaka Denji,Toyokuni III/Kunisada (1786 - 1864),"Series; The Relations of the Five Elements Represented in Hit Plays, 1858",Good detail. Horizontal centerfold. A few small repairs and creases.,1,2024-02-28 15:35:43,4.9902
909536,"The Russian Crown Prince Arriving in Kyoto, 1891",Shogetsu (active circa 1870 - 1900),,"Nice color and detail. A few small repairs, creasing throughout.",1,2024-02-28 15:35:43,4.9371
910129,"Musashibo Benkei, 1852",Toyokuni III/Kunisada (1786 - 1864),,Nice detail. Backed with paper. A few repairs.,1,2024-02-28 15:35:44,4.9902
900130,"Maboroshi, Chapter 41, 1851 - 1853",Toyokuni III/Kunisada (1786 - 1864),"Series; Faithful Depictions of the Figure of the Shining Prince, 1851 - 1853",Good color and detail. Light vertical centerfold.,1,2024-02-28 15:35:45,4.9902
910257,Onoe Kikugoro as Nikki Danjo,Toyokuni I (1769 - 1825),,Good detail. Backed with paper. Horizontal centerfold.,1,2024-02-28 15:35:45,4.7311
906122,"Moon, 1847 - 1852",Toyokuni III/Kunisada (1786 - 1864),"Series; Snow, Moon, and Flowers","Good detail. Horizontal centerfold. A couple small repairs, a few creases.",1,2024-02-28 15:35:46,4.9902
900145,"Hashihime, Chapter 45, 1851 - 1853",Toyokuni III/Kunisada (1786 - 1864),"Series; Faithful Depictions of the Figure of the Shining Prince, 1851 - 1853",Good detail. Small repair.,1,2024-02-28 15:35:46,4.9902
903078,"Miyuki, Chapter 29, 1851 - 1853",Toyokuni III/Kunisada (1786 - 1864),"Series; Faithful Depictions of the Figure of the Shining Prince, 1851 - 1853",Good detail. Small repair.,1,2024-02-28 15:35:46,4.9902
913094,"Plum Blossoms, 1852",Toyokuni III/Kunisada (1786 - 1864),,"Good detail. Horizontal centerfold. A few repairs, slight creasing at edges.",1,2024-02-28 15:35:46,4.9902
906941,"The Sumida Embankment in the Eastern Capital, 1858",Hiroshige (1797 - 1858) ,Series; Thirty-Six Views of Mt. Fuji,Good color and detail. Backed with paper.,1,2024-02-28 15:35:46,4.8669
900880,"Beauty beside a Palanquin, 1847 - 1852",Hiroshige II (1826 - 1869),Series; Eight Views of Famous Places in Edo,"Good detail. A few small repairs and horizontal creases, fold near top edge.",1,2024-02-28 15:35:46,4.6123
913813,"Americans, 1861",Yoshitora (active circa 1840 - 1880),Series; People from Foreign Lands,Good color and detail. A few small repairs and horizontal creases.,1,2024-02-28 15:35:47,5.3681
913841,French Family,Yoshikazu (active circa 1850 - 1870),,"Good color and detail. A few small repairs, a couple creases at edges.",1,2024-02-28 15:35:47,5.6311
912913,"Russian Horseman, 1860",Yoshitomi (active circa 1848 - 1880),,Good detail. A few small repairs and creases.,1,2024-02-28 15:35:47,5.0769
911357,"Dutch Couple, 1860",Yoshitora (active circa 1840 - 1880),Series; Pictures of All Nations,"Good detail. Backed with paper. Horizontal centerfold. Small wormholes, repaired. Light creasing throughout.",1,2024-02-28 15:35:47,5.3681
907931,"Dutch Woman and Child, 1860",Sadahide (1807 - 1873),,Nice detail. Vertical folds. A few small repairs.,1,2024-02-28 15:35:47,5.1905
915315,"Drastic Price Reduction Moved to Clearance, Act Fast!",Toyokuni III/Kunisada (1786 - 1864) and Hiroshige II (1826 - 1869),Series; Miracles of Kannon (Kannon reigenki),"This print with nice color and detail as shown. Rubbing, losses, and staining throughout. Backed with board. Please see photos for details.",1,2024-02-28 15:35:48,4.9794
907698,Crossing a Bridge by Moonlight Tanzaku Print,Shin-hanga & Modern artist (unsigned),,This print with excellent color and detail as shown. Please see photos for details. Nice overall.,1,2024-02-28 15:35:48,4.1396
905109,Cotton Roses in Rain,After Nagamachi Chikuseki (1757 - 1806),,Excellent color and detail. Wrinkling at left edge.,1,2024-02-28 15:35:48,4.601
900909,Boy and Ox near Mt. Fuji,Gekko (1859 - 1920),,This print with excellent color and detail as shown. Please see photos for details.,1,2024-02-28 15:35:48,4.7082
904619,"The First Month (Mutsuki), 1847 - 1852",Toyokuni III/Kunisada (1786 - 1864),Series; Annual Events for Young Murasaki,"Nice detail. A few small wormholes, repaired. A couple wrinkles.",1,2024-02-28 15:35:48,4.9902
902328,"New Year Felicitations at the Palace, 1847 - 1852",Toyokuni III/Kunisada (1786 - 1864),,"Nice detail. Small loss at edge, a few holes, repaired. Folds at corner, light wrinkling at edges of two panels.",1,2024-02-28 15:35:48,4.9902
902011,"Prince Genji on a Summer Evening, 1862",Toyokuni III/Kunisada (1786 - 1864),,Nice detail. A few creases at edges and small repairs.,1,2024-02-28 15:35:48,4.9902
912198,Prince Genji and Beauties in a Garden,Kunisada II (1823 - 1880),,"Good detail. A few small repairs, creasing throughout.",1,2024-02-28 15:35:48,5.0398
903802,Aizuri-e Tanzaku Prints ,Shin-hanga & Modern artist (not read),,Nice color and detail.,1,2024-02-28 15:35:48,4.0626
905973,Tanzaku Prints with Birds,Shin-hanga & Modern artist (not read),,Nice color and detail. Faint stain at edge.,1,2024-02-28 15:35:48,4.0626
909702,"Dutch Men, 1861",Yoshikazu (active circa 1850 - 1870),,"Good detail. A few repairs and creases, light fold at side.",1,2024-02-28 15:35:48,5.6311
914088,"Osumashi, 1983",Matsunaga Yasuo,,"Excellent color and detail. Folds across lower right corner, light creasing at edges.",1,2024-02-28 15:35:48,5.3366
913456,"Silver Tabby, 1990",Togyu Okumura (1889 - 1990),,"Excellent color and detail. A few small spots on background and in margins, small notch at bottom right edge for aligning blocks.",1,2024-02-28 15:35:48,5.5763
914589,"Drastic Price Reduction Moved to Clearance, Act Fast!",Toyokuni III/Kunisada (1786 - 1864) and Hiroshige II (1826 - 1869),Series; Miracles of Kannon (Kannon reigenki),"This print with nice color and detail as shown. Rubbing, losses, and staining throughout. Backed with board. Please see photos for details.",1,2024-02-28 15:35:48,4.9794
910601,"The Ghost of Wicked Genta Yoshihira Attacking Namba Jiro at Nunobiki Waterfall, No. 19",Yoshitoshi (1839 - 1892) ,Series; New Forms of Thirty-six Ghosts,A beautiful clean print with excellent detail and nice color.,1,2024-02-28 15:35:48,6.095
905499,Kitten,Hasegawa Seicho (1916 - 2004) ,,Excellent color and detail. A few light creases.,1,2024-02-28 15:35:48,5.468
914118,"Flowers, 1980",Yamaguchi Kayo (1899 - 1984),,"Excellent color and detail. Light toning, a few creases at edges and faint spots in margins.",1,2024-02-28 15:35:48,5.4629
907327,"Drastic Price Reduction Moved to Clearance, Act Fast!",Ito Seisai,,This print with nice color and detail as shown. Wrinkling and staining throughout. Tears and losses along edges. Please see photos for details.,1,2024-02-28 15:35:49,4.9143
913226,"Drastic Price Reduction Moved to Clearance, Act Fast!",Edo era artist (unsigned),,This print with nice detail as shown. Tears and losses along edges. Please see photos for details.,1,2024-02-28 15:35:49,4.1951
904252,"Drastic Price Reduction Moved to Clearance, Act Fast!",Meiji era artist (not read),,This print with nice color and detail as shown. Wrinkling throughout. Staining and holes in margins. Please see photos for details.,1,2024-02-28 15:35:49,4.2802
905481,"Drastic Price Reduction Moved to Clearance, Act Fast!",Edo era artist (unsigned),,This print with nice color and detail as shown. Backed with paper. Rubbing and staining throughout. Loss at right edge.,1,2024-02-28 15:35:49,4.1951
905195,"Drastic Price Reduction Moved to Clearance, Act Fast!",Meiji era artist (not read),,"This print with good color and detail as shown. A few spots, creasing at edges. Please see photos for details.",1,2024-02-28 15:35:49,4.2802
906660,"Nakamura Tsuruzo I, 1867",Yoshiiku (1833 - 1904),Series; Portraits as True Likenesses in the Moonlight,Good detail. A few repairs.,1,2024-02-29 15:35:37,5.0906
902528,"Kawarazaki Gonjuro as a Fireman, 1860",Toyokuni III/Kunisada (1786 - 1864),,"Good detail. Backed with paper. A few repairs, light creasing throughout.",1,2024-02-29 15:35:37,4.9902
902738,"Nakamura Shikan IV as a Firefighter, 1860",Toyokuni III/Kunisada (1786 - 1864),,"Good detail. Backed with paper. A couple small repairs, light creasing throughout, wrinkling at upper right.",1,2024-02-29 15:35:37,4.9902
912563,"Bando Hikosaburo V, 1867",Yoshiiku (1833 - 1904),Series; Portraits as True Likenesses in the Moonlight,"Good detail. Diagonal folds, a few creases.",1,2024-02-29 15:35:37,5.0906
912486,Ichikawa Sadanji,Yoshiiku (1833 - 1904),Series; Portraits as True Likenesses in the Moonlight,"Good detail. A few repairs, a couple light creases at edges.",1,2024-02-29 15:35:37,5.0906
902967,Kato Kiyomasa and Samurai,Chikanobu (1838 - 1912) ,,"Nice color and detail. Backed with paper. Horizontal fold near center of left panel, diagonal fold near center of center panel. Slight curling.",1,2024-02-29 15:35:37,5.1498
900798,"Kabuki Actors Group Portrait, 1882",Kunichika (1835 - 1900),,"Nice color and detail. Backed with paper. Horizontal centerfold in two panels, slight curling.",1,2024-02-29 15:35:37,4.9712
901566,Sawamura Tossho II,Yoshiiku (1833 - 1904),Series; Portraits as True Likenesses in the Moonlight,"Good detail. Vertical fold near center. Wormholes at edges, repaired.",1,2024-02-29 15:35:38,5.0906
908462,"Iwai Shijaku II, 1867",Yoshiiku (1833 - 1904),Series; Portraits as True Likenesses in the Moonlight,"Good detail. Horizontal centerfold. A few small repairs and creases, light wrinkling near bottom center.",1,2024-02-29 15:35:38,5.0906
905149,Ichikawa Shinsha as Otoki,Kunichika (1835 - 1900),,"Good detail. Wormhole, repaired.",1,2024-02-29 15:35:38,4.9712
902322,"Ichikawa Kuzo III, 1867",Yoshiiku (1833 - 1904),Series; Portraits as True Likenesses in the Moonlight,Good detail. Horizontal and vertical folds. Small repair.,1,2024-02-29 15:35:38,5.0906
900181,Ginjuro,Yoshiiku (1833 - 1904),Series; Portraits as True Likenesses in the Moonlight,Good detail. Remargined at side. A few repairs at edges and creases.,1,2024-02-29 15:35:38,5.0906
912158,Ichikawa Monnosuke IV,Yoshiiku (1833 - 1904),Series; Portraits as True Likenesses in the Moonlight,"Good detail. Vertical folds, a few repairs and creases.",1,2024-02-29 15:35:38,5.0906
915944,"Yugao, Chapter 4, 1858",Toyokuni III/Kunisada (1786 - 1864),Series; Lasting Impressions of a Later Genji Collection,"Nice detail. Thinning along horizontal centerfold, repaired.",1,2024-02-29 15:35:39,4.9902
903069,"The Phoenix Carriage Leaving Nishi-no-maru of the Imperial Palace to Attend a Military Review at Aoyama, 1892",Nobukazu (1847 - 1899),,"Nice color and detail. Horizontal folds, a couple creases at edges.",1,2024-02-29 15:35:39,4.6703
910861,Beauties on a Balcony,Meiji era artist (unsigned),,"Good color and detail. A couple small repairs, a few creases at edges.",1,2024-02-29 15:35:39,4.2429
905102,"Utsusemi, Chapter 2, 1858",Toyokuni III/Kunisada (1786 - 1864),Series; Lasting Impressions of a Later Genji Collection,"Nice detail. Thinning along horizontal centerfold, repaired.",1,2024-02-29 15:35:39,4.9902
911600,"Courtesan Writing a Letter, 1857",Toyokuni III/Kunisada (1786 - 1864),,Good detail. Diagonal fold. A couple creases at edges and small repairs.,1,2024-02-29 15:35:39,4.9902
904191,Beauty in Early Spring,Chikanobu (1838 - 1912),,Good color and detail. Light creasing throughout.,1,2024-02-29 15:35:39,5.3508
900314,The Courtesan Hanaogi,Eizan (1787 - 1867),A Fuji Arts Special Offer Auction,"Good detail. Large loss at upper left and top edge, thinning at corner, a few holes, repaired. Creasing throughout.",1,2024-02-29 15:35:39,5.4046
906092,Seta: Beauty with a Box Depicting the Lucky Gods,Sadatora (active circa 1818 - 1844),Series; Eight Views of OmiA Fuji Arts Special Offer Auction,"Good detail. Horizontal centerfold. Small repairs, a few creases.",1,2024-02-29 15:35:39,4.6073
902872,Vine Pillar Print,Utamaro (1750 - 1806),A Fuji Arts Special Offer Auction,"Good detail. Horizontal and diagonal folds, repair.",1,2024-02-29 15:35:39,4.0166
904130,"Courtesan in a Cherry Blossom Kimono and Lion Obi, circa 1829",Eisen (1790 - 1848),Series; Courtesans for Compass Points in EdoA Fuji Arts Special Offer Auction,Good detail. Backed with somewhat stiff paper. Wrinkling throughout.,1,2024-02-29 15:35:39,5.4133
902405,"Ningyo-cho, 1858",Toyokuni III/Kunisada (1786 - 1864),Series; Famous Places of Edo Compared with One Hundred Beautiful WomenA Fuji Arts Special Offer Auction,Nice detail. Horizontal centerfold. A few creases at edges and repairs.,1,2024-02-29 15:35:39,4.9902
913905,"Scene from Torimazete Sekison Miyage,1823",Toyokuni I (1786 - 1864),A Fuji Arts Special Offer Auction,Nice detail. A couple small repairs.,1,2024-02-29 15:35:39,4.9143
906524,"Scene from Kazashi no hana shibai no sangatsu, 1836",Toyokuni III/Kunisada (1786 - 1864),A Fuji Arts Special Offer Auction,Good detail. Vertical and diagonal folds. A few repairs and creases.,1,2024-02-29 15:35:39,4.9902
909359,"Scene from Otokodate Iromo Yoshiwara, 1815",Toyokuni I (1786 - 1864),A Fuji Arts Special Offer Auction,"Good detail. Vertical fold at side. A few small repairs, light creasing.",1,2024-02-29 15:35:39,4.9143
907514,"Scene from Kagamiyama, 1829",Toyokuni III/Kunisada (1786 - 1864),A Fuji Arts Special Offer Auction,Good detail. A few repairs and creases.,1,2024-02-29 15:35:39,4.9902
907894,Beauty Fighting a Monk with a Shamisen,Toyokuni III/Kunisada (1786 - 1864),A Fuji Arts Special Offer Auction,"Good detail. Loss at corner, a few holes, repaired. Light creasing.",1,2024-02-29 15:35:39,4.9902
912666,"Ceremony of the Issuance of the Constitution, 1889",Chikanobu (1838 - 1912) ,,"Nice color and detail. Small repair, fold at corner, a few light creases.",1,2024-02-29 15:35:39,5.1498
910008,A Clearance Opportunity! Meiji or Edo era Original,Kunichika (1835 - 1900),,This print with nice color and detail as shown. Some thinning at edges.,1,2024-02-29 15:35:40,4.9712
900379,Catch from the Sea,Goro Kumagai (born 1932),,"This print with excellent color and detail as shown. Mounted along top edge to blank card, could be removed. Please see photos for details. Nice overall.",1,2024-02-29 15:35:40,4.4177
911614,Fine Old Reprint Clearance! A Fuji Arts Value,Edo era artist (unsigned),,This print with nice color and detail as shown.,0,2024-02-29 15:35:40,4.1951
914156,"Famous Places in Tokyo: Gofuku Bridge, 1868",Hiroshige III (1843 - 1894),,This print with nice color and detail as shown. Wrinkling throughout. Please see photos for details.,1,2024-02-29 15:35:40,4.5843
906176,Full Moon over the River Tanzaku Print,20th century artist (unsigned),,Excellent color and detail. Slight toning.,1,2024-02-29 15:35:41,4.5375
906366,Full Moon over Monkey Bridge,Hiroshige (1797 - 1858),,Nice color and detail.,0,2024-02-29 15:35:41,4.6198
911212,Ichikawa Danjuro IX as Soga Goro,Kunichika (1835 - 1900),Series; One Hundred Roles of Ichikawa Danjuro IX,"Excellent color and detail. Small repair, a couple creases at edges.",1,2024-02-29 15:35:42,4.9712
910395,Ichikawa Danjuro IX in Shibaraku,Kunichika (1835 - 1900),Series; One Hundred Roles of Ichikawa Danjuro IX,Excellent color and detail. A few small repairs and creases at edges.,1,2024-02-29 15:35:42,4.9712
907655,Ichikawa Danjuro IX as Mushibo Benkei in Kanjincho,Kunichika (1835 - 1900),Series; One Hundred Roles of Ichikawa Danjuro IX,Excellent color and detail. Some prints have a couple light creases at edges or small spots.,1,2024-02-29 15:35:42,4.9712
906572,Ichikawa Danjuro IX as Abura Bozu (The Oil Priest),Kunichika (1835 - 1900),Series; One Hundred Roles of Ichikawa Danjuro IX,Excellent color and detail. Small repair and a couple creases at edges.,1,2024-02-29 15:35:42,4.9712
905304,Ichikawa Danjuro IX as Shinonome,Kunichika (1835 - 1900),Series; One Hundred Roles of Ichikawa Danjuro IX,Excellent color and detail. Some prints have a couple light creases at edges or small spots.,1,2024-02-29 15:35:42,4.9712
900779,Ichikawa Danjuro IX as Ono Tofu,Kunichika (1835 - 1900),Series; One Hundred Roles of Ichikawa Danjuro IX,Excellent color and detail. Some prints have a couple light creases at edges or small spots.,1,2024-02-29 15:35:42,4.9712
909556,Ichikawa Danjuro IX as Takechi Mitsuhide,Kunichika (1835 - 1900),Series; One Hundred Roles of Ichikawa Danjuro IX,"Excellent color and detail. Horizontal fold near center, a couple creases at edges.",1,2024-02-29 15:35:42,4.9712
907711,Dancer ,Gekko (1859 - 1920),Series; Gekko's Essays,"This print with nice color and detail as shown. A couple small spots, light crease at edge. Please see photos for details.",1,2024-02-29 15:35:42,4.7082
914413,"Yugiri, Chapter 39",Kuniyoshi (1797 - 1861),"Series; Ukiyo-e Comparisons of the Cloudy Chapters of Genji, 1845 - 1846","Good detail. Backed with paper. Hole, repaired.",1,2024-02-29 15:35:43,5.3703
915231,Ichikawa Danjuro IX in Futari Bakama,Kunichika (1835 - 1900),Series; One Hundred Roles of Ichikawa Danjuro IX,Excellent color and detail. Some prints have a couple light creases at edges or small spots.,1,2024-02-29 15:35:43,4.9712
912179,Ichikawa Danjuro IX as Saimyoji Tokiyori,Kunichika (1835 - 1900),Series; One Hundred Roles of Ichikawa Danjuro IX,Excellent color and detail. Some prints have a couple light creases at edges or small spots.,1,2024-02-29 15:35:43,4.9712
908153,Ichikawa Danjuro IX as Yamauba,Kunichika (1835 - 1900),Series; One Hundred Roles of Ichikawa Danjuro IX,Excellent color and detail. Some prints have a couple light creases at edges or small spots.,1,2024-02-29 15:35:43,4.9712
907356,Ichikawa Danjuro IX as Akushichibyoe Kagekiyo,Kunichika (1835 - 1900),Series; One Hundred Roles of Ichikawa Danjuro IX,Excellent color and detail. Some prints have a couple light creases at edges or small spots.,1,2024-02-29 15:35:43,4.9712
900012,Ichikawa Danjuro IX as Ishikawa Goemon,Kunichika (1835 - 1900),Series; One Hundred Roles of Ichikawa Danjuro IX,Excellent color and detail. Some prints have a couple light creases at edges or small spots.,1,2024-02-29 15:35:43,4.9712
911497,"Umegae, Chapter 32",Kuniyoshi (1797 - 1861),"Series; Ukiyo-e Comparisons of the Cloudy Chapters of Genji, 1845 - 1846","Good detail. Backed with paper. Wormhole, repaired.",1,2024-02-29 15:35:43,5.3703
902032,Ichikawa Danjuro IX as the Fisherman Fukashichi,Kunichika (1835 - 1900),Series; One Hundred Roles of Ichikawa Danjuro IX,Excellent color and detail. Some prints have a couple light creases at edges or small spots.,1,2024-02-29 15:35:43,4.9712
900442,"Fujibakama, Chapter 30",Kuniyoshi (1797 - 1861),"Series; Ukiyo-e Comparisons of the Cloudy Chapters of Genji, 1845 - 1846","Good detail. Backed with paper. Wormhole, repaired. A couple creases.",1,2024-02-29 15:35:43,5.3703
912237,"Shiigamoto, Chapter 46",Kuniyoshi (1797 - 1861),"Series; Ukiyo-e Comparisons of the Cloudy Chapters of Genji, 1845 - 1846",Good detail. Backed with paper.,1,2024-02-29 15:35:43,5.3703
905662,"Agemaki, Chapter 47",Kuniyoshi (1797 - 1861),"Series; Ukiyo-e Comparisons of the Cloudy Chapters of Genji, 1845 - 1846","Good detail. Backed with paper. Small repair at edge, a couple light creases.",1,2024-02-29 15:35:43,5.3703
908550,"Tokonatsu, Chapter 26",Kuniyoshi (1797 - 1861),"Series; Ukiyo-e Comparisons of the Cloudy Chapters of Genji, 1845 - 1846","Good detail. Backed with paper. Wormhole, repaired.",1,2024-02-29 15:35:43,5.3703
907431,"Miyuki, Chapter 29",Kuniyoshi (1797 - 1861),"Series; Ukiyo-e Comparisons of the Cloudy Chapters of Genji, 1845 - 1846","Good detail. Backed with paper. Wormhole, repaired. Light diagonal crease.",1,2024-02-29 15:35:43,5.3703
904132,"Suzumushi, Chapter 38",Kuniyoshi (1797 - 1861),"Series; Ukiyo-e Comparisons of the Cloudy Chapters of Genji, 1845 - 1846",Good detail. Backed with paper.,1,2024-02-29 15:35:43,5.3703
904397,"Wakana no jo, Chapter 34",Kuniyoshi (1797 - 1861),"Series; Ukiyo-e Comparisons of the Cloudy Chapters of Genji, 1845 - 1846",Good detail. Backed with paper. Small repair at edge.,1,2024-02-29 15:35:43,5.3703
908864,"Yume-no-Ukihashi, Chapter 54",Kuniyoshi (1797 - 1861),"Series; Ukiyo-e Comparisons of the Cloudy Chapters of Genji, 1845 - 1846",Good detail. Backed with paper.,1,2024-02-29 15:35:43,5.3703
900593,"Takegawa, Chapter 44",Kuniyoshi (1797 - 1861),"Series; Ukiyo-e Comparisons of the Cloudy Chapters of Genji, 1845 - 1846",Good detail. Backed with paper.,1,2024-02-29 15:35:43,5.3703
915753,"Kobai, Chapter 43",Kuniyoshi (1797 - 1861),"Series; Ukiyo-e Comparisons of the Cloudy Chapters of Genji, 1845 - 1846",Good detail. Backed with paper. Small repair.,1,2024-02-29 15:35:43,5.3703
911079,"No. 6, Lady Tang: Never Tired of Feeding Her Mother-in-law Milk, 1890",Chikanobu (1838 - 1912),Series; Juxtaposed Pictures of Twenty-four Paragons of Filial Piety,Excellent color and detail. Backed with paper.,1,2024-02-29 15:35:43,5.3508
912718,"No. 7, Wang Xiang: Catching Fish for His Stepmother in Winter, 1890",Chikanobu (1838 - 1912),Series; Juxtaposed Pictures of Twenty-four Paragons of Filial Piety,Excellent color and detail. Backed with paper. Faint staining near top.,1,2024-02-29 15:35:43,5.3508
916143,"No. 8, Laolai: Amusing His Parents",Chikanobu (1838 - 1912),Series; Juxtaposed Pictures of Twenty-four Paragons of Filial Piety,Nice color and detail. Backed with paper.,1,2024-02-29 15:35:43,5.3508
910764,"No. 14, Wang Pou: Crying by the Grave When Thunder Rolled",Chikanobu (1838 - 1912),Series; Juxtaposed Pictures of Twenty-four Paragons of Filial Piety,Nice color and detail. Backed with paper.,1,2024-02-29 15:35:43,5.3508
913086,"No. 13, Huang Xiang: He Fanned the Pillow and Warmed the Sheets, 1890",Chikanobu (1838 - 1912),Series; Juxtaposed Pictures of Twenty-four Paragons of Filial Piety,This print with excellent color and detail as shown. Backed with paper. Some faint soiling. A couple faint stains. Good overall.,1,2024-02-29 15:35:43,5.3508
900152,Ichikawa Danjuro IX as Teraoka Heiemon,Kunichika (1835 - 1900),Series; One Hundred Roles of Ichikawa Danjuro IX,Excellent color and detail. Some prints have a couple light creases at edges or small spots.,1,2024-02-29 15:35:43,4.9712
914235,Ichikawa Danjuro IX as the Heron Maiden (Sagi Musume),Kunichika (1835 - 1900),Series; One Hundred Roles of Ichikawa Danjuro IX,Excellent color and detail. Some prints have a couple light creases at edges or small spots.,1,2024-02-29 15:35:43,4.9712
910332,"No. 16, Guo Ju: He Buried His Son to Save His Mother, 1891",Chikanobu (1838 - 1912),Series; Juxtaposed Pictures of Twenty-four Paragons of Filial Piety,This print with excellent color and detail as shown. Backed with paper. Some faint soiling. A couple faint stains. Good overall.,1,2024-02-29 15:35:44,5.3508
906270,"No. 24, Huang Tingjian: Personally Scrubbing His Mother's Chamber Pot, 1891",Chikanobu (1838 - 1912),Series; Juxtaposed Pictures of Twenty-four Paragons of Filial Piety,This print with excellent color and detail as shown. Backed with paper. Some faint soiling. A couple faint stains. Good overall.,1,2024-02-29 15:35:44,5.3508
911166,"No. 22, Wu Meng: Attracting Mosquitoes to Drink His Blood",Chikanobu (1838 - 1912),Series; Juxtaposed Pictures of Twenty-four Paragons of Filial Piety,This print with excellent color and detail as shown. Backed with paper. Some faint soiling. A couple faint stains. Good overall.,1,2024-02-29 15:35:44,5.3508
907429,"No. 20, Jiang Ge: He Labored to Support His Mother",Chikanobu (1838 - 1912),Series; Juxtaposed Pictures of Twenty-four Paragons of Filial Piety,This print with excellent color and detail as shown. Backed with paper. Some faint soiling. A couple faint stains. Good overall.,1,2024-02-29 15:35:44,5.3508
905758,"No. 11, Jiang Shi: A Miraculous Spring, 1890",Chikanobu (1838 - 1912),Series; Juxtaposed Pictures of Twenty-four Paragons of Filial Piety,This print with excellent color and detail as shown. Backed with paper. Some faint soiling. A couple faint stains. Good overall.,1,2024-02-29 15:35:44,5.3508
901672,"No. 10, Tanzi: He Fed His Parent's Doe's Milk, 1890",Chikanobu (1838 - 1912),Series; Juxtaposed Pictures of Twenty-four Paragons of Filial Piety,This print with excellent color and detail as shown. Backed with paper. Some faint soiling. A couple faint stains. Good overall.,1,2024-02-29 15:35:44,5.3508
904752,Sugawara Michizane,Kiyochika (1847 - 1915),Series; Foundations of Morality and Success (Kyodo Risshi no Motoi),Nice color and detail. Backed with paper. Light vertical fold at side.,1,2024-02-29 15:35:45,5.1663
905788,"No. 9, Ding Lan: He Carved Wooden Figures of His Parents to Serve Them, 1890",Chikanobu (1838 - 1912),Series; Juxtaposed Pictures of Twenty-four Paragons of Filial Piety,This print with excellent color and detail as shown. Backed with paper. Some faint soiling. A couple faint stains. Good overall.,1,2024-02-29 15:35:45,5.3508
913354,Kiyomizu Komachi,Kuniyoshi (1797 - 1861),"Series; Modern Seven Komachi, 1851","Nice color and detail. Folds at side. Stitching holes at side, a couple holes, repaired.",1,2024-02-29 15:35:45,5.3703
902428,"Beauty Strolling, 1849 - 1852",Kuniyoshi (1797 - 1861),,"Good detail. A few repairs, light creasing throughout.",1,2024-02-29 15:35:45,5.3703
915820,Beauty Playing the Koto,Toyokuni II (1777 - 1835),,"Good detail. Horizontal centerfold. Small losses and holes at edges, repaired. Creasing throughout.",1,2024-02-29 15:35:45,4.7063
900510,Komurasaki of the Miuraya,Tominobu (active circa 1804 - 1844),,"Good detail. Horizontal fold, diagonal fold at corner. A few repairs and creases.",1,2024-02-29 15:35:45,4.9143
903957,"Autumn Moon at Ishiyama Temple, 1847 - 1852",Kunisada II (1823 - 1880),Series; Eight Views of Omi,Nice detail. A few repairs.,1,2024-02-29 15:35:45,5.0398
909411,Prince Genji on an Outing to the Country,Yoshitora (active circa 1836 - 1887),,Good color and detail. Backed with paper. A couple creases at edges.,1,2024-02-29 15:35:45,4.8103
916136,"Beauty and Blossoming Plum, 1847 - 1852",Toyokuni III/Kunisada (1786 - 1864),,"Good detail. A few repairs, creasing at edges.",1,2024-02-29 15:35:45,4.9902
910833,Camellia,Nakajima Chinami (born 1945),,Excellent color and detail. No issues to report.,1,2024-02-29 15:35:45,5.058
914271,Cactus,Nakajima Chinami (born 1945),,Excellent color and detail. No issues to report.,1,2024-02-29 15:35:45,5.058
905227,"Scene from Sukeroku Yukari no Edo-zakura, 1862",Toyokuni III/Kunisada (1786 - 1864),,Nice detail. Horizontal centerfold. A few creases at edges and repairs.,1,2024-02-29 15:35:45,4.9902
915688,"Scene from Ikanimo Choryo Yumeno ukihashi, 1861",Toyokuni III/Kunisada (1786 - 1864),,Nice detail. Horizontal centerfold. A few creases at edges and small repairs.,1,2024-02-29 15:35:45,4.9902
902248,"Emperor Nintoku, 1896",Gekko (1859 - 1920),Series; Gekko's Essays,Nice color and detail. A couple creases at edges.,1,2024-02-29 15:35:45,4.7082
902500,"Purple of Edo, circa 1850",Kuniyoshi (1797 - 1861),,Nice detail and good color. Backed with paper. Small repair.,1,2024-02-29 15:35:45,5.3703
908671,"The Little Cherry, Most Beloved Tree in the Garden, 1847 - 1852",Toyokuni III/Kunisada (1786 - 1864),,"Nice detail. Thinning along vertical fold at side, small hole, repaired.",1,2024-02-29 15:35:45,4.9902
915037,"Snowy Morning, 1847 - 1852",Kuniyoshi (1797 - 1861),,"Good detail. Backed with paper. A few small holes, large loss, repaired. Wrinkling at top of center panel.",1,2024-02-29 15:35:45,5.3703
902575,"Prince Genji and Beauty Doing Origami, 1869",Kuniaki II (1835 - 1888),,Good detail. A few repairs.,1,2024-02-29 15:35:45,5.1666
913048,"Young Nobleman's Procession, 1847 - 1852",Toyokuni III/Kunisada (1786 - 1864),,"Good detail. Stitching holes at one side of each panel, a few wormholes at edges, repaired. A few creases and slight rubbing at edges.",1,2024-02-29 15:35:45,4.9902
900614,"Poem by Koroku-jo, 1863",Toyokuni III/Kunisada (1786 - 1864),Series; A Refreshing Collection of Haiku by Beauties,Good detail. A few small repairs.,1,2024-02-29 15:35:45,4.9902
905814,"Asagao, Chapter 20",Kunisada II (1823 - 1880),"Series; Lady Murasaki's Genji Cards, 1857",Good color and detail.,1,2024-02-29 15:35:45,5.0398
915618,Aoto Fujitsuna,Yasuji Inoue (1864 - 1889),Series; Foundations of Morality and Success (Kyodo Risshi no Motoi),Good color and detail. Backed with paper.,1,2024-02-29 15:35:45,4.5801
915358,Murakami Yoshimitsu Retrieving His Clan's Banner,Yasuji Inoue (1864 - 1889),Series; Foundations of Morality and Success (Kyodo Risshi no Motoi),"Nice color and detail. Backed with paper. Tear, repaired.",1,2024-02-29 15:35:45,4.5801
912288,Festival Lanterns and Other Designs,20th century artist (not read),,"This print with excellent color and detail, as shown. Slight toning, a couple creases at edges. Please see photos for details. Nice overall.",1,2024-02-29 15:35:45,4.466
905178,Smiling Beauty with a Fan,Toyokuni III/Kunisada (1786 - 1864),,"Nice detail. A couple repairs, light vertical folds at sides, a few creases at edges.",1,2024-02-29 15:35:45,4.9902
905798,"Benten, circa 1847 - 1848",Kuniyoshi (1797 - 1861),Series; Women Compared with the Seven Gods of Good Fortune,"Good detail. A few wormholes, repaired. A few creases.",1,2024-02-29 15:35:46,5.3703
903040,"The Soga Brothers Avenge Their Father, 1851 - 1852",Kuniyoshi (1797 - 1861),,"Nice detail. Backed with paper. Small tear at edge, a few holes, repaired.",1,2024-02-29 15:35:46,5.3703
905916,Wisteria: Oshiyun Shirafuji,Kuniyoshi (1797 - 1861),Series; Brother-pictures of Thirty Chosen Trees and Flowers,"Good detail. Horizontal folds. Thinning along centerfold, a couple holes, repaired.",1,2024-02-29 15:35:46,5.3703
904362,Mt. Fuji,Munakata (1903 - 1975),A Fuji Arts Special Offer Auction,"This print with excellent color and detail as shown. Creasing, soft horizontal folds. Please see photos for details.",0,2024-03-01 15:37:51,4.9143
915465,Seta Bridge,Munakata (1903 - 1975),A Fuji Arts Special Offer Auction,"This print with excellent detail as shown. Slight toning, a few light creases. Please see photos for details.",0,2024-03-01 15:37:51,4.9143
901729,Van Gogh's Church at Auvers,Munakata (1903 - 1975),A Fuji Arts Special Offer Auction,This print with excellent detail as shown. Slight toning. Please see photos for details. Nice overall.,0,2024-03-01 15:37:51,4.9143
913237,"Lake Ezu, Autumn",Munakata (1903 - 1975),A Fuji Arts Special Offer Auction,This print with excellent detail as shown. Folds and creases at edges. Please see photos for details.,0,2024-03-01 15:37:51,4.9143
908652,Spring,Munakata (1903 - 1975),A Fuji Arts Special Offer Auction,Excellent overall with no issues to report.,0,2024-03-01 15:37:51,4.9143
905294,Kurokami,Munakata (1903 - 1975),A Fuji Arts Special Offer Auction,This print with excellent color and detail as shown. A couple light creases. Please see photos for details. Nice overall.,0,2024-03-01 15:37:51,4.9143
904881,Dragon,Munakata (1903 - 1975),Series; Kannonkyo hanga-kan (Print Volume of the Kannon Sutra)A Fuji Arts Special Offer Auction,"This print with excellent color and detail as shown. Slight toning, a couple light creases at edges. Please see photos for details.",0,2024-03-01 15:37:52,4.9143
914294,Ginkgo,Munakata (1903 - 1975),A Fuji Arts Special Offer Auction,"This print with excellent detail as shown. Diagonal fold across top, a few creases at edges. Please see photos for details.",0,2024-03-01 15:37:52,4.9143
906877,Sitting Together in a Circle,Munakata (1903 - 1975),A Fuji Arts Special Offer Auction,This print with excellent color and detail as shown. A couple light creases at edges. Please see photos for details.,0,2024-03-01 15:37:52,4.9143
905118,Shaka Nyorai,Munakata (1903 - 1975),A Fuji Arts Special Offer Auction,"This print with excellent detail as shown. Slight toning, a few creases. Please see photos for details.",0,2024-03-01 15:37:52,4.9143
905241,Manjushri in a Lotus Pond,Munakata (1903 - 1975),A Fuji Arts Special Offer Auction,"This print with excellent detail as shown. Horizontal fold near bottom edge, a few creases at edges. Please see photos for details.",0,2024-03-01 15:37:52,4.9143
912943,Princess on Her Back,Munakata (1903 - 1975),A Fuji Arts Special Offer Auction,This print with excellent detail as shown. A couple light creases at edges. Please see photos for details.,0,2024-03-01 15:37:52,4.9143
900485,"Shapes with Bird, Snake, Tiger, and Snail",Munakata (1903 - 1975),Series; Green Willow and Red FlowerA Fuji Arts Special Offer Auction,"This print with excellent detail as shown. Slight toning, a few light creases at edges. Please see photos for details.",0,2024-03-01 15:37:52,4.9143
915046,"Sunlight, Tappi",Munakata (1903 - 1975),A Fuji Arts Special Offer Auction,"This print with excellent detail as shown. Diagonal folds, a few creases at edges. Please see photos for details. Good overall.",0,2024-03-01 15:37:52,4.9143
909604,Mitsui-ji Temple,Munakata (1903 - 1975),A Fuji Arts Special Offer Auction,This print with excellent detail as shown. A few creases at edges. Please see photos for details. Nice overall.,0,2024-03-01 15:37:52,4.9143
905861,New York Riverside,Munakata (1903 - 1975),A Fuji Arts Special Offer Auction,Excellent overall with no issues to report.,0,2024-03-01 15:37:52,4.9143
910683,Silence,Munakata (1903 - 1975),A Fuji Arts Special Offer Auction,"This print with excellent color and detail as shown. A couple light creases at edges, spot in margin. Please see photos for details.",0,2024-03-01 15:37:52,4.9143
906098,Risshakuji Temple,Munakata (1903 - 1975),A Fuji Arts Special Offer Auction,Excellent overall with no issues to report.,0,2024-03-01 15:37:52,4.9143
905682,Beauty and Dragonfly,Munakata (1903 - 1975),A Fuji Arts Special Offer Auction,This print with excellent color and detail as shown. A couple light creases at edges. Please see photos for details.,0,2024-03-01 15:37:52,4.9143
914922,Directly Facing the Cloud,Munakata (1903 - 1975),A Fuji Arts Special Offer Auction,This print with excellent color and detail as shown. Tiny spots overall. Please see photos for details.,0,2024-03-01 15:37:52,4.9143
902237,"Single oban original - Winter Group, 1891",Imao Keinen (1845 - 1924),Series; Four Seasons,Nice color and detail. Stitching holes at side. Wrinkle at bottom edge.,1,2024-03-01 15:37:53,4.61
904546,"Single oban original - Winter Group, 1891",Imao Keinen (1845 - 1924),Series; Four Seasons,Nice color and detail. Stitching holes at side. Some prints have a couple light creases or spots.,1,2024-03-01 15:37:53,4.61
911987,"Single oban original - Winter Group, 1891",Imao Keinen (1845 - 1924),Series; Four Seasons,Nice color and detail. Stitching holes at side. Some prints have a couple light creases or spots.,1,2024-03-01 15:37:53,4.61
910597,"Single oban original - Winter Group, 1891",Imao Keinen (1845 - 1924),Series; Four Seasons,Nice color and detail. Stitching holes at side. Some prints have a couple light creases or spots.,1,2024-03-01 15:37:53,4.61
904691,"Oban diptych original - Winter Group, 1891",Imao Keinen (1845 - 1924),Series; Four Seasons,Nice color and detail. Stitching holes at one side of each panel. Some prints have a couple light creases or spots.,1,2024-03-01 15:37:53,4.61
911995,"Single oban original - Winter Group, 1891",Imao Keinen (1845 - 1924),Series; Four Seasons,Nice color and detail. Stitching holes at side. Some prints have a couple light creases or spots.,1,2024-03-01 15:37:53,4.61
914628,"Oban diptych original - Winter Group, 1891",Imao Keinen (1845 - 1924),Series; Four Seasons,Nice color and detail. Stitching holes at one side of each panel. Some prints have a couple light creases or spots.,1,2024-03-01 15:37:54,4.61
911330,"Single oban original - Winter Group, 1891",Imao Keinen (1845 - 1924),Series; Four Seasons,Nice color and detail. Stitching holes at side. Some prints have a couple light creases or spots.,1,2024-03-01 15:37:54,4.61
908523,"Single oban original - Winter Group, 1891",Imao Keinen (1845 - 1924),Series; Four Seasons,Nice color and detail. Stitching holes at side. Some prints have a couple light creases or spots.,1,2024-03-01 15:37:54,4.61
914646,"Single oban original - Winter Group, 1891",Imao Keinen (1845 - 1924),Series; Four Seasons,Nice color and detail. Stitching holes at side. Some prints have a couple light creases or spots.,1,2024-03-01 15:37:54,4.61
907021,"Single oban original - Winter Group, 1891",Imao Keinen (1845 - 1924),Series; Four Seasons,Nice color and detail. Stitching holes at side. Some prints have a couple light creases or spots.,1,2024-03-01 15:37:54,4.61
901171,"Single oban original - Autumn Group, 1891 ",Imao Keinen (1845 - 1924) ,Series; Four Seasons,Nice color and detail. Stitching holes at side. Some prints have a couple light creases or spots.,1,2024-03-01 15:37:54,4.3278
916156,"Single oban original - Autumn Group, 1891 ",Imao Keinen (1845 - 1924) ,Series; Four Seasons,Nice color and detail. Stitching holes at side. Some prints have a couple light creases or spots.,1,2024-03-01 15:37:54,4.3278
904379,"Single oban original - Spring Group, 1891",Imao Keinen (1845 - 1924),Series; Four Seasons,"Nice color and detail. Stitching holes at side. Rippling, a few wrinkles.",1,2024-03-01 15:37:54,4.61
909152,"Oban diptych original - Spring Group, 1891",Imao Keinen (1845 - 1924),Series; Four Seasons,Nice color and detail. Stitching holes at one side of each panel. Some prints have a couple light creases or spots.,1,2024-03-01 15:37:54,4.61
911593,"Oban diptych original - Spring Group, 1891",Imao Keinen (1845 - 1924),Series; Four Seasons,Nice color and detail. Stitching holes at one side of each panel. Some prints have a couple light creases or spots.,1,2024-03-01 15:37:54,4.61
900507,"Single oban original - Summer Group, 1891",Imao Keinen (1845 - 1924) ,Series; Four Seasons,Nice color and detail. Stitching holes at side. Some prints have a couple light creases or spots.,1,2024-03-01 15:37:54,4.3278
906555,"Single oban original - Summer Group, 1891",Imao Keinen (1845 - 1924) ,Series; Four Seasons,Nice color and detail. Stitching holes at side. Some prints have a couple light creases or spots.,1,2024-03-01 15:37:54,4.3278
901454,"Single oban original - Summer Group, 1891",Imao Keinen (1845 - 1924) ,Series; Four Seasons,Nice color and detail. Stitching holes at side. Some prints have a couple light creases or spots.,1,2024-03-01 15:37:54,4.3278
903434,"Single oban original - Autumn Group, 1891 ",Imao Keinen (1845 - 1924) ,Series; Four Seasons,Nice color and detail as shown. Stitching holes at side. Some prints have a couple light creases or spots.,1,2024-03-01 15:37:54,4.3278
909289,"Single oban original - Summer Group, 1891",Imao Keinen (1845 - 1924) ,Series; Four Seasons,Nice color and detail. Stitching holes at side. Some prints have a couple light creases or spots.,1,2024-03-01 15:37:54,4.3278
900258,"Single oban original - Summer Group, 1891",Imao Keinen (1845 - 1924) ,Series; Four Seasons,Nice color and detail. Stitching holes at side. Some prints have a couple light creases or spots.,1,2024-03-01 15:37:54,4.3278
912973,"Single oban original - Autumn Group, 1891 ",Imao Keinen (1845 - 1924) ,Series; Four Seasons,Nice color and detail. Stitching holes at side. Some prints have a couple light creases or spots.,1,2024-03-01 15:37:54,4.3278
914176,"Single oban original - Autumn Group, 1891 ",Imao Keinen (1845 - 1924) ,Series; Four Seasons,Nice color and detail. Stitching holes at side. Some prints have a couple light creases or spots.,1,2024-03-01 15:37:54,4.3278
908582,"Oban diptych original - Summer Group, 1891",Imao Keinen (1845 - 1924),Series; Four Seasons,Nice color and detail. Stitching holes at one side of each panel. Some prints have a couple light creases or spots.,1,2024-03-01 15:37:54,4.61
900339,"Oban diptych original - Spring Group, 1891",Imao Keinen (1845 - 1924),Series; Four Seasons,Nice color and detail as shown. Stitching holes at one side of each panel. Some prints have a couple light creases or spots.,1,2024-03-01 15:37:55,4.61
904114,"Single oban original - Autumn Group, 1891 ",Imao Keinen (1845 - 1924) ,Series; Four Seasons,Nice color and detail as shown. Stitching holes at side. Some prints have a couple light creases or spots.,1,2024-03-01 15:37:55,4.3278
907967,"Single oban original - Autumn Group, 1891 ",Imao Keinen (1845 - 1924) ,Series; Four Seasons,Nice color and detail as shown. Stitching holes at side. Some prints have a couple light creases or spots.,1,2024-03-01 15:37:55,4.3278
904549,"Oban diptych original - Summer Group, 1891",Imao Keinen (1845 - 1924),Series; Four Seasons,Nice color and detail. Stitching holes at one side of each panel. Some prints have a couple light creases or spots.,1,2024-03-01 15:37:55,4.61
909446,"Single oban original - Spring Group, 1891",Imao Keinen (1845 - 1924),Series; Four Seasons,Nice color and detail. Stitching holes at side. Some prints have a couple light creases or spots.,1,2024-03-01 15:37:55,4.61
912617,"Shinmachi Bridge at Hodogaya, circa 1833 - 1834",Hiroshige (1797 - 1858),Series; Fifty-three Stations of the Tokaido (The Great Tokaido),"Good detail. Light diagonal and vertical folds. Small losses at edges, a few thinning spots, repairs.",1,2024-03-01 15:37:55,4.6198
904696,"The Sarugababa Resthouse near Futagawa, circa 1833 - 1834",Hiroshige (1797 - 1858),Series; Fifty-three Stations of the Tokaido (The Great Tokaido),"Good detail. A few thinning areas, repaired. A few creases.",1,2024-03-01 15:37:55,4.6198
912076,"View of Matsuchiyama, circa 1832 - 1838",Hiroshige (1797 - 1858),Series; Famous Places in the Eastern Capital,"Good detail. Vertical centerfold. A few holes and thinning areas, repaired. A few creases.",1,2024-03-01 15:37:55,4.6198
911220,"Scene from Yagura Daiko Oto mo Yoshiwara, 1866",Kunichika (1835 - 1900),,"Good detail. A few small repairs, a couple light creases at edges.",1,2024-03-01 15:37:56,4.9712
914366,"Manzen Restaurant in Takasago-gai, 1871",Kunichika (1835 - 1900),Series; Thirty-six Tokyo Restaurants,"Good detail. A few small repairs, creasing throughout.",1,2024-03-01 15:37:56,4.9712
914695,"Doll Kuchi-e Print, 1912",Takeuchi Keishu (1847 - 1915),,Nice color and detail. Horizontal folds. Light creasing throughout.,1,2024-03-01 15:37:56,4.855
910549,"Mariko, 1841 - 1844",Hiroshige (1797 - 1858),"Series; Fifty-three Stations of the Tokaido Road (Gyosho Tokaido), 1841 - 1844",Nice detail. A few small repairs.,1,2024-03-01 15:37:56,4.6198
902581,"Sisters Kuchi-e Print, 1911",Odake Chikuha (1878 - 1936),,"Good detail. Horizontal folds. Small repair, a couple creases.",1,2024-03-01 15:37:56,4.9143
901170,"Scene from Kujira Obi Nishiki no Shingata, 1867",Kunichika (1835 - 1900),,Nice detail. A few small repairs. Light wrinkling throughout.,1,2024-03-01 15:37:56,4.9712
909706,"Beauty Reading a Letter Kuchi-e Print, 1900",Toshikata (1866 - 1908),,"Good color and detail. Vertical folds. Small repair, a few creases.",1,2024-03-01 15:37:56,4.6882
907913,"Scene from Kioi-jishi Botan no Hikimono, 1867",Kunichika (1835 - 1900),,"Nice detail. Stitching holes at one side of each panel, repaired. Light wrinkling throughout.",1,2024-03-01 15:37:56,4.9712
910659,"The Manpachi-ro Restaurant in Yanagihashi, 1870",Kunichika (1835 - 1900),Series; Thirty-six Tokyo Restaurants,"Good detail. A few small repairs, creasing throughout.",1,2024-03-01 15:37:56,4.9712
908429,"Couple and Tattooed Commoner, 1866",Kunichika (1835 - 1900),,"Nice detail. Vertical fold at side of two panels. Thinning along one fold, thinning area, repaired. Slight rubbing.",1,2024-03-01 15:37:56,4.9712
913113,"Three Young People, 1866",Kunichika (1835 - 1900),,"Nice detail. Vertical fold at side of one panel. Thinning areas, tear at edge, repaired. A couple creases at edge.",1,2024-03-01 15:37:56,4.9712
905037,"Black Sea Bream, Small Sea Bream, Asparagus Shoots, and Sansho Pepper",Hiroshige (1797 - 1858),Grand Series of Fishes,"Nice detail. Backed with paper. Vertical centerfold. A few wormholes, loss at corner, repaired. A couple creases at corner.",1,2024-03-01 15:37:56,4.6198
909042,"Autumn Beauty Kuchi-e Print, 1897",Takeuchi Keishu (1847 - 1915),,Nice color and good detail. Vertical folds. A few creases at edges.,1,2024-03-01 15:37:56,4.855
914602,"Sanno Festival Procession at Kojimachi 1-chome, 1856",Hiroshige (1797 - 1858),Series; One Hundred Famous Views of Edo,Good color and detail. Backed with paper. Horizontal centerfold. Small lightly rubbed spot.,1,2024-03-01 15:37:56,4.6198
905563,"Sugatami Bridge, Omokage Bridge, and Jariba at Takata, 1857",Hiroshige (1797 - 1858),Series; One Hundred Famous Views of Edo,Good color and detail. Backed with paper. Horizontal centerfold. A couple small repairs.,1,2024-03-01 15:37:56,4.6198
904156,"Asakusa River, Great Riverbank, Miyato River, 1857",Hiroshige (1797 - 1858),Series; One Hundred Famous Views of Edo,"Nice detail. Small repair, small lightly rubbed spot.",1,2024-03-01 15:37:56,4.6198
914810,"Sword Attack, 1893",Kunisada III (1848 - 1920),,"Nice color and detail. Vertical folds. Thinning spots, a few holes, repaired. Light creasing.",1,2024-03-01 15:37:56,4.5157
914530,"Flowing Water Kuchi-e Print, 1900",Kajita Hanko (1870 - 1917),,"Nice detail. Vertical folds, diagonal folds at edges.",1,2024-03-01 15:37:56,4.8012
907253,"Gathering Shellfish at Low Tide on the Beach at Susaki, circa 1837 - 1838",Hiroshige (1797 - 1858),Series; Famous Places in the Eastern Capital,Good detail. A few small repairs.,1,2024-03-01 15:37:56,4.6198
903943,"Snowy Morning Kuchi-e Print, 1904",Tomioka Eisen (1864 - 1905),,"Nice color and detail. Vertical folds, a few light creases.",1,2024-03-01 15:37:57,4.6625
907545,"The First Rabbit Day of The Year, 1903",Takeuchi Keishu (1861-1942),,"Nice color and detail. Vertical and diagonal folds, light creasing throughout.",1,2024-03-01 15:37:58,4.8824
912202,"Hermitage in Hagi Kuchi-e Print, 1899",Tomioka Eisen (1864 - 1905),,"Nice color and detail. Vertical folds, diagonal fold at edge.",1,2024-03-01 15:37:59,4.6625
905678,"Hojo Takatoki Tormented by Tengu, 1887",Kunisada III (1848 - 1920),,"Nice detail. Horizontal centerfold, a couple diagonal folds in right panel. A few light creases at edges and small repairs.",1,2024-03-01 15:37:59,4.5157
907892,Children of Aizu,Kiyoshi Saito (1907 - 1997),,Nice color and detail. Faint staining at corners.,1,2024-03-01 15:37:59,6.1511
900307,Summer in Aizu,Kiyoshi Saito (1907 - 1997),,Nice color and detail. A couple small spots.,1,2024-03-01 15:37:59,6.1511
911827,"Ichimura Uzaemon XIII as Tekomae no Takekichi, 1859",Toyokuni III/Kunisada (1786 - 1864),Series; Mirror of Today's Pictures,Nice detail. Horizontal centerfold. A few repairs at edges and creases.,1,2024-03-01 15:37:59,4.9902
904802,"Memorial Portrait of Bando Shuka I, 1855",Edo era artist (unsigned),,Good detail. A few light creases at edges and small repairs.,1,2024-03-01 15:37:59,4.1951
902109,Daiba Nisaburo Fighting Nozarashi Gosuke,Kunichika (1835 - 1900),,"Good color and detail. Right panel backed with paper. A couple small repairs, wrinkling at edges.",1,2024-03-01 15:37:59,4.9712
906879,"Sculptor Hidari Jingoro and the Living Doll, 1873",Kunichika (1835 - 1900),,Good color and detail. Vertical folds. A few repairs and creases.,1,2024-03-01 15:37:59,4.9712
914683,"Woman Shaking a Jar, 1977",Yoshitoshi Mori (1898 - 1992),,"Excellent color and detail. Light spotting on background, light diagonal fold across lower right.",1,2024-03-01 15:37:59,5.0084
912736,"Scene from Yuki to Sumi Kuruwa no Tatehiki, 1872",Kunichika (1835 - 1900),,Nice color and detail. A few small creases at edges.,1,2024-03-01 15:37:59,4.9712
904402,"Swordfight in an Interior, 1892",Kunichika (1835 - 1900),,Nice color and detail. A few repairs.,1,2024-03-01 15:37:59,4.9712
915808,"Scene from Nani Takashima Ryuta jitsuroku, 1855",Toyokuni III/Kunisada (1786 - 1864),,"Nice detail. Backed with paper. A few creases and small repairs, diagonal fold in right panel.",1,2024-03-01 15:37:59,4.9902
901859,Soldier and Couple Kuchi-e Print,Meiji era artist (unsigned),,"Good color and detail. Vertical and diagonal folds, creasing throughout.",1,2024-03-01 15:37:59,4.2429
904975,"White Sake Seller Kuchi-e Print, 1907",Takeuchi Keishu (1861 - 1942),,Nice color and good detail. Horizontal folds.,1,2024-03-01 15:37:59,4.8336
901755,"Scene from Momoyama monogatari, 1869",Kunichika (1835 - 1900),,Good detail. A few repairs and light creases.,1,2024-03-01 15:37:59,4.9712
902059,Watching a Prisoner Kuchi-e Print,Tomioka Eisen (1864 - 1905),,Nice color and detail. Vertical folds. Diagonal fold at side.,1,2024-03-01 15:37:59,4.6625
916014,"Atsuta Coast, 1975",Fumio Kitaoka (1918 - 2007),,"Excellent color and detail. A few creases at edges, a couple spots in margins. Tape remnants on reverse at edges from previous mounting.",1,2024-03-01 15:38:00,5.3961
911114,"Gate, Kamakura (G), 1973",Kiyoshi Saito (1907 - 1997),,Nice color and detail. Light fold at bottom edge.,1,2024-03-01 15:38:00,6.1511
911066,"Near Lake Kawaguchi, 1949",Okumura Koichi (1904 - 1974),,Nice color and detail.,1,2024-03-01 15:38:00,5.068
906770,"Twilight in Sakurajima, 1947",Hideo Nishiyama (1911 - 1989),,Nice color and detail. A couple light creases at edges.,1,2024-03-01 15:38:00,5.2692
911317,"Summer at Shima, 1947",Kawai Kenji (1908 - 1995),,Nice color and detail.,1,2024-03-01 15:38:00,5.1916
904271,Dawn of the Ancient Capital,Isao Takahashi,,Excellent color and detail. Tape on reverse at corners from previous mounting.,1,2024-03-01 15:38:00,5.0172
902051,"Kyoto, Torimoto, 1982",Masao Ido (1945 - 2016),,"Excellent color and detail. Light crease at edge, a couple small spots in margins.",1,2024-03-01 15:38:00,5.1949
903252,The Komuso,Wada Sanzo (1883 - 1967),"Series; Japanese Vocations in Pictures, Series 1",Nice color and detail. Slight curling at top corners.,1,2024-03-01 15:38:00,4.9335
906928,Statue of a Buddhist Deity,Shin-hanga & Modern artist (unsigned),,Excellent detail. Small paper remnant in lower right margin.,1,2024-03-01 15:38:00,4.1396
902012,Statue of a Buddhist Deity,Shin-hanga & Modern artist (unsigned),,Excellent detail.,1,2024-03-01 15:38:00,4.1396
913539,"Spring at the Imperial Palace (Hanzomon), 1993",Fumio Kitaoka (1918 - 2007),,"Excellent color and detail. A couple light creases at edges, a few spots in margins.",1,2024-03-01 15:38:00,5.3961
913435,"Sagami Province, Enoshima",Hiroshige (1797 - 1858),Series; Sights of the ProvincesShokoku Meisho,Excellent color and detail. Mounted at top corners to original backing sheet. Creasing at top right corner.,1,2024-03-01 15:38:01,4.6198
911954,"Ricefield Moon, Shinano Province, Sarashina",Hiroshige (1797 - 1858),Series; Sights of the ProvincesShokoku Meisho,"Excellent color and detail. Please note, each print is ""tipped in"" to the windowed paper presentation folder with two very small spots of wheat paste at the upper reverse corners, exactly as originally produced. The print can be easily removed by the collector if desired.",1,2024-03-01 15:38:01,4.6198
900125,The Kamo Embankment,Hiroshige (1797 - 1858),Series; Calligraphy as Taught by the Chancellor SugawaraSugawara Denju Tenerai Kagami,"Excellent color and detail. Slight toning. Please note, each print is ""tipped in"" to the windowed paper presentation folder with two very small spots of wheat paste at the upper reverse corners, exactly as originally produced. The print can be easily removed by the collector if desired.",1,2024-03-01 15:38:01,4.6198
914000,Initiation,Hiroshige (1797 - 1858),Series; Calligraphy as Taught by the Chancellor SugawaraSugawara Denju Tenerai Kagami,Excellent color and detail. Small crease at top corner.,1,2024-03-01 15:38:01,4.6198
905834,Riding an Ox,Hiroshige (1797 - 1858),Series; Calligraphy as Taught by the Chancellor SugawaraSugawara Denju Tenerai Kagami,"This print with excellent color and detail as shown. Slight toning. Please note, each print is ""tipped in"" to the windowed paper presentation folder with two very small spots of wheat paste at the upper reverse corners, exactly as originally produced. The print can be easily removed by the collector if desired.",1,2024-03-01 15:38:01,4.6198
910405,Pheasant,Hiroshige (1797 - 1858),From an untitled series of Kacho-e (Bird and Flower prints),Excellent color and detail. Mounted at top corners to original backing sheet.,1,2024-03-01 15:38:01,4.6198
908264,Macaw,Hiroshige (1797 - 1858),From an untitled series of Kacho-e (Bird and Flower prints),Excellent color and detail. Mounted at top corners to original backing sheet.,1,2024-03-01 15:38:01,4.6198
905392,"Settsu Province, Yodogawa",Hiroshige (1797 - 1858),Series; Sights of the ProvincesShokoku Meisho,"Excellent color and detail. Please note, each print is ""tipped in"" to the windowed paper presentation folder with two very small spots of wheat paste at the upper reverse corners, exactly as originally produced. The print can be easily removed by the collector if desired.",1,2024-03-01 15:38:01,4.6198
905157,Eight Loves,Hiroshige (1797 - 1858),Series; Calligraphy as Taught by the Chancellor SugawaraSugawara Denju Tenerai Kagami,"Excellent color and detail. Please note, each print is ""tipped in"" to the windowed paper presentation folder with two very small spots of wheat paste at the upper reverse corners, exactly as originally produced. The print can be easily removed by the collector if desired.",1,2024-03-01 15:38:01,4.6198
903150,Congratulations,Hiroshige (1797 - 1858),Series; Calligraphy as Taught by the Chancellor SugawaraSugawara Denju Tenerai Kagami,"This print with excellent color and detail as shown. Slight toning. Please note, each print is ""tipped in"" to the windowed paper presentation folder with two very small spots of wheat paste at the upper reverse corners, exactly as originally produced. The print can be easily removed by the collector if desired.",1,2024-03-01 15:38:01,4.6198
911496,"First Act, The Imperial Palace",Hiroshige (1797 - 1858),Series; Calligraphy as Taught by the Chancellor Sugawara Sugawara Denju Tenerai Kagami,"This print with excellent color and detail. Slight toning, small crease at top corner. Please note, each print is ""tipped in"" to the windowed paper presentation folder with two very small spots of wheat paste at the upper reverse corners, exactly as originally produced. The print can be easily removed by the collector if desired.",1,2024-03-01 15:38:01,4.6198
911315,The Village School,Hiroshige (1797 - 1858),Series; Calligraphy as Taught by the Chancellor SugawaraSugawara Denju Tenerai Kagami,"This print with excellent color and detail. Light toning, small crease across top corner.  Please note, each print is ""tipped in"" to the windowed paper presentation folder with two very small spots of wheat paste at the upper reverse corners, exactly as originally produced. The print can be easily removed by the collector if desired.",1,2024-03-01 15:38:01,4.6198
907122,"Harima Province, Maiko-no-hama",Hiroshige (1797 - 1858),Series; Sights of the ProvincesShokoku Meisho,"This print with excellent color and detail. Small tear across corner, repaired. Slight oning. Light toning and spotting inside front of folder. Please note, each print is ""tipped in"" to the windowed paper presentation folder with two very small spots of wheat paste at the upper reverse corners, exactly as originally produced. The print can be easily removed by the collector if desired.",1,2024-03-01 15:38:01,4.6198
915075,Carriage Stopping,Hiroshige (1797 - 1858),Series; Calligraphy as Taught by the Chancellor SugawaraSugawara Denju Tenerai Kagami,"This print with excellent color and detail. Slight toning. Please note, each print is ""tipped in"" to the windowed paper presentation folder with two very small spots of wheat paste at the upper reverse corners, exactly as originally produced. The print can be easily removed by the collector if desired.",1,2024-03-01 15:38:01,4.6198
915357,Shinkyo Gion Festival,Tokuriki (1902 - 1999),,Excellent color and detail. A couple light creases at edge.,1,2024-03-01 15:38:01,4.8756
900591,"Yamato Province, Tatsutagawa",Hiroshige (1797 - 1858),Series; Sights of the ProvincesShokoku Meisho,Excellent color and detail. No issues to report.,1,2024-03-01 15:38:01,4.6198
905606,"Sagami Province, Shichiri-ga-hama",Hiroshige (1797 - 1858),Series; Sights of the ProvincesShokoku Meisho,"Excellent color and detail. Slight toning. Please note, each print is ""tipped in"" to the windowed paper presentation folder with two very small spots of wheat paste at the upper reverse corners, exactly as originally produced. The print can be easily removed by the collector if desired.",1,2024-03-01 15:38:01,4.6198
907602,"Cherry Blossoms and Mt. Fuji, 1979",Nakao Yoshitaka (1911 - 1994),,Excellent color and detail. No issues to report.,1,2024-03-01 15:38:01,4.8091
904770,"Keishi, Arashiyama",Hiroshige (1797 - 1858),Series; Sights of the ProvincesShokoku Meisho,"Excellent color and detail. Slight toning, small mark on cover at corner. Please note, each print is ""tipped in"" to the windowed paper presentation folder with two very small spots of wheat paste at the upper reverse corners, exactly as originally produced. The print can be easily removed by the collector if desired.",1,2024-03-01 15:38:01,4.6198
906632,Bunraku Puppet Head,Tokuriki (1902 - 1999),,Excellent color and detail. Slight creasing at edges.,1,2024-03-01 15:38:02,4.8756
901753,Kyoto Specialty Fushimi Doll Shop,Tokuriki (1902 - 1999),,"Excellent color and detail. Slight separation at end of vertical centerfold, repaired. A few creases at edges, slight rubbing at upper left.",1,2024-03-01 15:38:02,4.8756
904144,The Genpei War: The Great Battle at Uji Bridge,Toyonobu (1859 - 1886),,Excellent color and detail. Light crease at corner. A couple small spots.,1,2024-03-01 15:38:03,5.4468
913631,Shower at Terashima,Shin-hanga & Modern artist (not read),,"Excellent color and detail. Small crease at corner, s couple small spots.",1,2024-03-01 15:38:03,4.0626
915134,"The Soga Brothers Defeated Suketsune, 1882",Kiyochika (1847 - 1915),,"Nice color and detail. A couple small repairs, vertical fold at side.",1,2024-03-01 15:38:04,5.1663
915460,"The Great Battle of Awazu Plain, 1847 - 1852",Yoshikane (1832 - 1881),,"Nice detail. Slight separation at ends of vertical fold a side of two panels, a couple holes, repaired.",1,2024-03-01 15:38:04,5.2406
913328,"Rebel Headquarters at Kawajiri, 1877",Kyosai (1831 - 1889),,Nice color and detail. A few small repairs and light creases.,1,2024-03-01 15:38:04,5.0329
910382,Toyotomi’s Record of Achievements: Kinoshita Leading Construction of Sunomata Castle in One Night,Toshinaka (1868 - 1934),,"Excellent color and detail. Slight thinning along vertical fold at side, repaired.",1,2024-03-01 15:38:04,5.3759
905841,"Bando Shuka I as Banzui Otoki and Bando Kichiya as the Son Chomatsu, 1855",Toyokuni III/Kunisada (1786 - 1864),"Series; Past and Present, Both Sides of the Leaf","Good detail. Loss at edge, stitching holes at side, repaired.",1,2024-03-01 15:38:04,4.9902
904515,"Horse Racing at Shinobazu Pond, 1885",Chikanobu (1838 - 1912) ,,Nice color and detail.,1,2024-03-01 15:38:04,5.1498
902607,Beauty beside a Screen,Chikanobu (1838 - 1912) ,,Nice color and detail.,1,2024-03-01 15:38:04,5.1498
912779,Beauties in a Garden,Chikanobu (1838 - 1912) ,,Nice color and detail.,1,2024-03-01 15:38:04,5.1498
909816,Princess at Kiyomizu Temple in Ueno,Kunisada III (1848 - 1920) ,,Good detail. Backed with paper.,1,2024-03-01 15:38:04,5.2927
905917,Red Sea Bream,Gekko (1859 - 1920),,This print with excellent color and detail as shown. A few spots. Please see photos for details.,1,2024-03-01 15:38:04,4.7082
908824,A Snow Man,Hiyoshi Mamoru (active circa 1950s),,"This print with excellent color and detail as shown. A few creases at edges, small spot in margin. Please see photos for details.",1,2024-03-01 15:38:04,4.8939
906246,"Sumida River, 1864",Hiroshige II (1826 - 1869),Series; Famous Places in Edo,This print with good color and detail as shown. A few creases and marks. Please see photos for details.,1,2024-03-01 15:38:04,4.6123
913927,Bunraku Puppet Performance,Shin-hanga & Modern artist (not read),,"This print with excellent color and detail as shown. Light toning, a few small spots. Please see photos for details. Good overall.",1,2024-03-01 15:38:04,4.0626
911024,"Drastic Price Reduction Moved to Clearance, Act Fast!",Hiromitsu Nakazawa (1874 - 1964),"Series; A Great Collection of Japan (Nihon taikan), 1922",Nice color and detail. Some prints have a few spots.,1,2024-03-01 15:38:04,4.2245
907729,"Drastic Price Reduction Moved to Clearance, Act Fast!",Hiromitsu Nakazawa (1874 - 1964),"Series; A Great Collection of Japan (Nihon taikan), 1922",Nice color and detail. Some prints have a few spots.,1,2024-03-01 15:38:04,4.2245
915404,"Drastic Price Reduction Moved to Clearance, Act Fast!",Hiromitsu Nakazawa (1874 - 1964),"Series; A Great Collection of Japan (Nihon taikan), 1922",Nice color and detail. Some prints have a few spots.,1,2024-03-01 15:38:04,4.2245
909480,"The Great Battle of the Uji River, on the 16th Day of the Third Month, 1184, circa 1843 - 1847",Yoshitora (active circa 1840 - 1880),,"Nice detail. Backed with paper. Small loss at edge, wormholes, repaired. Vertical fold at side of two panels.",1,2024-03-01 15:38:04,5.3681
912520,Five Chivalrous Men,Kunichika (1835 - 1900),,"Good detail. Slight thinning along horizontal centerfolds, a few small holes, repaired. Vertical fold in right panel.",1,2024-03-01 15:38:04,4.9712
908553,"Drastic Price Reduction Moved to Clearance, Act Fast!",Hiromitsu Nakazawa (1874 - 1964),"Series; A Great Collection of Japan (Nihon taikan), 1922",Nice color and detail. Some prints have a few spots.,1,2024-03-01 15:38:05,4.2245
900724,"Drastic Price Reduction Moved to Clearance, Act Fast!",Yoshimori (1830 - 1884),,This print with nice detail as shown. Rubbing and staining throughout. Losses near left edge. Please see photos for details.,1,2024-03-01 15:38:05,5.1341
901805,"Drastic Price Reduction Moved to Clearance, Act Fast!",Imao Keinen (1845 - 1924),Series; Four Seasons,Nice color and detail as shown. Stitching holes at side. Some prints have a couple light creases or spots.,1,2024-03-01 15:38:05,4.61
911803,"Drastic Price Reduction Moved to Clearance, Act Fast!",Yoshitaki (1841 - 1899),,Good detail. Backed with paper. Slight curling.,1,2024-03-01 15:38:05,4.4202
905573,"Drastic Price Reduction Moved to Clearance, Act Fast!",Yoshimori (1830 - 1884),,This print with nice detail as shown. Rubbing and staining along edges. Small losses left of center. Please see photos for details.,1,2024-03-01 15:38:05,5.1341
906508,"Drastic Price Reduction Moved to Clearance, Act Fast!",Meiji era artist (not read),,This print with nice color and detail as shown. Wrinkling throughout. Brown stain at bottom right. Please see photos for details.,1,2024-03-01 15:38:05,4.2802
901321,"Drastic Price Reduction Moved to Clearance, Act Fast!",Kunichika (1835 - 1900),,This print with nice color and detail as shown. Rubbing and staining throughout. Please see photos for details.,1,2024-03-01 15:38:05,4.9712
907174,"Drastic Price Reduction Moved to Clearance, Act Fast!",Toyokuni III/Kunisada (1786 - 1864),,This print with nice color and detail as shown. Holes throughout. Please see photos for details.,1,2024-03-01 15:38:05,4.9902
912760,"Drastic Price Reduction Moved to Clearance, Act Fast!",Imao Keinen (1845 - 1924),Series; Four Seasons,Nice color and detail as shown. Stitching holes at side. Some prints have a couple light creases or spots.,1,2024-03-01 15:38:05,4.61
913628,"Drastic Price Reduction Moved to Clearance, Act Fast!",Meiji era artist (unsigned),,"This print with nice color and detail as shown. Rubbing, staining, and creases throughout. Tiny tears at edges. Three separate panels. Please see photos for details.",1,2024-03-02 15:22:49,4.2429
906476,"Drastic Price Reduction Moved to Clearance, Act Fast!",Kunisada III (1848 - 1920),,"This print with nice color and detail as shown. Rubbing, staining, and creases throughout. Three separate panels. Please see photos for details.",1,2024-03-02 15:22:49,4.5157
900040,"Drastic Price Reduction Moved to Clearance, Act Fast!",Kunichika (1835 - 1900),,"This print with nice color and detail as shown. Substantial rubbing, staining, and creases throughout. Small tears and losses along edges. Three separate panels. Please see photos for details.",1,2024-03-02 15:22:50,4.9712
907088,"Drastic Price Reduction Moved to Clearance, Act Fast!",Kunisada III (1848 - 1920),,"This print with nice color and detail as shown. Rubbing, staining, and creases throughout. Backed with paper. Three separate panels. Please see photos for details.",1,2024-03-02 15:22:50,4.5157
913951,"Drastic Price Reduction Moved to Clearance, Act Fast!",Kunisada III (1848 - 1920),,"This print with nice color and detail as shown. Rubbing, staining, and creases throughout. Small losses at edges. Three separate panels. Please see photos for details.",1,2024-03-02 15:22:50,4.5157
905609,Fine Old Reprint Clearance! A Fuji Arts Value,Hiroshige (1797 - 1858),,This print with good color and detail as shown. Staining along edges. Please see photos for details.,0,2024-03-02 15:22:50,4.6198
905487,Fine Old Reprint Clearance! A Fuji Arts Value,Hiroshige II (1826 - 1869),,This print with good color and detail as shown. Loss at bottom corner. Folds at bottom left corner. Please see photos for details.,0,2024-03-02 15:22:50,4.6123
907305,Fine Old Reprint Clearance! A Fuji Arts Value,Yoshitoshi (1839 - 1892),,This print with good color and detail as shown. Creases left of center. Brown staining. Please see photos for details.,0,2024-03-02 15:22:50,5.7164
904768,A Clearance Opportunity! Meiji or Edo era Original,Kunichika (1835 - 1900),,This print with nice color and detail as shown. Some soiling and staining. A few holes and tears.,1,2024-03-02 15:22:50,4.9712
904439,A Clearance Opportunity! Meiji or Edo era Original,Imao Keinen (1845 - 1924),Series; Four Seasons,This print with nice color and detail as shown. Some soiling and staining.,1,2024-03-02 15:22:50,4.61
906399,A Clearance Opportunity! Meiji or Edo era Original,Imao Keinen (1845 - 1924),Series; Four Seasons,This print with nice color and detail as shown. Some soiling and staining.,1,2024-03-02 15:22:50,4.61
902735,Shoren-in Temple,Masao Ido (1945 - 2016),Series; One Hundred Famous Views of Kyoto: Higashiyama,Excellent color and detail. Some prints have very slight rubbing at top corners from original publisher mounting. Excellent condition overall.,1,2024-03-02 15:22:52,5.1949
909107,Adashino-nenbutsu-ji Temple,Masao Ido (1945 - 2016),Series; One Hundred Famous Views of Kyoto: Sagano,Excellent color and detail. A couple creases at edge. Otherwise excellent condition.,1,2024-03-02 15:22:52,5.1949
907346,Jinko-in Temple,Masao Ido (1945 - 2016),Series; One Hundred Famous Views of Kyoto: Kitayama,Excellent color and detail. Some prints have very slight rubbing at top corners from original publisher mounting. Excellent condition overall.,1,2024-03-02 15:22:52,5.1949
907238,Mashu-in Temple,Masao Ido (1945 - 2016),Series; One Hundred Famous Views of Kyoto: Kitayama,"Excellent color and detail. Very slight rubbing at top corners from original publisher mounting. Small spot in margin, otherwise excellent condition.",1,2024-03-02 15:22:52,5.1949
914493,Shisen-do Temple,Masao Ido (1945 - 2016),Series; One Hundred Famous Views of Kyoto: Kitayama,Excellent color and detail. Some prints have very slight rubbing at top corners from original publisher mounting. Excellent condition overall.,1,2024-03-02 15:22:52,5.1949
912072,The Stage of Kiyomizu,Masao Ido (1945 - 2016),Series; One Hundred Famous Views of Kyoto: Higashiyama,"Excellent color and detail. Very slight rubbing at top corners from original publisher mounting. A few tiny spots in margins, otherwise excellent condition.",1,2024-03-02 15:22:52,5.1949
908395,Yasaka-jinja Shrine,Masao Ido (1945 - 2016),Series; One Hundred Famous Views of Kyoto: Higashiyama,Excellent color and detail. Some prints have very slight rubbing at top corners from original publisher mounting. Excellent condition overall.,1,2024-03-02 15:22:52,5.1949
900504,The Pagoda of Yasaka,Masao Ido (1945 - 2016),Series; One Hundred Famous Views of Kyoto: Higashiyama,Excellent color and detail. Some prints have very slight rubbing at top corners from original publisher mounting. Excellent condition overall.,1,2024-03-02 15:22:52,5.1949
905707,Chion-in Temple,Masao Ido (1945 - 2016),Series; One Hundred Famous Views of Kyoto: Higashiyama,"Excellent color and detail. Very slight rubbing at top corners from original publisher mounting, a few small spots in margins.",1,2024-03-02 15:22:52,5.1949
904059,Maruyama Park,Masao Ido (1945 - 2016),Series; One Hundred Famous Views of Kyoto: Higashiyama,Excellent color and detail. Some prints have very slight rubbing at top corners from original publisher mounting. Excellent condition overall.,1,2024-03-02 15:22:52,5.1949
902305,Kiyomizu-zaka,Masao Ido (1945 - 2016),Series; One Hundred Famous Views of Kyoto: Higashiyama,Excellent color and detail. Some prints have very slight rubbing at top corners from original publisher mounting. Excellent condition overall.,1,2024-03-02 15:22:52,5.1949
914668,Ishibe-Koji,Masao Ido (1945 - 2016),Series; One Hundred Famous Views of Kyoto: Higashiyama,Excellent color and detail. Some prints have very slight rubbing at top corners from original publisher mounting. Excellent condition overall.,1,2024-03-02 15:22:52,5.1949
902067,Toriimoto,Masao Ido (1945 - 2016),Series; One Hundred Famous Views of Kyoto: Sagano,Excellent color and detail. No issues to report.,1,2024-03-02 15:22:52,5.1949
908734,Bamboo Grove around Nonomiya,Masao Ido (1945 - 2016),Series; One Hundred Famous Views of Kyoto: Sagano,Excellent color and detail. A few tiny spots in margins and light creases at edge.,1,2024-03-02 15:22:52,5.1949
914720,Sanjusangen-do Temple,Masao Ido (1945 - 2016),Series; One Hundred Famous Views of Kyoto: Rakunan,Excellent color and detail. Small spot and small indent in margin.,1,2024-03-02 15:22:52,5.1949
905135,Nison-in Temple,Masao Ido (1945 - 2016),Series; One Hundred Famous Views of Kyoto: Sagano,Excellent color and detail. A few creases in margins.,1,2024-03-02 15:22:52,5.1949
911935,Jojakko-ji Temple,Masao Ido (1945 - 2016),Series; One Hundred Famous Views of Kyoto: Sagano,"Excellent color and detail. Light crease at edge, a few tiny spots in margins.",1,2024-03-02 15:22:52,5.1949
901832,Fuji Arts Overstock Triptych - Exceptional Bargain!,Kunichika (1835 - 1900),A Fuji Arts Special Offer Auction,"This print with nice color and detail as shown. Rubbing, staining, and creases throughout. Small tears along edges. Three separate panels. Please see photos for details.",1,2024-03-02 15:22:52,4.9712
904832,Kodai-ji Temple,Masao Ido (1945 - 2016),Series; One Hundred Famous Views of Kyoto: Higashiyama,Excellent color and detail. Some prints have very slight rubbing at top corners from original publisher mounting. Excellent condition overall.,1,2024-03-02 15:22:52,5.1949
904172,Kurumazo,Tsukioka Kogyo (1869 - 1927),"Series; Pictures of Noh Plays (Nogaku zue), 1897 - 1902","Beautiful, crisp printing with excellent color and detail. These prints have been stored only and are clean and bright. Backed with paper. A couple small repairs. Some prints have a couple spots.",1,2024-03-02 15:22:53,4.273
903011,Ukai (Cormorant Fishing),Tsukioka Kogyo (1869 - 1927),"Series; Pictures of Noh Plays (Nogaku zue), 1897 - 1902","Beautiful, crisp printing with excellent color and detail. These prints have been stored only and are clean and bright. Backed with paper. A few small repairs, a couple light creases.",1,2024-03-02 15:22:53,4.273
911159,Akogi,Tsukioka Kogyo (1869 - 1927),"Series; Pictures of Noh Plays (Nogaku zue), 1897 - 1902","Beautiful, crisp printing with excellent color and detail. These prints have been stored only and are clean and bright. Backed with paper. A few small repairs. Some prints have a couple spots.",1,2024-03-02 15:22:53,4.273
908601,Imamiya-jinja Shrine,Masao Ido (1945 - 2016),Series; One Hundred Famous Views of Kyoto: Kitayama,Excellent color and detail. Some prints have very slight rubbing at top corners from original publisher mounting. Excellent condition overall.,1,2024-03-02 15:22:53,5.1949
904333,Ikarikazuki,Tsukioka Kogyo (1869 - 1927),"Series; Pictures of Noh Plays (Nogaku zue), 1897 - 1902","Beautiful, crisp printing with excellent color and detail. These prints have been stored only and are clean and bright. Backed with paper. Small repair.",1,2024-03-02 15:22:53,4.273
903725,Koetsu-ji Temple,Masao Ido (1945 - 2016),Series; One Hundred Famous Views of Kyoto: Kitayama,Excellent color and detail. Some prints have very slight rubbing at top corners from original publisher mounting. Excellent condition overall.,1,2024-03-02 15:22:53,5.1949
902435,Yokihi (Everlasting Sorrow),Tsukioka Kogyo (1869 - 1927),"Series; Pictures of Noh Plays (Nogaku zue), 1897 - 1902","Beautiful, crisp printing with excellent color and detail. These prints have been stored only and are clean and bright. Backed with paper. A few small repairs.",1,2024-03-02 15:22:53,4.273
912667,Tadanobu,Tsukioka Kogyo (1869 - 1927),"Series; Pictures of Noh Plays (Nogaku zue), 1897 - 1902","Beautiful, crisp printing with excellent color and detail. These prints have been stored only and are clean and bright. Backed with paper. Small repair. Some prints have a couple spots.",1,2024-03-02 15:22:54,4.273
902432,Kazuraki,Tsukioka Kogyo (1869 - 1927),"Series; Pictures of Noh Plays (Nogaku zue), 1897 - 1902","Beautiful, crisp printing with excellent color and detail. These prints have been stored only and are clean and bright. Backed with paper. Small repair. Some prints have a couple spots.",1,2024-03-02 15:22:54,4.273
911883,Adachigahara,Tsukioka Kogyo (1869 - 1927),"Series; Pictures of Noh Plays (Nogaku zue), 1897 - 1902","Beautiful, crisp printing with excellent color and detail. These prints have been stored only and are clean and bright. Backed with paper. Small repair. Some prints have a couple spots.",1,2024-03-02 15:22:54,4.273
901409,Hibari Yama (Skylark Mountain),Tsukioka Kogyo (1869 - 1927),"Series; Pictures of Noh Plays (Nogaku zue), 1897 - 1902","Beautiful, crisp printing with excellent color and detail. These prints have been stored only and are clean and bright. Backed with paper. Small repair. Some prints have a couple spots.",1,2024-03-02 15:22:54,4.273
910717,"Child Imitating a Lion, 1892",Kunichika (1835 - 1900),,"Nice color and detail. Vertical centerfold, light diagonal folds near center. A couple creases at edges.",1,2024-03-02 15:22:54,4.9712
906799,Himuro (The Ice House),Tsukioka Kogyo (1869 - 1927),"Series; Pictures of Noh Plays (Nogaku zue), 1897 - 1902","Beautiful, crisp printing with excellent color and detail. These prints have been stored only and are clean and bright. Backed with paper. Small repair. Some prints have a couple spots.",1,2024-03-02 15:22:54,4.273
903618,Obasute,Tsukioka Kogyo (1869 - 1927),"Series; Pictures of Noh Plays (Nogaku zue), 1897 - 1902","Beautiful, crisp printing with excellent color and detail. These prints have been stored only and are clean and bright. Backed with paper. Small indent, a couple spots.",1,2024-03-02 15:22:54,4.273
911145,"Mansion Overlooking an Iris Garden, 1860",Toyokuni III/Kunisada (1786 - 1864),,"Nice detail. A few creases at edges and repairs, diagonal fold in right panel.",1,2024-03-02 15:22:54,4.9902
916168,"Horai Palace, 1866",Kunisada II (1823 - 1880),,"Nice detail. A few small repairs, vertical fold at side.",1,2024-03-02 15:22:54,5.0398
910234,"Heating Incense in the Bedroom in Vain, 1852",Toyokuni III/Kunisada (1786 - 1864),,"Nice detail. Horizontal and vertical folds. A few small repairs, light creasing throughout.",1,2024-03-02 15:22:54,4.9902
909767,"Nakamura Fukusuke as Fuku no Tsubone and Nakamura Gantaro as the Puppeteer, 1854",Toyokuni III/Kunisada (1786 - 1864),,Nice detail. Partially backed with paper. Light crease at edge.,1,2024-03-02 15:22:54,4.9902
900936,"Bando Takesaburo I as Nakano Mitsuyoshi, 1854",Toyokuni III/Kunisada (1786 - 1864),,Nice detail. Partially backed with paper. Fold at corner.,1,2024-03-02 15:22:54,4.9902
902414,"Child Playing Fireman, 1892",Kunichika (1835 - 1900),,"Nice color and detail. Vertical centerfold. Thin spot at edge, repaired. A couple creases at edges.",1,2024-03-02 15:22:54,4.9712
902356,"A Child Who Likes Toys, 1892",Kunichika (1835 - 1900),,Nice color and detail. Vertical centerfold. A couple creases at edges.,1,2024-03-02 15:22:54,4.9712
911490,Tsuchiguruma (The Wheelbarrow),Tsukioka Kogyo (1869 - 1927),"Series; Pictures of Noh Plays (Nogaku zue), 1897 - 1902","Beautiful, crisp printing with excellent color and detail. These prints have been stored only and are clean and bright. Backed with paper. Small repair. Some prints have a couple spots.",1,2024-03-02 15:22:54,4.273
913054,"Boy Sumo Wrestler, 1893",Kunichika (1835 - 1900),,"Nice color and detail. Slight separation at ends of vertical centerfold, repaired. A couple creases at edges.",1,2024-03-02 15:22:54,4.9712
900110,"Fish Market Child, 1892",Kunichika (1835 - 1900),,"Nice color and detail. Vertical centerfold. A couple tiny tears at edge, repaired. A couple creases at edges.",1,2024-03-02 15:22:54,4.9712
913085,"Girl Playing Shamisen and Singing, 1892",Kunichika (1835 - 1900),,"Nice color and detail. Slight separation at ends of vertical centerfold, repaired. A couple creases at edges.",1,2024-03-02 15:22:54,4.9712
908976,"Shaving the Head, 1892",Kunichika (1835 - 1900),,"Nice color and detail. Vertical centerfold. Thinning at side, small tear at edge, repaired. A couple creases at edges.",1,2024-03-02 15:22:55,4.9712
913411,"Attack at the Site of the Hundred-foot Cliff, 1895",Kiyochika (1847 - 1915),,"Excellent color and detail. Small repair, very light rippling.",1,2024-03-02 15:22:56,5.1663
915035,"Scene of the Land-based Battery Attack on Weihaiwei, 1895",Kiyochika (1847 - 1915),,"Excellent color and detail. A couple repairs, slight curling at top of center panel.",1,2024-03-02 15:22:56,5.1663
905451,"Battle on the Outskirts of Fengtianfu, 1894",Kokunimasa (1874 - 1944),,Nice color and detail. A few small repairs.,1,2024-03-02 15:22:56,5.4284
912781,"Major General Odera Fighting Bravely at the Hundred Foot Cliff near Weihaiwei, 1895",Kiyochika (1847 - 1915),,Nice color and detail. Light wrinkling throughout.,1,2024-03-02 15:22:56,5.1663
904574,"The Second Army's Fierce Battle at Lushunkou, 1894",Kokunimasa (1874 - 1944),,Nice color and detail. A couple small creases at edges.,1,2024-03-02 15:22:56,5.4284
913972,"Captain Higuchi Takes an Orphan in His Arms during the Hard Fighting, 1895",Kiyochika (1847 - 1915),,"Nice color and detail. Light wrinkling throughout, slight paper remnants at top of center panel.",1,2024-03-02 15:22:56,5.1663
913382,"The Entire Pescadores Island Chain Occupied by the Japanese Forces, 1895",Kiyochika (1847 - 1915),,"Excellent color and detail. Backed with paper. Vertical folds between panels, light horizontal lines where backing papers meet.",1,2024-03-02 15:22:56,5.1663
912747,Chrysanthemum Tanzaku Print,Shin-hanga & Modern artist (unsigned),,Excellent overall with no issues to report.,1,2024-03-02 15:22:56,4.1396
911398,"Temple of Kinugasa, circa 1930s",Shotei (Takahashi Hiroaki) (1871 - 1945),,Excellent color and detail. No issues to report.,1,2024-03-02 15:22:56,4.8451
900970,Evening Snow,Hasui (1883 - 1957),,Excellent color and detail. No issues to report.,1,2024-03-02 15:22:56,5.3538
900818,"Beauty with a Doll, 2005",Okumura Yukimasa (born 1947),Series; Tokyo Beauties of Yanagibashi,Excellent overall with no issues to report.,1,2024-03-02 15:22:56,5.0306
910664,"Child Having a Nightmare, 1892",Kunichika (1835 - 1900),,"Nice color and detail. Vertical centerfold. Thinning at edge, repaired. A couple creases at edges.",1,2024-03-02 15:22:56,4.9712
905616,"Child Eating Rice, 1893",Kunichika (1835 - 1900),,Nice color and detail. Vertical centerfold. A couple creases at edges.,1,2024-03-02 15:22:56,4.9712
911260,Farmer and Scarecrow with View of Mt. Fuji,Meiji era artist (unsigned),,Excellent color and detail. Slight toning.,1,2024-03-02 15:22:56,4.2429
914748,"Our Cavalry Scouting the Battery at Port Arthur from Tucheng, 1894",Nobukazu (1874 - 1944),,Nice color and detail.,1,2024-03-02 15:22:56,5.3052
907408,"Apricot in the Night; Nap; Dance of the Three-legged Kettle Harimaze, 1864",Kyosai (1831 - 1889),Series; Cartoons by Kyosai (Kyosai Manga),"Good color and detail. A couple small repairs, fold at corner.",1,2024-03-02 15:22:57,5.0329
906834,"Scene from Keisei Chigogafuchi, 1817",Ashiyuki (active circa 1813 - 1831),,"Good detail. Partially backed with paper. Small repair, a few creases.",1,2024-03-02 15:22:57,5.051
901442,"Scene from Yoshitsune Senbon Zakura, 1848",Kuniyoshi (1797 - 1861),,"Good detail. A couple small wormholes, repaired.",1,2024-03-02 15:22:57,5.3703
904809,"Bando Shinsui, circa 1840s",Kuniyoshi (1797 - 1861),Series; Index of Favorite Actors Showing Off,"Good detail. A few cuts and holes, repaired. Slight rubbing at edges.",1,2024-03-02 15:22:57,5.3703
901531,"Noblewoman; Noh Performer; Seascape; Balancing Act Harimaze, 1864",Kyosai (1831 - 1889),Series; Cartoons by Kyosai (Kyosai Manga),"Good color and detail. A couple small repairs, fold at corner.",1,2024-03-02 15:22:57,5.0329
900703,"Acrobats; Turtle Poling a Boat; Frog Harimaze, 1864",Kyosai (1831 - 1889),Series; Cartoons by Kyosai (Kyosai Manga),Good color and detail.,1,2024-03-02 15:22:57,5.0329
909268,"Cherry Blossoms; Chinese Man; Calligraphy; Dancers, 1878",Kyosai (1831 - 1889) and Hiroshige III (1843 - 1894),,Good color and detail. Small repair.,1,2024-03-02 15:22:57,4.947
915083,Angry Confrontation and Supernatural Flame,Sadanobu II (1848 - 1940),,Excellent color and nice detail. A few repairs.,1,2024-03-02 15:22:57,4.9112
909250,"Scene from Kagamiyama kokyo no nishiki-e, 1829",Ashiyuki (active circa 1813 - 1831),,"Nice detail and good color. Horizontal centerfold, a few small repairs.",1,2024-03-02 15:22:57,5.051
907864,"Five Komuso, 1859",Toyokuni III/Kunisada (1786 - 1864),,"Nice detail and good color. Backed with paper. Stitching holes at one side of each panel, wormholes, repaired.",1,2024-03-02 15:22:57,4.9902
901920,"Ichinose of Shinagawa-ro and Kobuki of Nakanocho, 1884",Chikanobu (1838 - 1912),Series; Praise for Multicolored Blossoms,Excellent color and nice detail.,1,2024-03-02 15:22:58,5.3508
909316,"Sakyo of the Shinagawa-ro and Kama of Nakanocho, 1883",Chikanobu (1838 - 1912),Series; Praise for Multicolored Blossoms,Excellent color and nice detail.,1,2024-03-02 15:22:58,5.3508
910610,"Night Rain at Yanagihara, 1881",Kiyochika (1847 - 1915),,"Nice color and detail. Vertical folds. A few creases at edges and repairs, paper remnant in top margin.",1,2024-03-02 15:22:58,5.1663
908261,"Scene from Ise Ondo Koi no Netaba, 1855",Toyokuni III/Kunisada (1786 - 1864),,"Good detail. Thinning area, a few holes, repaired. Light curling at sides, staining on beauty's face.",1,2024-03-02 15:22:58,4.9902
915990,"Bow, Arrows, and Target Surimono",Shinsai (1764? - 1820),,Nice detail. Backed with paper. A couple tiny creases at corners.,1,2024-03-02 15:22:58,5.1777
908712,"Hagoromo of Kadoebi-ro and Koiku of Nakanacho, 1884",Chikanobu (1838 - 1912),Series; Praise for Multicolored Blossoms,Excellent color and nice detail.,1,2024-03-02 15:22:58,5.3508
909339,"Scene from Tsukimi no Hare Meiga no Ichijiku, 1962",Kuniaki (active circa 1844 - 1868) ,,"Good detail. Backed with paper. Slight separation at ends of vertical folds between panels, a few wormholes, repaired.",1,2024-03-02 15:22:58,4.9961
910404,"Sakyo of Hikota-ro and Chiya of Nakanomachi, 1883",Chikanobu (1838 - 1912),Series; Praise for Multicolored Blossoms,Excellent color and nice detail.,1,2024-03-02 15:22:58,5.3508
914462,"Ariwara of Shinagawa-ro and Beauty of Nakanocho, 1884",Chikanobu (1838 - 1912),Series; Praise for Multicolored Blossoms,Excellent color and nice detail.,1,2024-03-02 15:22:58,5.3508
901797,"Kocho of Kadoebi-ro and Yoshi of Nakanocho, 1884",Chikanobu (1838 - 1912),Series; Praise for Multicolored Blossoms,Excellent color and nice detail.,1,2024-03-02 15:22:58,5.3508
907310,"Shotaku of Shinagawa-ro and Omatsu of Nakanocho, 1884",Chikanobu (1838 - 1912),Series; Praise for Multicolored Blossoms,Excellent color and nice detail.,1,2024-03-02 15:22:58,5.3508
916131,"Beauties of Kadoebi-ro, 1884",Chikanobu (1838 - 1912),Series; Praise for Multicolored Blossoms,Excellent color and nice detail.,1,2024-03-02 15:22:58,5.3508
912854,"Shiragi of Inagi-ro and Ochiyo of Nakanocho, 1883",Chikanobu (1838 - 1912),Series; Praise for Multicolored Blossoms,Excellent color and nice detail.,1,2024-03-02 15:22:58,5.3508
913316,Arrows and Target Surimono,Shinsai (1764? - 1820),,"Nice detail. Small loss at corner, repaired. A couple lightly indented lines, small crease.",1,2024-03-02 15:22:58,5.1777
901982,"Box, Seal in the Form of a Puppy, and Feather Surimono",Hokkei (1780 - 1850),,Nice detail. A couple small creases at edges.,1,2024-03-02 15:22:58,5.2876
908633,"Sugawara of Daimonji-ro and Oai of Nakanocho, 1884",Chikanobu (1838 - 1912),Series; Praise for Multicolored Blossoms,Excellent color and nice detail.,1,2024-03-02 15:22:58,5.3508
915985,"Scene from Hatsu-momiji Ogura no Shikishi, 1854",Toyokuni III/Kunisada (1786 - 1864),,Nice detail. A few small repairs. Slight curling at sides.,1,2024-03-02 15:22:59,4.9902
903842,"Scene from Itsumadegusa Ukina no Kaeuta, 1854",Toyokuni III/Kunisada (1786 - 1864),,"Nice detail. Backed with paper. Stitching holes at one side of each panel, repaired.",1,2024-03-02 15:22:59,4.9902
904056,"Scene from Kaikei tenga-jaya mura, 1854",Toyokuni III/Kunisada (1786 - 1864),,"Nice detail. Backed with paper. Stitching holes at one side of each panel, repaired.",1,2024-03-02 15:22:59,4.9902
909784,"Three People Drinking at the Beginning of Spring, 1847",Kuniyoshi (1797 - 1861),,"Nice detail. A few wormholes, repaired. A couple light creases at edges.",1,2024-03-02 15:22:59,5.3703
910639,Winter: From Yakushiji,Masao Ido (1945 - 2016),"Series; Series; Four Seasons of Yamato, 2003",Excellent color and detail. Faint toning and spotting in margins.,1,2024-03-02 15:22:59,5.1949
903982,"Green Wind, 2002",Seiji Sano (born 1959),,Excellent color and detail. A couple faint spots in margins. Otherwise excellent condition.,1,2024-03-02 15:22:59,5.5356
910088,A Shop: Woman of the Kosho Era (1455 -1457),Toshikata (1866 - 1908),"Series; Thirty-six Selected Beauties, 1891 - 1894 (Sanjuroku Kasen)",Nice color and detail. Backed with paper. Faint offsetting.,1,2024-03-02 15:22:59,4.6882
904415,"Thousand-armed Kannon Game, 1896",Miyagawa Shuntei (1873 - 1914),Series; Children's Manners and Customs (Kodomo fuzoku),"Nice color and detail. Horizontal folds. Loss at corner, repaired. Creasing throughout.",1,2024-03-02 15:22:59,4.5671
905159,Beauty with an Umbrella in the Snow Kakemono,Eisen (1790 - 1848),,Good detail. A few small repairs and light creases.,1,2024-03-02 15:22:59,5.4133
900392,"Scene from Chujo Hime Taima Engi, 1884",Kunichika (1835 - 1900),,Good color and detail. Vertical folds between panels. A few small repairs and creases.,1,2024-03-02 15:22:59,4.9712
912236,"Bando Hikosaburo V as Shinsui, 1862",Toyokuni III/Kunisada (1786 - 1864),From an untitled series of actors with poems,Good detail. A few repairs.,1,2024-03-02 15:22:59,4.9902
908891,Landscape with Chrysanthemums,Shin-hanga & Modern artist (unsigned),,Excellent color and detail. No issues to report.,1,2024-03-02 15:22:59,4.1396
907631,"Bando Hikosaburo V as Ono Sadakuro, 1861",Toyokuni III/Kunisada (1786 - 1864),"Series; Contemporary Portraits of Actors with Their Own Handwriting, 1861",Good detail. Small repair.,1,2024-03-02 15:22:59,4.9902
915874,"Scene from Kotoba no Hana Momiji no Yozakari, 1849",Kuniyoshi (1797 - 1861),,"Nice detail. Backed with paper. A few small repairs, curling, light rippling near shoulder.",1,2024-03-02 15:22:59,5.3703
900973,"Miracle of Masterpieces by Ukiyo Matabei, 1853",Kuniyoshi (1797 - 1861),,Good detail. A few small repairs.,1,2024-03-02 15:22:59,5.3703
902592,"Lady Ukon, Poet No. 38",Kuniyoshi (1797 - 1861),"Series; Comparison of the Ogura One Hundred Poets, One Poem Each, circa 1847",Nice detail. A couple small repairs.,1,2024-03-02 15:22:59,5.3703
909147,"Metal, 1852",Kuniyoshi (1797 - 1861),Series; Select Five Elements,Nice detail. A few small repairs. A few vertical wrinkles.,1,2024-03-02 15:22:59,5.3703
916081,"Beauty Unrolling a Scroll, 1849 - 1853",Kuniyoshi (1797 - 1861),,"Nice detail. Thinning at edges, a few holes, repaired. A few light creases.",1,2024-03-02 15:22:59,5.3703
904813,"Scene from Fujimi Saigyo, 1849",Kuniyoshi (1797 - 1861),,"Nice detail. Stitching holes at one side of each panel, a few small holes, repaired. A few light creases at edges.",1,2024-03-02 15:22:59,5.3703
907958,"Kumasaka Chohan Fighting Ushiwakamaru at an Inn, 1847 - 1850",Kuniyoshi (1797 - 1861),,"Nice detail. Stitching holes at one side of each panel, a few wormholes, repaired. A couple light creases at edges.",1,2024-03-02 15:22:59,5.3703
909953,"Kataoka Gato II as Kato Masakiyo in the Play Hachijin shugo no Honjo, 1861",Toyokuni III/Kunisada (1786 - 1864),"Series; Contemporary Portraits of Actors with Their Own Handwriting, 1861",Nice detail. A few repairs.,1,2024-03-02 15:22:59,4.9902
908722,"Scene from Sugawara denju tenarai kagami, 1850",Kuniyoshi (1797 - 1861),,"Nice detail. Horizontal and vertical centerfolds. A couple losses at corners and wormholes, repaired.",1,2024-03-02 15:22:59,5.3703
903780,Beauty Holding a Lantern Kakemono,Eizan (1787 - 1867),,"Good detail. Backed with paper. Wormholes, repaired. Horizontal folds, slight rubbing.",1,2024-03-02 15:23:00,5.4046
903724,Summer: Nigatsudo,Masao Ido (1945 - 2016),"Series; Series; Four Seasons of Yamato, 2003",Excellent color and detail. No issues to report.,1,2024-03-02 15:23:00,5.1949
914739,Autumn: Kofukuji,Masao Ido (1945 - 2016),"Series; Series; Four Seasons of Yamato, 2003",Excellent color and detail. Faint toning.,1,2024-03-02 15:23:00,5.1949
907460,The Syllable Ma for Masakado: Iwai Kumesaburo III as Takiyasha-hime and Nakamura Fukusuke I as Otaku Taro,Toyokuni III/Kunisada (1786 - 1864),"Series; The Seven Variations of the Iroha, 1856","Good detail. Stitching holes at side, a couple wormholes, repaired.",1,2024-03-02 15:23:00,4.9902
913632,The Syllable Ko for the Play Kokusenya: Ichikawa Ebizo V as Kanki and Ichikawa Danjuro VIII as Watonai,Toyokuni III/Kunisada (1786 - 1864),"Series; The Seven Variations of the Iroha, 1856","Good detail. A few wormholes, repaired.",1,2024-03-02 15:23:00,4.9902
907441,The Syllable Ri for the Carp Scroll (Rigyo no ichijiku): Onoe Kikugoro III as Kizugawa Yoemon,Toyokuni III/Kunisada (1786 - 1864),"Series; The Seven Variations of the Iroha, 1856",Good detail. Horizontal centerfold. A few small repairs.,1,2024-03-02 15:23:00,4.9902
915089,The Syllable I for the Battle of Ichi-no-Tani: Ichikawa Ebizo V as Kumagai and Kawarazaki Gonjuro I as Atsumori,Toyokuni III/Kunisada (1786 - 1864),"Series; The Seven Variations of the Iroha, 1856","Good detail. Stitching holes at side, a couple wormholes, repaired.",1,2024-03-02 15:23:00,4.9902
915221,The Syllable Wa for Ferry Landing (Watashiba): Iwai Kumesaburo III as Seigen-ni and Ichikawa Kodanji IV as Sarushima Sota,Toyokuni III/Kunisada (1786 - 1864),"Series; The Seven Variations of the Iroha, 1856","Good color and detail. Stitching holes at side, a few wormholes, repaired.",1,2024-03-02 15:23:00,4.9902
914642,The Syllable Hi for Shank's Mare (Hizakurige): Nakamura Aizo I as Yajirobei and Nakamura Tsuruzo I as Kitahachi,Toyokuni III/Kunisada (1786 - 1864),"Series; The Seven Variations of the Iroha, 1856","Good detail and color. Stitching holes at side, repaired.",1,2024-03-02 15:23:00,4.9902
912602,"Drastic Price Reduction Moved to Clearance, Act Fast!",Hiromitsu Nakazawa (1874 - 1964),"Series; A Great Collection of Japan (Nihon taikan), 1922",Nice color and detail. Some prints have a few spots.,1,2024-03-02 15:23:00,4.2245
907158,Playing the Koto: Nagoya Woman of the Koka Era (1844 - 1848),Toshikata (1866 - 1908),"Series; Thirty-six Selected Beauties, 1891 - 1894 (Sanjuroku Kasen)",Good color and detail. Backed with paper. Small repair.,1,2024-03-03 15:07:30,4.6882
904310,Handpuppet Made from a Bucket: Woman of the Enpo Era (1673 -1681),Toshikata (1866 - 1908),"Series; Thirty-six Selected Beauties, 1891 - 1894 (Sanjuroku Kasen)",Good color and detail. Backed with paper.,1,2024-03-03 15:07:30,4.6882
900882,Cherry Blossom Viewing: Women of the Bunsei Era (1818 - 1830),Toshikata (1866 - 1908),"Series; Thirty-six Selected Beauties, 1891 - 1894 (Sanjuroku Kasen)",Good color and detail. Backed with paper. Small repair. Light vertical line near center where backing papers meet.,1,2024-03-03 15:07:30,4.6882
905076,Catching Fireflies: Woman of the Tenmei Era (1781 - 1789),Toshikata (1866 - 1908),"Series; Thirty-six Selected Beauties, 1891 - 1894 (Sanjuroku Kasen)","Good color and detail. Backed with paper. Small repair, light fold at corner.",1,2024-03-03 15:07:30,4.6882
902522,After the Bath: Woman of the Kansei Era (1789 - 1801),Toshikata (1866 - 1908),"Series; Thirty-six Selected Beauties, 1891 - 1894 (Sanjuroku Kasen)",Good color and detail. Backed with paper.,1,2024-03-03 15:07:31,4.6882
910602,House of Pleasure: Woman of the Meiwa Era (1764 - 1772),Toshikata (1866 - 1908),"Series; Thirty-six Selected Beauties, 1891 - 1894 (Sanjuroku Kasen)",Good color and detail. Backed with paper.,1,2024-03-03 15:07:31,4.6882
912327,"Loyal Maid Ohatsu, 1857",Toyokuni III/Kunisada (1786 - 1864),,"Good detail. Small repair, light creasing throughout.",1,2024-03-03 15:07:32,4.9902
913666,On the Road: Woman of the Genko Era (1331 - 1334),Toshikata (1866 - 1908),"Series; Thirty-six Selected Beauties, 1891 - 1894 (Sanjuroku Kasen)",Good color and detail. Backed with paper.,1,2024-03-03 15:07:32,4.6882
912788,Shelter from the Rain: Woman of the Tenna Era (1681 - 1684),Toshikata (1866 - 1908),"Series; Thirty-six Selected Beauties, 1891 - 1894 (Sanjuroku Kasen)",Good color and detail. Backed with paper. Small repair.,1,2024-03-03 15:07:32,4.6882
901042,"Attacking a Beauty, 1864",Kunichika (1835 - 1900),,A clean print with nice detail. A couple light creases at edges.,1,2024-03-03 15:07:32,4.9712
910485,"Actors as the Seven Lucky Gods, circa 1850",Toyokuni III/Kunisada (1786 - 1864),,"Good detail. Repairs, wrinkling throughout.",1,2024-03-03 15:07:32,4.9902
909072,"Stranded in the Ocean, 1865",Kunisada II (1823 - 1880),,"Good detail. Small repair, a couple light creases, light diagonal fold in left panel.",1,2024-03-03 15:07:32,5.0398
901810,"Princess Takiyasha, 1859",Toyokuni III/Kunisada (1786 - 1864),,A clean print with nice detail. A couple light creases.,1,2024-03-03 15:07:32,4.9902
915965,"Scene from Hana ichiza hatsune no tabi, 1856",Toyokuni III/Kunisada (1786 - 1864),,"Nice detail. A few small repairs, a couple light creases.",1,2024-03-03 15:07:32,4.9902
900389,"Battling over a Helmet, 1861",Toyokuni III/Kunisada (1786 - 1864),,Nice detail. A couple small repairs and light creases.,1,2024-03-03 15:07:32,4.9902
908139,"Heroes Together at the Tori-no-machi Festival: Nakamura Fukusuke I and Kawarazaki Gonjuro I, 1859",Toyokuni III/Kunisada (1786 - 1864),,"Nice detail. Vertical centerfolds, light diagonal crease in left panel. A few small repairs.",1,2024-03-03 15:07:32,4.9902
902087,"Kawarazaki Gonjuro I in Three Roles, 1859",Toyokuni III/Kunisada (1786 - 1864),,"Nice detail. Vertical fold near side, a few creases",1,2024-03-03 15:07:32,4.9902
900620,"Nakamura Fukusuke I in Three Roles, 1859",Toyokuni III/Kunisada (1786 - 1864),,"Nice detail. Vertical fold near side, a few creases",1,2024-03-03 15:07:32,4.9902
907501,"Shimizu no Kanja Yoshitaka, 1856",Toyokuni III/Kunisada (1786 - 1864),,"Nice detail. Backed with paper. Stitching holes at side, repaired. Slight curling at sides.",1,2024-03-03 15:07:32,4.9902
911341,Courtesan: Woman of the Genna Era (1615 - 1624),Toshikata (1866 - 1908),"Series; Thirty-six Selected Beauties, 1891 - 1894 (Sanjuroku Kasen)",Good color and detail. Backed with paper.,1,2024-03-03 15:07:32,4.6882
908868,First Call of the Warbler: Women of the Manji Era (1658 - 1661),Toshikata (1866 - 1908),"Series; Thirty-six Selected Beauties, 1891 - 1894 (Sanjuroku Kasen)",Good color and detail. Backed with paper. Vertical fold at side.,1,2024-03-03 15:07:32,4.6882
908614,Teahouse with Rainhats: Woman of the Kan'ei Era (1624 - 1644),Toshikata (1866 - 1908),"Series; Thirty-six Selected Beauties, 1891 - 1894 (Sanjuroku Kasen)",Good color and detail. Backed with paper. Vertical fold at side.,1,2024-03-03 15:07:32,4.6882
912107,"Scene from Hana Ani Tsubomi no Yatsufusa, 1852",Hirosada (active circa 1847 - 1863),A Fuji Arts Special Offer Auction,"Good detail. Backed with paper. Vertical centerfold. A few wormholes, repaired.",1,2024-03-03 15:07:33,4.9013
905232,"Magician Iga Jutaro, 1859",Toyokuni III/Kunisada (1786 - 1864),,"Good detail. A couple repairs, light wrinkling.",1,2024-03-03 15:07:33,4.9902
910565,Samurai Fighting in Front of a Gate,Yoshitaki (1841 - 1899),A Fuji Arts Special Offer Auction,Good detail. Vertical folds. A few repairs.,1,2024-03-03 15:07:33,4.4202
907763,"Scene from Sugawara Denju Tenerai Kagami, 1851",Hirosada (active circa 1847 - 1863),A Fuji Arts Special Offer Auction,Nice detail. Backed with paper. Vertical centerfold. A few small repairs.,1,2024-03-03 15:07:33,4.9013
903359,Lion Dancers ,Yoshitaki (1841 - 1899),A Fuji Arts Special Offer Auction,Good detail. A few repairs and creases.,1,2024-03-03 15:07:33,4.4202
911917,Jitsukawa Enzaburo as Sasahara Samonnnosuke and Kataoka Gado as the Ghost of Sasahara Hayato,Hirosada (active circa 1847 - 1863),A Fuji Arts Special Offer Auction,"Good detail. Backed with paper. A few small repairs, slight rippling.",1,2024-03-03 15:07:34,4.9013
905997,Women Practicing Martial Arts,Yoshitaki (1841 - 1899),A Fuji Arts Special Offer Auction,Good color and detail. A few small repairs. A couple light creases at edge.,1,2024-03-03 15:07:34,4.4202
914318,"Scene from Kameyama monogatari, Volume 5, 1871",Meiji era artist (unsigned),A Fuji Arts Special Offer Auction,"Good detail. A few repairs, light wrinkling.",1,2024-03-03 15:07:34,4.2429
910689,Year of the Boar: Nakamura Utaemon IV as Ono Sadakuro,Hirosada (active circa 1847 - 1863),"Series; Loyalty and Fidelity for the Twelve Signs of the Zodiac, 1849A Fuji Arts Special Offer Auction","Nice detail. Horizontal centerfold, small fold at corner. A couple creases, small rubbed spot.",1,2024-03-03 15:07:34,4.9013
903394,Onoe Taganojo as Okiku and Arashi Rikan as Yoshimura Arataro,Yoshitaki (1841 - 1899),A Fuji Arts Special Offer Auction,With excellent color and detail. Two attached panels. Backed with paper. Vertical fold at center. Please see photos for details.,1,2024-03-03 15:07:34,4.4202
904017,Eavesdropping on a Courtesan and Her Companion,Yoshitaki (1841 - 1899),A Fuji Arts Special Offer Auction,"This print with good detail as shown. Two attached panels, backed with paper. Vertical fold between panels. Small repair, a couple creases at edges and small marks. Please see photos for details.",1,2024-03-03 15:07:34,4.4202
906071,Taira no Kiyomori Gesturing to the Sun to Stand Still,Hirosada (active circa 1847 - 1863),A Fuji Arts Special Offer Auction,Nice detail. Backed with heavy paper. Vertical folds between panels. Small loss at edge.,1,2024-03-03 15:07:34,4.9013
902035,"River of Drift Ice, 2001",Masaya Watabe (born 1931),,Excellent color and detail. No issues to report.,1,2024-03-03 15:07:35,4.3513
902684,A Clearance Opportunity! Meiji or Edo era Original,Kunichika (1835 - 1900),,This print with nice color and detail as shown. Some soiling and staining.,1,2024-03-03 15:07:35,4.9712
905704,Fine Old Reprint Clearance! A Fuji Arts Value,Hiroshige (1797 - 1858),,This print with good color and detail as shown. Staining and wrinkling along edges. Please see photos for details.,0,2024-03-03 15:07:35,4.6198
912982,A Clearance Opportunity! Meiji or Edo era Original,Kunichika (1835 - 1900),,This print with nice color and detail as shown. Some soiling. Losses and wrinkling.,1,2024-03-03 15:07:35,4.9712
908162,Fine Old Reprint Clearance! A Fuji Arts Value,Harunobu (1724 - 1770),,This print with good color and detail as shown. Brown spotting on bottom half. Paper remnants at right edge. Please see photos for details.,0,2024-03-03 15:07:35,4.9678
914302,Fine Old Reprint Clearance! A Fuji Arts Value,Utamaro (1750 - 1806),,This print with good color and detail as shown. Spotting at right edge. Please see photos for details.,0,2024-03-03 15:07:35,4.0166
914897,A Clearance Opportunity! Meiji or Edo era Original,Meiji era artist (unsigned),,This print with nice color and detail as shown. Some soiling.,1,2024-03-03 15:07:35,4.2429
907204,"Distant View of  Fuji, 2001",Koichi Maeda (born 1936),,Excellent color and detail. Light horizontal fold near top.,1,2024-03-03 15:07:36,4.4043
908831,"Red Mittens, 2000",Shuzo Ikeda (1922 - 2004),,Excellent color and detail. Light crease at edge.,1,2024-03-03 15:07:36,4.3139
904251,"Sunny in May, 2000",Yoshisuke Funasaka (born 1939),,Excellent color and detail. No issues to report.,1,2024-03-03 15:07:36,4.1069
900383,"Cosmos, 2000",Shuzo Ikeda (1922 - 2004),,Excellent color and detail. Light fold at corner.,1,2024-03-03 15:07:36,4.3139
909497,"Ginkgo, 2000",Yoshisuke Funasaka (born 1939),,Excellent color and detail. A couple light crease at edges.,1,2024-03-03 15:07:36,4.1069
902729,"Watermelon, 2000",Takao Sano (born 1941),,Excellent color and detail. Light fold at corner.,1,2024-03-03 15:07:36,4.1925
915378,"Scenery of Rice Terraces, 2000",Koichi Maeda (born 1936),,Excellent color and detail. A couple creases at edge.,1,2024-03-03 15:07:37,4.4043
910012,"To the Sea of Coral Reefs, 2000",Mitsuhiro Unno (1939 - 1979),,Excellent color and detail. No issues to report.,1,2024-03-03 15:07:37,4.408
906218,"Ginza 6-chome, 2000",Takao Sano (born 1941),,Excellent color and detail. No issues to report.,1,2024-03-03 15:07:37,4.1925
912975,"January Sunrise, 2000",Masaya Watabe (born 1931),,Excellent color and detail. No issues to report.,1,2024-03-03 15:07:37,4.3513
908606,"Autumn Leaves, 2000",Fumio Fujita (born 1933),,Excellent color and detail. Light crease at edge.,1,2024-03-03 15:07:37,4.1778
903233,Maiko at the Silver Pavilion in Winter,Shin-hanga & Modern artist (not read),,Nice color and detail. Some prints have slight toning or a few creases.,1,2024-03-03 15:07:38,4.0626
906859,Akasaka: Bando Mitsuemon I as Sawai Sukebei,Toyokuni III/Kunisada (1786 - 1864),"Series; The Fifty-three Stations of the Tokaido, 1852","Nice detail. Stitching holes at side, repaired. A couple light creases at edges.",1,2024-03-03 15:07:38,4.9902
903709,Shimada: Ichikawa Danjuro VIII as Miyagi Asojiro,Toyokuni III/Kunisada (1786 - 1864),"Series; The Fifty-three Stations of the Tokaido, 1852","Nice detail. A few holes, thinning at edge, repaired. Slight rubbing at edge.",1,2024-03-03 15:07:39,4.9902
915901,Fujieda: Bando Mitsugoro III as Kumagai Naozane,Toyokuni III/Kunisada (1786 - 1864),"Series; The Fifty-three Stations of the Tokaido, 1852","Good detail. A few wormholes, repaired. A few creases at edges.",1,2024-03-03 15:07:39,4.9902
909338,Fukuroi: Arashi Rikan III as Tadanobu,Toyokuni III/Kunisada (1786 - 1864),"Series; The Fifty-three Stations of the Tokaido, 1852","Good detail. A few wormholes and small holes, repaired. A few light creases at edges.",1,2024-03-03 15:07:39,4.9902
914532,"Miotsukushi, Chapter 14",Toyokuni III/Kunisada (1786 - 1864),Series; Fifty-four Chapters of The Tale of Genji,"Excellent color and good detail. Backed with somewhat stiff paper. Thinning at edge, repaired.",1,2024-03-03 15:07:40,4.9902
902906,"Otome, Chapter 21",Toyokuni III/Kunisada (1786 - 1864),Series; Fifty-four Chapters of The Tale of Genji,Excellent color and good detail. Backed with somewhat stiff paper. Some prints have a couple small spots.,1,2024-03-03 15:07:40,4.9902
908683,"Hatsune, Chapter 23",Toyokuni III/Kunisada (1786 - 1864),Series; Fifty-four Chapters of The Tale of Genji,Excellent color and good detail. Backed with somewhat stiff paper. Some prints have a couple small spots.,1,2024-03-03 15:07:40,4.9902
902358,"Hotaru, Chapter 25",Toyokuni III/Kunisada (1786 - 1864),Series; Fifty-four Chapters of The Tale of Genji,Excellent color and good detail. Backed with somewhat stiff paper. Some prints have a couple small spots.,1,2024-03-03 15:07:40,4.9902
906333,"Kagaribi, Chapter 27",Toyokuni III/Kunisada (1786 - 1864),Series; Fifty-four Chapters of The Tale of Genji,Excellent color and good detail. Backed with somewhat stiff paper. Some prints have a couple small spots.,1,2024-03-03 15:07:40,4.9902
904531,"Hana-no-en, Chapter 8",Toyokuni III/Kunisada (1786 - 1864),Series; Fifty-four Chapters of The Tale of Genji,Excellent color and good detail. Backed with somewhat stiff paper. Slight rippling at top edge.,1,2024-03-03 15:07:40,4.9902
900540,"The Hour of the Horse, Ninth Hour of Day, circa 1818 - 1824",Toyokuni III/Kunisada (1786 - 1864),Series; Twelve Hours of a Modern Clock,"Good detail. Stitching holes at side, a few wormholes, repaired. Light creasing throughout.",1,2024-03-03 15:07:40,4.9902
910666,Courtesan with a Butterfly Kimono Kakemono,Eizan (1787 - 1867),,Good detail. A few repairs and creases.,1,2024-03-03 15:07:40,5.4046
914846,Beauty Returning from a Bath,Eizan (1787 - 1867),,Good detail. Vertical fold in top panel. A few small repairs and creases.,1,2024-03-03 15:07:40,5.4046
914876,"Tamakazura, Chapter 22",Toyokuni III/Kunisada (1786 - 1864),Series; Fifty-four Chapters of The Tale of Genji,Excellent color and good detail. Backed with somewhat stiff paper. Some prints have a couple small spots.,1,2024-03-03 15:07:40,4.9902
900837,"Yume-no-ukihashi, Chapter 54",Toyokuni III/Kunisada (1786 - 1864),Series; Fifty-four Chapters of The Tale of Genji,Excellent color and good detail. Backed with somewhat stiff paper. Some prints have a couple small spots.,1,2024-03-03 15:07:40,4.9902
915439,"Fujibakama, Chapter 30",Toyokuni III/Kunisada (1786 - 1864),Series; Fifty-four Chapters of The Tale of Genji,Excellent color and good detail. Backed with somewhat stiff paper. Some prints have a couple small spots.,1,2024-03-03 15:07:40,4.9902
913978,"Maboroshi, Chapter 41",Toyokuni III/Kunisada (1786 - 1864),Series; Fifty-four Chapters of The Tale of Genji,Excellent color and good detail. Backed with somewhat stiff paper. Light ripple near bottom edge.,1,2024-03-03 15:07:40,4.9902
904453,"Tenerai, Chapter 53",Toyokuni III/Kunisada (1786 - 1864),Series; Fifty-four Chapters of The Tale of Genji,Excellent color and good detail. Backed with somewhat stiff paper. Some prints have a couple small spots.,1,2024-03-03 15:07:40,4.9902
908564,"Fly! Over Hokusai (VI), 1995",Seiko Kawachi (born 1948),,Excellent color and detail as shown. No issues to report.,1,2024-03-03 15:07:40,4.9143
901425,"Fly! Over Hokusai (V), 1995",Seiko Kawachi (born 1948),,Excellent color and detail as shown. No issues to report.,1,2024-03-03 15:07:40,4.9143
902429,Kawasaki: Iwai Hanshiro V as Shirai Gonpachi,Toyokuni III/Kunisada (1786 - 1864),"Series; The Fifty-three Stations of the Tokaido, 1852","Good detail. A few wormholes, repaired. Slight wrinkling at sides.",1,2024-03-03 15:07:40,4.9902
905320,Yokkaichi: Iwai Hanshiro VI as Gaku no Osan,Toyokuni III/Kunisada (1786 - 1864),"Series; The Fifty-three Stations of the Tokaido, 1852",Good detail. A few repairs at edges.,1,2024-03-03 15:07:40,4.9902
909521,Nihonbashi: Bando Mitsugoro III as a Fishmonger,Toyokuni III/Kunisada (1786 - 1864),"Series; The Fifty-three Stations of the Tokaido, 1852",Good detail. A few repairs.,1,2024-03-03 15:07:40,4.9902
902993,Nihonbashi: Ichikawa Danjuro VIII as a Water Vendor,Toyokuni III/Kunisada (1786 - 1864),"Series; The Fifty-three Stations of the Tokaido, 1852","Good detail. A couple light creases, a few small repairs at edge.",1,2024-03-03 15:07:40,4.9902
901070,"Usugumo, Chapter 19",Toyokuni III/Kunisada (1786 - 1864),Series; Fifty-four Chapters of The Tale of Genji,Excellent color and good detail. Backed with somewhat stiff paper. Some prints have a couple small spots.,1,2024-03-03 15:07:40,4.9902
905231,Kameyama: Matsumoto Koshiro V as Fujikawa Mizuemon,Toyokuni III/Kunisada (1786 - 1864),"Series; The Fifty-three Stations of the Tokaido, 1852",Nice color and detail. Small repair.,1,2024-03-03 15:07:40,4.9902
908465,Otsu: Iwai Kumesaburo III as Matahei's Wife Otoku,Toyokuni III/Kunisada (1786 - 1864),"Series; The Fifty-three Stations of the Tokaido, 1852","Nice detail. Stitching holes at side, repaired. A couple light creases.",1,2024-03-03 15:07:40,4.9902
916114,Yokkaichi: Otani Tomoemon IV as Washizuka Daihachi,Toyokuni III/Kunisada (1786 - 1864),"Series; The Fifty-three Stations of the Tokaido, 1852","Nice detail. Backed with paper. A few small repairs, light horizontal line where backing papers meet.",1,2024-03-03 15:07:40,4.9902
909760,Courtesan in a Rooster Kimono Kakemono,Toyokuni III/Kunisada (1786 - 1864) ,,Good detail. A few repairs.,1,2024-03-03 15:07:41,4.9221
906236,Kato Kiyomasa Hunting Tigers,Kokunimasa (1874 - 1944),,"Nice color and detail. Small loss and a few small tears at edges, tears along right side of right panel, repaired.",1,2024-03-03 15:07:41,5.4284
904844,Samurai in Battle,Meiji era artist (unsigned),,Nice color and detail. One panel backed with paper. A couple vertical wrinkles.,1,2024-03-03 15:07:42,4.2429
902815,"Scene from Soga Moyo Kameyama-zome, 1855",Toyokuni III/Kunisada (1786 - 1864),,"Good detail. Small repairs, creasing throughout.",1,2024-03-03 15:07:43,4.9902
900401,"Scene from Hana butai banjaku Soga, 1855",Toyokuni III/Kunisada (1786 - 1864),,Good detail. A few creases at edges.,1,2024-03-03 15:07:43,4.9902
908961,"Beauty Holding a Sandal, 1866",Yoshiiku (1833 - 1904),,Good color and detail.,1,2024-03-03 15:07:43,5.0906
906700,"Chion-in Temple, 1955",Tasaburo Takahashi (1904 - 1977),"Series; Famous Places in Kyoto, 1955","This print with excellent color and detail as shown. Slight toning, small wrinkle. Most prints have a few spots or stains. Please see photos for details.",1,2024-03-03 15:07:43,4.1312
915003,"The 47 Ronin, Act 9: Yuranosuke's Country Retreat in Yamashina",Meiji era artist (not read),,"Nice color and good detail. A few wormholes, repaired.",1,2024-03-03 15:07:43,4.2802
911292,"Drastic Price Reduction Moved to Clearance, Act Fast!",Yoshitora  (active circa 1836 - 1887),"Series; Tea Ceremony Utensils, a Kyoka Collection, 1855",Good detail. Backed with paper. Small repair.,1,2024-03-03 15:07:43,4.4326
912613,"Drastic Price Reduction Moved to Clearance, Act Fast!",Yoshitora  (active circa 1836 - 1887),"Series; Tea Ceremony Utensils, a Kyoka Collection, 1855",Good detail. Backed with paper. Small repair.,1,2024-03-03 15:07:43,4.4326
900552,Pagoda in Winter,Shin-hanga & Modern artist (not read),,This print with excellent color and detail as shown. Please see photos for details.,1,2024-03-03 15:07:43,4.0626
913515,"New Play at the Meiji Theater: Toyama Zakura Tenpo Nikki, 1893",Kunichika (1835 - 1900),,Nice color and detail. Backed with paper.,1,2024-03-03 15:07:43,4.9712
913755,"Mikawa, Snow at Okazaki, Kofuyu and Ishikawa Goemon, No. 11",Chikanobu (1838 - 1912),"Series; Snow, Moon, Flowers",Nice color and good detail. A few repairs and light creases.,1,2024-03-03 15:07:43,5.3508
901993,The Kan'ei to Shoho Era,Kiyochika (1847 - 1915),"Series; Flower Patterns, 1896","Excellent detail. Loss at edge, a couple tears at edge, repaired. A few light creases, including on beauty's face.",1,2024-03-03 15:07:43,5.1663
913495,"Oshu, Moon over Mano Village, Customary Silk Fulling, Princess Nadeshiko and Tsuchikuro, No. 34",Chikanobu (1838 - 1912),"Series; Snow, Moon, Flowers",Nice color and good detail. Backed with paper.,1,2024-03-03 15:07:43,5.3508
913717,Sumo Wrestler Ayasegawa Sanzaemon,Kuniteru II (1829 - 1874),,Good color and detail. Small repair.,1,2024-03-03 15:07:43,4.9899
907970,"Sumo Wrestler Koyanagi Tsunekichi, 1867",Kuniteru II (1829 - 1874),,Good color and detail. A few light creases at edges and small repairs.,1,2024-03-03 15:07:43,4.9899
904349,Sumo Wrestler Umegatani Totaro,Kuniaki II (1835 - 1888),,Good color and detail. A few small repairs.,1,2024-03-03 15:07:43,5.1666
908880,Sumo Wrestler Shiramayumi Hidaemon,Toyokuni III/Kunisada (1786 - 1864),,Good detail. A few creases at edges and repairs.,1,2024-03-03 15:07:43,4.9902
910688,Parody of the Three Famous Courtesans,Kuniteru II (1829 - 1874),,"Nice color and good detail. Small losses at corners, a few holes, repaired.",1,2024-03-03 15:07:43,4.9899
902250,"Attacking a Tattooed Man, 1893",Kunichika (1835 - 1900),,"Nice detail and good color. A few repairs at edges, offsetting, spot on beauty's face, tape on back at edges.",1,2024-03-03 15:07:43,4.9712
907767,Two-panel Kabuki Paper Model Set,Meiji era artist (unsigned),,Good color and detail. A couple folds at corners and small repairs.,1,2024-03-03 15:07:43,4.2429
903537,Imperial Procession at Ueno,Chikanobu (1838 - 1912),Series; Chiyoda Outer Palace (Chiyoda no on-omote),"Nice color and detail. Backed with paper. A few small losses, repaired.",1,2024-03-03 15:07:43,5.3508
913874,Sumo Wrestler Zogahana Heisuke ,Kuniteru II (1829 - 1874),,Good color and detail. A couple small repairs.,1,2024-03-03 15:07:43,4.9899
911227,"Drastic Price Reduction Moved to Clearance, Act Fast!",Edo era artist (not read),,"This print with nice color and detail as shown. Rubbing, staining, and holes throughout. Please see photos for details.",1,2024-03-03 15:07:44,4.0073
900126,"Drastic Price Reduction Moved to Clearance, Act Fast!",Toyokuni III/Kunisada (1786 - 1864),,This print with nice detail as shown. Light rubbing and staining throughout. Please see photos for details.,1,2024-03-03 15:07:44,4.9902
913297,"Drastic Price Reduction Moved to Clearance, Act Fast!",Toyokuni III/Kunisada (1786 - 1864),,"This print with nice color and detail as shown. Wrinkling, rubbing, and staining throughout. Holes along edges. Please see photos for details.",1,2024-03-03 15:07:44,4.9902
907173,"Drastic Price Reduction Moved to Clearance, Act Fast!",Kuniyoshi (1797 - 1861),,"This print with nice detail as shown. Substantial rubbing, staining, and creases throughout. Losses along top edge. Please see photos for details.",1,2024-03-03 15:07:44,5.3703
915943,"Drastic Price Reduction Moved to Clearance, Act Fast!",Yoshisuke Funasaka (born 1939),,Excellent color and detail. A couple tiny spots in margins.,1,2024-03-03 15:07:44,4.1069
912873,"Drastic Price Reduction Moved to Clearance, Act Fast!",Toyokuni III/Kunisada (1786 - 1864) and Hiroshige,,This print with nice color and detail as shown. Holes throughout. Backed with thin paper. Please see photos for details.,1,2024-03-03 15:07:44,4.7959
901794,"Drastic Price Reduction Moved to Clearance, Act Fast!",Fumio Fujita (born 1933),,Excellent color and detail. No issues to report.,1,2024-03-03 15:07:45,4.1778
900645,"Drastic Price Reduction Moved to Clearance, Act Fast!",Koichi Maeda (born 1936),,Excellent color and detail. A few tiny spots in margins.,1,2024-03-03 15:07:45,4.4043
908975,"Drastic Price Reduction Moved to Clearance, Act Fast!",Shigemasa (1739 - 1820),,This print with nice color and detail as shown. Light brown spotting throughout. Please see photos for details.,0,2024-03-03 15:07:45,4.7983
908308,"Drastic Price Reduction Moved to Clearance, Act Fast!",Utamaro (1750 - 1806),,This print with nice detail as shown. Small loss near bottom center. Please see photos for details.,0,2024-03-03 15:07:45,4.0166
908152,"Beauty Tying an Obi Kakemono, 1844 - 1845",Toyokuni III/Kunisada (1786 - 1864) ,Series; Fabrics to Order in Current Taste,"Good detail. A few small repairs and small spots, light creasing.",1,2024-03-04 15:33:55,4.9221
901784,Kawarazaki Gonjuro I as Settonaoshi Misuji no Denkichi,Kunichika (1835 - 1900),"Series; First Performance of the Year in the Misty Spring of Plum Blossoms, 1862","Nice detail. A few small repairs, creasing throughout.",1,2024-03-04 15:33:55,4.9712
906223,Sawamura Tanosuke III as the Geisha Oben of Biwakoji,Kunichika (1835 - 1900),"Series; First Performance of the Year in the Misty Spring of Plum Blossoms, 1862","Nice detail. Slight thinning at edge, repaired. Creasing throughout.",1,2024-03-04 15:33:55,4.9712
914133,"Kurofune Chuemon: A Popular Man with All His Heart, 1859",Toyokuni III/Kunisada (1786 - 1864),,"Good detail. Thinning areas, repaired. A few creases.",1,2024-03-04 15:33:55,4.9902
912676,"Junii letaka, Poet No. 98",Toyokuni III/Kunisada (1786 - 1864),"Series; Comparison of the Ogura One Hundred Poets, One Poem Each, circa 1847",Good detail. A few repairs and creases at edges.,1,2024-03-04 15:33:55,4.9902
902272,"Onoe Baiko IV as Yugiri and Sawamura Chojuro V as Izaemon, 1847 - 1852",Toyokuni III/Kunisada (1786 - 1864),,"Nice detail. A few repairs, creasing at edges.",1,2024-03-04 15:33:55,4.9902
905791,"Five Daughters of Flowers and Incense, 1884",Kunichika (1835 - 1900),,"Nice color and detail. A couple small losses at edges, repaired. Light wrinkling.",1,2024-03-04 15:33:55,4.9712
904644,"Dewa Province: Ichikawa Saruzo I as Iwaki Anju-hime with Taiomaru, 1853",Toyokuni III/Kunisada (1786 - 1864),Series; The Glories of the Provinces of Japan,Good detail. Small repair.,1,2024-03-04 15:33:55,4.9902
901851,Beauty with an Umbrella Pillar Print,Eisen (1790 - 1848),,"Good detail. Horizontal folds. A couple small losses (including on face), a few holes, repaired.",1,2024-03-04 15:33:56,5.4133
903854,Courtesan Climbing Stairs Kakemono,Eizan (1787 - 1867) ,,"Good detail. Horizontal centerfold. Small repair, creasing throughout.",1,2024-03-04 15:33:56,4.9143
901256,"Beauty under a Full Moon Kakemono, 1843 - 1845",Eizan (1787 - 1867) ,,"Good detail. Backed with paper. Horizontal folds. A few tears at edges, repaired. Creasing throughout.",1,2024-03-04 15:33:56,4.9143
909806,Teahouse Waitress with Cup Stand Kakemono,Eisen (1790 - 1848),,"Good detail. Backed with paper. Horizontal folds. Creasing throughout, a few small spots.",1,2024-03-04 15:33:56,5.4133
911699,Beauty Trimming a Lamp Kakemono,Eisen (1790 - 1848),,"Good detail. Horizontal centerfold. Tear and small losses at edges, holes, repaired.",1,2024-03-04 15:33:56,5.4133
910949,Changing from Riding an Ox to Riding a Horse,Kyosai (1831 - 1889),"Series; One Hundred Pictures by Kyosai, 1862 - 1866",Good color and detail. Wrinkling throughout.,1,2024-03-04 15:33:56,5.0329
910955,There's Nothing to Be Done about a Crying Child or a Bossy Magistrate; A Hundred Days of Preaching Undone by a Single Fart,Kyosai (1831 - 1889),"Series; One Hundred Pictures by Kyosai, 1862 - 1866","Good color and detail. Wrinkling throughout, small repair.",1,2024-03-04 15:33:56,5.0329
906457,Even Spoiled It's Still Sea Bream; Spanking the Cat with a Mallet; Gold Coins for Cats; Picking Up with the Fingernails But Spilling by the Winnowing Basket,Kyosai (1831 - 1889),"Series; One Hundred Pictures by Kyosai, 1862 - 1866",Good color and detail. Wrinkling throughout. Some prints have a few repairs.,1,2024-03-04 15:33:56,5.0329
900839,Success Is Like a Loincloth: It Comes from the Other Side; When You're Hungry Anything Tastes Good,Kyosai (1831 - 1889),"Series; One Hundred Pictures by Kyosai, 1862 - 1866","Good color and detail. Wrinkling throughout, backed with a print.",1,2024-03-04 15:33:56,5.0329
912817,"Turning a Heron into a Crow, Spread a Rumor and There Is a Shadow",Kyosai (1831 - 1889),"Series; One Hundred Pictures by Kyosai, 1862 - 1866",Good color and detail. Wrinkling throughout. Some prints have a few repairs.,1,2024-03-04 15:33:56,5.0329
903935,When a Married Couple Fight the Dog Won't Take A Bite; However You Scrub Them Black Soapnuts Don't Turn White; There's No Place Like Home Even If the Kettle Doubles as a Tub,Kyosai (1831 - 1889),"Series; One Hundred Pictures by Kyosai, 1862 - 1866","Good color and detail. Wrinkling throughout, backed with a print.",1,2024-03-04 15:33:56,5.0329
915056,The Husband's Beloved Red Hat; Shaking Like the Ghost of the Potato Jelly,Kyosai (1831 - 1889),"Series; One Hundred Pictures by Kyosai, 1862 - 1866","Good color and detail. Wrinkling throughout, backed with paper.",1,2024-03-04 15:33:56,5.0329
913505,Entangled Balls; An Inept Dilettante,Kyosai (1831 - 1889),"Series; One Hundred Pictures by Kyosai, 1862 - 1866",Good color and detail. Wrinkling throughout. Some prints have a few repairs.,1,2024-03-04 15:33:56,5.0329
903028,Bad News Travels Quickly,Kyosai (1831 - 1889),"Series; One Hundred Pictures by Kyosai, 1862 - 1866",Good color and detail. Wrinkling throughout. Some prints have a few repairs.,1,2024-03-04 15:33:56,5.0329
913307,Parody of Tanabata: The Herdsboy and Weaver Maiden Passing,Kyosai (1831 - 1889),"Series; One Hundred Pictures by Kyosai, 1862 - 1866",Good color and detail. Wrinkling throughout. Some prints have a few repairs.,1,2024-03-04 15:33:56,5.0329
903688,"The Suruga Bank of the Oi River near Shimada, circa 1833 - 1834",Hiroshige (1797 - 1858),Series; Fifty-three Stations of the Tokaido (The Great Tokaido)A Fuji Arts Special Offer Auction,"Good detail. Vertical centerfold. Small loss at corner, a few holes, repaired. A few creases.",1,2024-03-04 15:33:56,4.6198
907795,Spend Your Money on Courtesans and You'll Wind Up Eating Rice Bran; Hit Them on the Butt with Sweet Bean Ricecakes (Make a Good Offer),Kyosai (1831 - 1889),"Series; One Hundred Pictures by Kyosai, 1862 - 1866",Good color and detail. Wrinkling throughout. Some prints have a few repairs.,1,2024-03-04 15:33:56,5.0329
908071,"Okabe: View of Mt. Utsu, circa 1841 - 1844",Hiroshige (1797 - 1858),"Series; Fifty-three Stations of the Tokaido Road (Gyosho Tokaido), circa 1841 - 1844A Fuji Arts Special Offer Auction",Good detail. Backed with paper.,1,2024-03-04 15:33:56,4.6198
904159,"Bitchu Province: Gokei, 1853",Hiroshige (1797 - 1858),Series; Famous Views of the Sixty-odd ProvincesA Fuji Arts Special Offer Auction,"Good detail. Slight thinning along vertical centerfold, losses at edges, a couple holes, repaired.",1,2024-03-04 15:33:56,4.6198
913582,Returning Enmity for Kindness: Minamoto no Yoshitomo and Osada Shoji (Osada Tadamune),Kyosai (1831 - 1889),"Series; One Hundred Pictures by Kyosai, 1862 - 1866",Good color and detail. Wrinkling throughout. Some prints have a few repairs.,1,2024-03-04 15:33:56,5.0329
908134,"Hyuga Province: Aburatsu Port, Obi Oshima, 1856",Hiroshige (1797 - 1858),Series; Famous Views of the Sixty-odd ProvincesA Fuji Arts Special Offer Auction,"Good detail. Slight separation along vertical centerfold, losses at edges, repaired. A few creases.",1,2024-03-04 15:33:57,4.6198
909676,"Nako Bay and the Mie River at Yokkaichi, 1855",Hiroshige (1797 - 1858),Series; Pictures of Famous Places on the Fifty-three Stations (Vertical Tokaido)A Fuji Arts Special Offer Auction,"Nice detail. A few thinning areas, repaired. Rubbing.",1,2024-03-04 15:33:57,4.6198
913839,"The Cave of Kannon at Sakanoshita, 1855",Hiroshige (1797 - 1858),Series; Pictures of Famous Places on the Fifty-three Stations (Vertical Tokaido)A Fuji Arts Special Offer Auction,"Nice detail. Small rear, a few holes, repaired. Curling at edges.",1,2024-03-04 15:33:57,4.6198
912144,"Sixth Month Shrine Visit to Teppozu, 1854",Hiroshige (1797 - 1858),Series; Famous Views of Annual Events in the Eastern CapitalA Fuji Arts Special Offer Auction,"Good detail. Horizontal fold near bottom. Loss at edge, a few holes, repaired. A few creases.",1,2024-03-04 15:33:57,4.6198
904326,"Flower-viewing on the Embankment of the Sumida River, circa 1851",Hiroshige (1797 - 1858),A Fuji Arts Special Offer Auction,"Good detail. A few repairs and light creases, slight rubbing.",1,2024-03-04 15:33:57,4.6198
906939,"The Tree Which Grows Fruit Women Like, 1847 - 1852",Hiroshige (1797 - 1858),Series; Virtuous Women and Money TreesA Fuji Arts Special Offer Auction,"Good detail. A few repairs and creases, wrinkling at edges.",1,2024-03-04 15:33:57,4.6198
910866,Carp Pillar Print,Hiroshige (1797 - 1858),A Fuji Arts Special Offer Auction,"Good detail. Repair, a few light creases.",1,2024-03-04 15:33:57,4.6198
910569,The Syllable Chi: Arashi Kangoro I as Kaiga Yazaemon Tomonobu,Toyokuni III/Kunisada (1786 - 1864),"Series; Stories of the Faithful Samurai, 1864","Nice color and detail. Backed with paper. Loss along top edge, repaired, slight rubbing at edges.",1,2024-03-04 15:33:58,4.9902
905326,The Syllable He: Jitsugawa Enzaburo I as Onodera Junai Hidekazu,Toyokuni III/Kunisada (1786 - 1864),"Series; Stories of the Faithful Samurai, 1864",Nice color and detail. Backed with paper. Fold at corner.,1,2024-03-04 15:33:58,4.9902
901772,The Syllable Ta: Suketakaya Takasuke III as Fuwa Kazuemon Masatane,Toyokuni III/Kunisada (1786 - 1864),"Series; Stories of the Faithful Samurai, 1864","Nice color and detail. Backed with paper. Small loss at edge, repaired.",1,2024-03-04 15:33:58,4.9902
903863,The Syllable To: Nakamura Fukusuke II as Sugino Juheiji Harufusa,Toyokuni III/Kunisada (1786 - 1864),"Series; Stories of the Faithful Samurai, 1864",Nice color and detail. Backed with paper. Slight rubbing at edges.,1,2024-03-04 15:33:58,4.9902
908500,The Syllable Ke: Nakamura Tsuruzo I as Okajima Yasoemon Tsuneki,Toyokuni III/Kunisada (1786 - 1864),"Series; Stories of the Faithful Samurai, 1864",Nice color and detail. Backed with paper.,1,2024-03-04 15:33:58,4.9902
913964,The Syllable Nu: Ichikawa Ebizo V as Horibe Yahei Kanemaru,Toyokuni III/Kunisada (1786 - 1864),"Series; Stories of the Faithful Samurai, 1864",Nice color and detail. Backed with paper.,1,2024-03-04 15:33:58,4.9902
908057,"Ichikawa Kodanji as Terasaka Kichiemon Nobuyuki, 1864",Toyokuni III/Kunisada (1786 - 1864),"Series; Stories of the Faithful Samurai, 1864","Nice color and detail. Backed with paper. Vertical fold at side, crease near center, slight curling.",1,2024-03-04 15:33:58,4.9902
904879,The Syllable We: Kawarasaki Kunitaro I as Sugenoya Hannojo Masasai,Toyokuni III/Kunisada (1786 - 1864),"Series; Stories of the Faithful Samurai, 1864","Nice color and detail. Backed with paper. Small loss at edge, repaired. Slight rubbing at edge, a couple creases, fold at corner.",1,2024-03-04 15:33:59,4.9902
904479,The Syllable Wo: Nakayama Genjuro I as Okuda Sadaemon Yukitaka,Toyokuni III/Kunisada (1786 - 1864),"Series; Stories of the Faithful Samurai, 1864","Nice color and detail. Backed with paper. Small loss along edge, repaired. Slight rubbing at edge.",1,2024-03-04 15:33:59,4.9902
902487,The Syllable Na: Seki Sanjuro III as Muramatsu Kihei Nyudo Ryuen,Toyokuni III/Kunisada (1786 - 1864),"Series; Stories of the Faithful Samurai, 1864","Nice color and detail. Backed with paper. Small loss at edge and hole, repaired. Slight rubbing at edge.",1,2024-03-04 15:33:59,4.9902
914852,The Syllable Shi: Onoe Baiko IV as Hayami Toemon Mitsutaka,Toyokuni III/Kunisada (1786 - 1864),"Series; Stories of the Faithful Samurai, 1864","Nice color and detail. Backed with paper. Fold at corner, slight rubbing at edge.",1,2024-03-04 15:33:59,4.9902
907949,"Umegae (Plum Branch), Chapter 32",Masao Ebina (1913 - 1980),Series; The Tale of Genji,Excellent color and detail. Mounted inside windowed viewing folder with attached text overleaf.,1,2024-03-04 15:33:59,4.1731
903025,"Makibashira (The Cypress Pillar), Chapter 31",Masao Ebina (1913 - 1980),Series; The Tale of Genji,Excellent color and detail. Mounted inside windowed viewing folder with attached text overleaf.,1,2024-03-04 15:33:59,4.1731
911073,"Yokobue (The Flute), Chapter 37",Masao Ebina (1913 - 1980),Series; The Tale of Genji,Excellent color and detail. Mounted inside windowed viewing folder with attached text overleaf.,1,2024-03-04 15:33:59,4.1731
905085,"Kashiwagi, Chapter 36",Masao Ebina (1913 - 1980),Series; The Tale of Genji,Excellent color and detail. Mounted inside windowed viewing folder with attached text overleaf.,1,2024-03-04 15:33:59,4.1731
909460,"Sawarabi (Early Bracken), Chapter 48",Masao Ebina (1913 - 1980),Series; The Tale of Genji,Excellent color and detail. Mounted inside windowed viewing folder with attached text overleaf.,1,2024-03-04 15:33:59,4.1731
914385,"Yadorigi (A Mistletoe), Chapter 49",Masao Ebina (1913 - 1980),Series; The Tale of Genji,Excellent color and detail. Mounted inside windowed viewing folder with attached text overleaf.,1,2024-03-04 15:33:59,4.1731
900819,The Syllable Mo: Arashi Hinasuke VII as Yata Goroemon Suketake,Toyokuni III/Kunisada (1786 - 1864),"Series; Stories of the Faithful Samurai, 1864",Nice color and detail. Backed with paper. Some prints have a couple small spots or slight rubbing at edge.,1,2024-03-04 15:33:59,4.9902
916020,"Kenuki (The Tweezers), 1916",Torii Kiyotada VII (1875 - 1941) ,"Series; The Eighteen Kabuki Plays, 1916","Excellent color and detail. A few small spots, a couple light creases at edges.",1,2024-03-04 15:34:00,4.9143
913437,Inspires local people with his dedication,Toshikata (1866 - 1908),"Series; Brocade Pictures for Moral Education, 1883 - 1884",Nice color and detail. Small repairs and creasing at edges.,1,2024-03-04 15:34:00,4.6882
907638,"The dog Sancho, who watches over theft for the sake of his master",Toshitsune (1858 - 1907),"Series; Brocade Pictures for Moral Education, 1883 - 1884",Nice color and detail. Small repairs and creasing at edges.,1,2024-03-04 15:34:00,4.9143
906372,"Eawase (Picture Competition), Chapter 17",Masao Ebina (1913 - 1980),Series; The Tale of Genji,Excellent color and detail. Mounted inside windowed viewing folder with attached text overleaf.,1,2024-03-04 15:34:00,4.1731
910091,"Utsusemi, Chapter 3",Masao Ebina (1913 - 1980),Series; The Tale of Genji,Excellent color and detail. Mounted inside windowed viewing folder with attached text overleaf.,1,2024-03-04 15:34:00,4.1731
910931,"Nowaki (Autumn Gale), Chapter 28",Masao Ebina (1913 - 1980),Series; The Tale of Genji,Excellent color and detail. Mounted inside windowed viewing folder with attached text overleaf.,1,2024-03-04 15:34:00,4.1731
907244,"Kocho (Butterfly), Chapter 24",Masao Ebina (1913 - 1980),Series; The Tale of Genji,Excellent color and detail. Mounted inside windowed viewing folder with attached text overleaf.,1,2024-03-04 15:34:00,4.1731
909786,"Tokonatsu (Perpetual Summer), Chapter 26",Masao Ebina (1913 - 1980),Series; The Tale of Genji,Excellent color and detail. Mounted inside windowed viewing folder with attached text overleaf.,1,2024-03-04 15:34:00,4.1731
908865,Girls' Day and Doll Festival,Chikanobu (1838 - 1912),,"Excellent color and detail. Slight thinning at edge, repaired. Light vertical fold in right panel.",1,2024-03-04 15:34:00,5.3508
900732,Kinryuzan Temple in Asakusa,Hiroshige III (1797 - 1858),Series;  Famous Places in Tokyo,"Good color and detail. Diagonal folds, creasing throughout.",1,2024-03-04 15:34:00,4.879
913152,Hiraiwa Restaurant in Mukojima,Kunichika (1835 - 1900),"Series; Thirty-six Modern Restaurants, 1878",Good detail. A couple light creases at edges.,1,2024-03-04 15:34:00,4.9712
901881,"Mirror of the Gods and Emperors of Japan, 1878",Chikanobu (1838 - 1912),,"Nice color and detail. Small losses at corners, repaired. A few light creases at edges.",1,2024-03-04 15:34:00,5.3508
908262,Kagoshima Pacification Gifts of Sake,Chikanobu (1838 - 1912),,Nice color and detail. Horizontal centerfold. A couple creases at edges and small repairs.,1,2024-03-04 15:34:00,5.3508
901363,"Festival Guardian Deity, 1884",Meiji era artist (unsigned),,"Good detail. A couple tears at edges and small losses, repaired. A few wrinkles at edges, a couple light vertical folds.",1,2024-03-04 15:34:00,4.2429
902357,"The Ninth Day of the Ninth Month, 1885",Chikanobu (1838 - 1912),Series; Events in Edo throughout the Year,"Excellent color and detail. Slight thinning at edges, tiny loss at corner, repaired. A couple creases at edges.",1,2024-03-04 15:34:00,5.3508
900167,Loving my rickshaw husband and getting the blessing of a police officer,Toshitsune (1858 - 1907),"Series; Brocade Pictures for Moral Education, 1883 - 1884",Nice color and detail. Small repairs and creasing at edges.,1,2024-03-04 15:34:00,4.9143
911141,Rescuing a Poor Young Girl,Toshimitsu (active circa 1876 - 1904),"Series; Brocade Pictures for Moral Education, 1883 - 1884",Nice color and detail. Small repairs and creasing at edges.,1,2024-03-04 15:34:00,5.0705
910503,"If children obey and listen to their father, they will become good persons",Toshikata (1866 - 1908),"Series; Brocade Pictures for Moral Education, 1883 - 1884",Nice color and detail. Small repairs and creasing at edges.,1,2024-03-04 15:34:00,4.6882
912400,Travelers Resting under a Tree,Toshitsune (1858 - 1907),"Series; Brocade Pictures for Moral Education, 1883 - 1884",Nice color and detail. Small repairs and creasing at edges.,1,2024-03-04 15:34:00,4.9143
907396,"Shibaraku (Wait a Minute!), 1917",Shin-hanga & Modern artist (unsigned),"Series; The Eighteen Kabuki Plays, 1917",Excellent color and detail. Some prints have a few small spots or a couple creases at edges.,1,2024-03-04 15:34:00,4.1396
907450,"Narukami (The Thunder God), 1917",Shin-hanga & Modern artist (unsigned),"Series; The Eighteen Kabuki Plays, 1917",Excellent color and detail. Some prints have a few small spots or a couple creases at edges.,1,2024-03-04 15:34:00,4.1396
904377,"Fuwa (The Unbreakable), 1917",Shin-hanga & Modern artist (unsigned),"Series; The Eighteen Kabuki Plays, 1917",Excellent color and detail. Some prints have a few small spots or a couple creases at edges.,1,2024-03-04 15:34:00,4.1396
912720,"Oshi-modoshi (Push and Pull), 1917",Shin-hanga & Modern artist (unsigned),"Series; The Eighteen Kabuki Plays, 1917",Excellent color and detail. Some prints have a few small spots or a couple creases at edges.,1,2024-03-04 15:34:00,4.1396
915300,"Nanatsumen (The Seven Masks), 1917",Shin-hanga & Modern artist (unsigned),"Series; The Eighteen Kabuki Plays, 1917",Excellent color and detail. Some prints have a few small spots or a couple creases at edges.,1,2024-03-04 15:34:00,4.1396
903777,"Kanjincho (The Subscription List), 1917",Shin-hanga & Modern artist (unsigned),"Series; The Eighteen Kabuki Plays, 1917",Excellent color and detail. Some prints have a few small spots or a couple creases at edges.,1,2024-03-04 15:34:00,4.1396
909057,"Onoe Kikugoro V as Akashi no Shimazo and Ichikawa Sadanji I as Matushima Senta, 1893",Kunichika (1835 - 1900),Series; One Hundred Roles of Baiko,"Excellent color and detail. Some prints have repairs at edges, or a couple creases or wrinkles.",1,2024-03-04 15:34:01,4.9712
911945,"Onoe Kikugoro V as Mitsuhide and Bando Kakitsu I as Mori Ranmaru, 1893",Kunichika (1835 - 1900),Series; One Hundred Roles of Baiko,"Excellent color and detail. Some prints have repairs at edges, or a couple creases or wrinkles.",1,2024-03-04 15:34:01,4.9712
905131,"Onoe Kikugoro V as a Gosho no Gorozo and Nakamura Shikan IV as Hoshikage Doemon, 1893",Kunichika (1835 - 1900),Series; One Hundred Roles of Baiko,A beautiful print with excellent color and detail. Backed with paper.,1,2024-03-04 15:34:01,4.9712
910151,"Onoe Kikugoro V as Matsuomaru and Ichikawa Danjuro IX as Genba, 1893",Kunichika (1835 - 1900),Series; One Hundred Roles of Baiko,"A beautiful clean print with excellent color and detail. Slight thinning at edge, repaired. Folds at edges.",1,2024-03-04 15:34:02,4.9712
901180,"Onoe Kikugoro V as a Priest of Emmein Temple and the Late Iwai Hanshiro as Okoro, 1893",Kunichika (1835 - 1900),Series; One Hundred Roles of Baiko,A beautiful clean print with excellent color and detail. Light wrinkling.,1,2024-03-04 15:34:02,4.9712
906985,"Onoe Kikugoro V as Sanbaso and Ichikawa Sadanji I, 1893",Kunichika (1835 - 1900),Series; One Hundred Roles of Baiko,"Excellent color and detail. Slight thinning at side, repaired.",1,2024-03-04 15:34:02,4.9712
901218,"Onoe Kikugoro V as Shinohara Kunimoto and Ichikawa Danjuro IX as Saigo Takamori, 1894",Kunichika (1835 - 1900),Series; One Hundred Roles of Baiko,"A beautiful print with excellent color and detail. Thinning and small losses at edges, repaired.",1,2024-03-04 15:34:02,4.9712
912272,"Onoe Kikugoro V as Sakanaya Sogoro and Bando Kakitsu I, 1894",Kunichika (1835 - 1900),Series; One Hundred Roles of Baiko,Excellent color and detail.,1,2024-03-04 15:34:02,4.9712
913814,"Onoe Kikugoro V as Akashi no Shimazo and Ichikawa Sadanji I as Matushima Senta, 1893",Kunichika (1835 - 1900),Series; One Hundred Roles of Baiko,Excellent color and detail.,1,2024-03-04 15:34:02,4.9712
911193,Onoe Kikugoro V as Hayano Kampei and Iwai Hanshiro VIII as Okaru. 1893,Kunichika (1835 - 1900),Series; One Hundred Roles of Baiko,"Excellent color and detail. Some prints have repairs at edges, or a couple creases or wrinkles.",1,2024-03-04 15:34:02,4.9712
904972,"Onoe Kikugoro V as a Beauty and Bando Kakitsu I as Matsuwakamaru, 1893",Kunichika (1835 - 1900),Series; One Hundred Roles of Baiko,"Excellent color and detail. Some prints have repairs at edges, or a couple creases or wrinkles.",1,2024-03-04 15:34:02,4.9712
905446,Yoshinokumano National Park,Hideo Nishiyama (1911 - 1989),Series; National Parks of Japan,Excellent color and detail.,1,2024-03-04 15:34:03,5.2692
911155,Unzenamakusa National Park,Hideo Nishiyama (1911 - 1989),Series; National Parks of Japan,Excellent color and detail.,1,2024-03-04 15:34:03,5.2692
904147,Daisen National Park,Hideo Nishiyama (1911 - 1989),Series; National Parks of Japan,Excellent color and detail.,1,2024-03-04 15:34:03,5.2692
911972,Seto Inland Sea National Park,Hideo Nishiyama (1911 - 1989),Series; National Parks of Japan,Excellent color and detail.,1,2024-03-04 15:34:03,5.2692
911401,Title Page for One Hundred Roles of Baiko,Kunichika (1835 - 1900),Series; One Hundred Roles of Baiko,"This print with nice color and detail as shown. Backed with paper. Vertical fold at side, Crease at edge. Please see photos for details.",1,2024-03-04 15:34:03,4.9712
910673,"Onoe Kikugoro V as a Beauty with a Paper of Sweets and Ichikawa Sadanji as Kurobei, 1893",Kunichika (1835 - 1900),Series; One Hundred Roles of Baiko,"Excellent color and detail. Some prints have repairs at edges, or a couple creases or wrinkles.",1,2024-03-04 15:34:03,4.9712
911597,"Onoe Kikugoro V as So Sokei and Suketakaya Takasuke IV, 1893",Kunichika (1835 - 1900),Series; One Hundred Roles of Baiko,"Excellent color and detail. Some prints have repairs at edges, or a couple creases or wrinkles.",1,2024-03-04 15:34:03,4.9712
903070,Iseshima National Park,Hideo Nishiyama (1911 - 1989),Series; National Parks of Japan,Excellent color and detail.,1,2024-03-04 15:34:03,5.2692
907123,"Bando Hikosaburo V as Sakaya Mataroku and Nakamura Nakazo III as Shikabue no Shichizo, 1865",Kunichika (1835 - 1900),Series; Thirty-six Selected Poems,Good detail. Backed with paper. Small repair.,1,2024-03-04 15:34:04,4.9712
903906,"Man Playing a Shamisen, 1866",Kunichika (1835 - 1900),,Good detail. Backed with paper.,1,2024-03-04 15:34:04,4.9712
910346,"Scene from Taiko no Oto Chiyu Sanryaku, 1873",Ginko (active 1874 - 1897),,Nice color and good detail. Backed with paper.,1,2024-03-04 15:34:04,4.9605
903327,"The 47 Ronin, Act 3: The Rear Gate, 1857",Kunikiyo II (died 1887),"Series; The Storehouse of Loyal Retainers (Chushingura), 1857",Good detail. Vertical centerfold. Some prints have a few repairs.,1,2024-03-04 15:34:04,4.6408
915567,Maple,Sadanobu III (1881 - 1963),Series; Four Seasons Flower Patterns,Good color and detail. A few small repairs.,1,2024-03-04 15:34:04,4.4177
909991,"The 47 Ronin, Act 2: Wakasanosuke's Mansion: The Pine-cutting Scene, 1857",Kunikiyo II (died 1887),"Series; The Storehouse of Loyal Retainers (Chushingura), 1857",Good detail. Vertical centerfold. Some prints have a few repairs.,1,2024-03-04 15:34:04,4.6408
907272,Blue: Actor in a Feather Robe Kimono,Kunichika (1835 - 1900),Series; Five Courageous Bandits in Five Colors,Nice color and detail. Small repair.,1,2024-03-04 15:34:04,4.9712
913609,Red Plum,Sadanobu III (1881 - 1963),Series; Four Seasons Flower Patterns,Good color and detail. A few repairs.,1,2024-03-04 15:34:04,4.4177
906451,"The 47 Ronin, Act 1: Tsurugaoka Hachiman Shrine, 1857",Kunikiyo II (died 1887),"Series; The Storehouse of Loyal Retainers (Chushingura), 1857",Good detail. Vertical centerfold. Some prints have a few repairs.,1,2024-03-04 15:34:04,4.6408
911930,"The 47 Ronin, Act 4: Lord Hangan's Suicide, 1857",Kunikiyo II (died 1887),"Series; The Storehouse of Loyal Retainers (Chushingura), 1857",Good detail. Vertical centerfold. Some prints have a few repairs.,1,2024-03-04 15:34:04,4.6408
914160,"The 47 Ronin, Act 5: The Yamazaki Highway, 1857",Kunikiyo II (died 1887),"Series; The Storehouse of Loyal Retainers (Chushingura), 1857",Good detail. Vertical centerfold. Some prints have a few repairs.,1,2024-03-04 15:34:04,4.6408
912062,"The 47 Ronin, Act 6: The Departure of Okaru, 1857",Kunikiyo II (died 1887),"Series; The Storehouse of Loyal Retainers (Chushingura), 1857",Good detail. Vertical centerfold. Some prints have a few repairs.,1,2024-03-04 15:34:04,4.6408
911071,"The 47 Ronin, Act 7: The Ichiriki Teahouse, 1857",Kunikiyo II (died 1887),"Series; The Storehouse of Loyal Retainers (Chushingura), 1857",Good detail. Vertical centerfold. Some prints have a few repairs.,1,2024-03-04 15:34:04,4.6408
904385,"The 47 Ronin, Act 9: Yuranosuke's Country Retreat in Yamashina, 1857",Kunikiyo II (died 1887),"Series; The Storehouse of Loyal Retainers (Chushingura), 1857",Good detail. Vertical centerfold. Some prints have a few repairs.,1,2024-03-04 15:34:04,4.6408
908602,"The 47 Ronin, Act 10: The Amakawaya Shop, 1857",Kunikiyo II (died 1887),"Series; The Storehouse of Loyal Retainers (Chushingura), 1857",Good detail. Vertical centerfold. Some prints have a few repairs.,1,2024-03-04 15:34:04,4.6408
916089,Garden Statuary,Shin-hanga & Modern artist (unsigned),"A unique design, never offered elsewhere!",This print with excellent color and detail as shown. A few small marks. Please see photos for details.,1,2024-03-04 15:34:04,4.1396
901129,"The Twelve Hours: Hour of the Dog, 1859",Toyokuni III/Kunisada (1786 - 1864),,"Good detail. A few small repairs, vertical fold at side.",1,2024-03-04 15:34:05,4.9902
900328,Katsura Imperial Villa,Shin-hanga & Modern artist (not read),,This print with nice color and detail as shown. Mounted along top edge to windowed paper mat as issued by the publisher (not shown). Please see photos for details.,1,2024-03-04 15:34:05,4.0626
901038,Meiji Emperor and Empress and Prince Watching Turtles,Chikanobu (1838 - 1912),,Excellent color and detail. Backed with paper.,1,2024-03-04 15:34:05,5.3508
914159,"Daimyo Procession Arriving at the Palace for the New Year's Day Greeting, 1897",Chikanobu (1838 - 1912),Series; Chiyoda Outer Palace (Chiyoda no on-omote),Good color and detail.,1,2024-03-04 15:34:05,5.3508
909469,Autumn Flower Arrangement,Shin-hanga & Modern artist (not read),,This print with excellent color as shown. Please see photos for details.,1,2024-03-04 15:34:05,4.0626
911697,Shugakuin Imperial Villa,Chokai Santei (Nirakushi),,Excellent overall with no issues to report.,1,2024-03-04 15:34:05,4.9918
915920,"Hall of the Thirty-three Bays, 1955",Tasaburo Takahashi (1904 - 1977),"Series; Famous Places in Kyoto, 1955","This print with excellent color and detail as shown. Slight toning, slight rippling or a few creases at edges from printing process. Most prints have a few spots or stains. Please see photos for details.",1,2024-03-04 15:34:05,4.1312
915256,The Wakana Chapter of the Tale of Genji,Toyokuni III/Kunisada (1786 - 1864),,"Good detail. A few small losses and holes, repaired. Vertical folds at sides, slight rubbing.",1,2024-03-04 15:34:05,4.9902
906293,"Procession of Beauties at Nihonbashi, 1853",Kunisato (died 1858),,"Nice detail. Small repair, fold at corner.",1,2024-03-04 15:34:05,5.3748
909492,"Drastic Price Reduction Moved to Clearance, Act Fast!",Masao Ebina (1913 - 1980),Series; The Tale of Genji,Excellent color and detail. Mounted inside windowed viewing folder with attached text overleaf,1,2024-03-04 15:34:06,4.1731
905931,"Drastic Price Reduction Moved to Clearance, Act Fast!",Masao Ebina (1913 - 1980),Series; The Tale of Genji,Excellent color and detail. Mounted inside windowed viewing folder with attached text overleaf,1,2024-03-04 15:34:06,4.1731
912780,"Drastic Price Reduction Moved to Clearance, Act Fast!",Sadahide (1807 - 1873),,This print with nice detail as shown. Light rubbing. Holes on top half. Please see photos for details.,1,2024-03-04 15:34:06,5.1905
900280,"Drastic Price Reduction Moved to Clearance, Act Fast!",Edo era artist (unsigned),,"This print with nice color and detail as shown. Staining, small holes, and tears in margins. Please see photos for details.",1,2024-03-04 15:34:06,4.1951
903973,Mt. Yoshino in Spring ,Tokuriki (1902 - 1999),Series; Eight Scenic Views of the Yamato Road,Excellent color and detail. No issues to report.,1,2024-03-04 15:34:06,4.8756
914484,"Drastic Price Reduction Moved to Clearance, Act Fast!",Meiji era artist (unsigned),,This print with nice color and detail as shown. Light staining. Please see photos for details.,1,2024-03-04 15:34:06,4.2429
908943,"Drastic Price Reduction Moved to Clearance, Act Fast!",Edo era artist (unsigned),,This print with nice color and detail as shown. Light staining. Please see photos for details.,0,2024-03-04 15:34:07,4.1951
901808,"Drastic Price Reduction Moved to Clearance, Act Fast!",Meiji era artist (unsigned),,This print with nice color and detail as shown. Brown spotting and a hole near center. Stain at bottom corner. Please see photos for details.,1,2024-03-04 15:34:07,4.2429
902104,"Drastic Price Reduction Moved to Clearance, Act Fast!",Shin-hanga & Modern artist (not read),,This print with nice color and detail as shown. Light staining. Fraying along edges. Please see photos for details.,1,2024-03-04 15:34:08,4.0626
900669,"Drastic Price Reduction Moved to Clearance, Act Fast!",Meiji era artist (unsigned),,"This print with nice color and detail as shown. Staining, holes, and tears in margins. Please see photos for details.",1,2024-03-04 15:34:08,4.2429
911235,"Drastic Price Reduction Moved to Clearance, Act Fast!",Toyokuni III/Kunisada (1786 - 1864),,This print with nice color and detail as shown. Light staining. Losses throughout. Backed with board. Please see photos for details.,1,2024-03-04 15:34:08,4.9902
907343,"Drastic Price Reduction Moved to Clearance, Act Fast!",Edo era artist (not read),,This print with nice detail as shown. Staining along edges. Please see photos for details.,0,2024-03-04 15:34:08,4.0073
908882,"Drastic Price Reduction Moved to Clearance, Act Fast!",Shuzo Ikeda (1922 - 2004),,Excellent color and detail. Creasing at top edge.,1,2024-03-04 15:34:09,4.3139
909978,"Drastic Price Reduction Moved to Clearance, Act Fast!",Takao Sano (born 1941),,Excellent color and detail. A few light creases at edges.,1,2024-03-04 15:34:09,4.1925
915492,"Scene from Izayoi Seishin, 1884",Kunichika (1835 - 1900) ,,"Nice color and detail. A few creases at edges, a couple creases on beauty's face.",1,2024-03-05 15:34:26,4.9143
907264,"Mitsumata: Sawamura Sojuro III as Ashikaga Yorikane, 1852",Toyokuni III/Kunisada (1786 - 1864),Series; Pictures of Famous Places in Edo (Edo meisho zue),"Good detail. Backed with paper. A few wormholes, repaired.",1,2024-03-05 15:34:26,4.9902
900405,"Scene from Hatsu momiji ogura no shikishi, 1854",Toyokuni III/Kunisada (1786 - 1864),,"Good detail. Small holes, repaired.",1,2024-03-05 15:34:26,4.9902
900161,"Scene from Aoto Banashi, 1849",Kuniyoshi (1797 - 1861),,"Good detail. Paper remnants on revers from previous backing. A few wormholes, slight thinning at edges, repaired. A few creases at edges.",1,2024-03-05 15:34:26,5.3703
900454,"Sawamura Tossho II as Chidorigake no Marinosuke, 1859",Toyokuni III/Kunisada (1786 - 1864),"Series; Eight Outstanding People Matched with the Plum Calendar, 1859","Nice detail. A few wormholes, thinning spot, repaired.",1,2024-03-05 15:34:26,4.9902
910097,"Six Female Bandits, 1881",Chikanobu (1838 - 1912),,"Nice color and detail. A few repairs and creases, faint offsetting on one face, slight curling at edge.",1,2024-03-05 15:34:26,5.3508
906429,Princess Yuki and Dragon,Chikanobu (1838 - 1912),,"Nice color and detail. Backed with paper. A couple creases, light stain on face.",1,2024-03-05 15:34:26,5.3508
904592,"Threatening a Commoner at a Shrine, 1883",Kunichika (1835 - 1900),,Nice color and detail. Backed with paper. Wrinkle at edge.,1,2024-03-05 15:34:26,4.9712
907717,"Scene from Senzai Soga Genji no Ishizue, 1885",Kunichika (1835 - 1900) ,,Nice color and detail. A few light creases at edges and repairs.,1,2024-03-05 15:34:26,4.9143
906933,"Tametomo Sinking Mochimitsu's Ship with a Single Arrow, 1851 - 1852",Kuniyoshi (1797 - 1861),,"Good detail. Vertical fold in left panel. Losses at corners and edge, a few holes, repaired. A couple wrinkles and slight rubbing at edges.",1,2024-03-05 15:34:26,5.3703
901555,Two Samurai Wrestling,Ichirentei Kansai (active circa 1848 - 1854),Series; Selection of Heroes Grappling,"Nice detail. Thinning and small loss at edge, a few holes, repaired. A few light creases, slight wrinkling at top left corner.",1,2024-03-05 15:34:26,4.9143
914319,"Genkuro Hogan Yoshitsune's Departure for the Front, circa 1840",Toyokuni III/Kunisada (1786 - 1864),,Good detail. Horizontal centerfold. A few small repairs and creases.,1,2024-03-05 15:34:26,4.9902
910738,"Complete View of the Great Battle between the Two Generals of Kai Province and Echigo Province at Kawanakajima, 1859",Kuniteru II (1829 - 1874),,Good detail. Horizontal folds in left panel. A few wrinkles at edges and small repairs.,1,2024-03-05 15:34:26,4.9899
903793,"The Battle of Hyogo, 1849 - 1852",Kuniyoshi (1797 - 1861),,"Nice detail. Slight thinning along vertical fold at side of two panels, a few holes, repaired. Slight rubbing along folds, a few stains.",1,2024-03-05 15:34:26,5.3703
903126,Archer at the Seashore,Toyokuni I (1769 - 1825),,"Good detail. A few small repairs, light diagonal fold, creasing throughout.",1,2024-03-05 15:34:26,4.7311
905745,Yoritomo and His Men Marching North to Mutsu in 1189,Kuniyoshi (1797 - 1861),,"Nice detail. Thinning areas, tear, a few small holes, repaired. Wrinkling near top of panels, a couple creases at edges.",1,2024-03-05 15:34:26,5.3703
907684,Minamoto no Yoritomo,Kuniyoshi (1797 - 1861),"Series; Mirror of Our Country's Military Elegance, circa 1845","Nice detail. A few small repairs, creasing throughout.",1,2024-03-05 15:34:26,5.3703
912372,"Minamoto no Yoshinaka, 1843 - 1844",Kuniyoshi (1797 - 1861),"Series; Stories of a Hundred Heroes of High Renown, 1843 - 1844","Nice detail. Small losses and thinning at edges, a few holes, repaired.",1,2024-03-05 15:34:26,5.3703
901658,Fuji behind a Net,Hokusai (1760 - 1849),Series; One Hundred Views of Mt. Fuji (Fugaku Hyakkei)A Fuji Arts Special Offer Auction,Good color and detail as shown. Stitching holes at side.,1,2024-03-05 15:34:28,3.9827
911371,The Goddess Konohana Sakuya Hime,Hokusai (1760 - 1849),Series; One Hundred Views of Mt. Fuji (Fugaku Hyakkei)A Fuji Arts Special Offer Auction,Good color and detail as shown. Stitching holes at side.,1,2024-03-05 15:34:28,3.9827
907834,"On the Way to Yase, 1911",Hiromitsu Nakazawa (1874 - 1964) ,"Series; Scenes of the Inner Provinces: Kyoto, Volume 1, 1911",Nice color and detail. Printed on thin paper. A couple light creases at edges.,1,2024-03-05 15:34:28,4.9143
913284,A Nobleman's Villa: Fuji at Sunamura,Hokusai (1760 - 1849),Series; One Hundred Views of Mt. Fuji (Fugaku Hyakkei)A Fuji Arts Special Offer Auction,Good color and detail as shown. Stitching holes at one side of each panel.,1,2024-03-05 15:34:28,3.9827
904236,"Waterfront, 1912",Hiromitsu Nakazawa (1874 - 1964) ,"Series; Scenes of the Inner Provinces: Osaka, Volume 3, 1912",Nice color and detail. A few creases at edges.,1,2024-03-05 15:34:28,4.9143
903879,Itakakoi (Reconstruction),Ginko (active 1874 - 1897),"Series; Annual Events of the Theatrical Year in Great Edo, 1897",Excellent color and detail. Small crease at corner.,1,2024-03-05 15:34:28,4.9605
901722,"Ichikawa Danjuro V as Akushichibei Kagekiyo, Ichikawa Danjuro VI as Hanakawado Sukeroku, and Ichikawa Kodanji IV as the Fox Tadanobu, 1861",Toyokuni III/Kunisada (1786 - 1864),"Series; Toyokuni's Manga on Three Wine Cups, 1861","Good detail. A few small repairs, creasing throughout, slight curling.",1,2024-03-05 15:34:28,4.9902
908996,"Picture of the Shrine, 1911 ",Hiromitsu Nakazawa (1874 - 1964) ,"Series; Scenes of the Inner Provinces: Kyoto, Volume 1, 1911",Nice color and detail. Printed on thin paper. A few ripples at edges.,1,2024-03-05 15:34:28,4.9143
902680,"Ginkaku-ji Temple, 1911",Hiromitsu Nakazawa (1874 - 1964) ,"Series; Scenes of the Inner Provinces: Kyoto, Volume 1, 1911",Nice color and detail. Printed on thin paper. A couple light creases and tiny spots.,1,2024-03-05 15:34:28,4.9143
902608,A Clearance Opportunity! Meiji or Edo era Original,Edo era artist (unsigned),,This print with nice color and detail as shown. Rubbing and staining throughout. Several small losses. Backed with paper. Please see photos for details.,1,2024-03-05 15:34:29,4.1951
904657,Fine Old Reprint Clearance! A Fuji Arts Value,Hiroshige (1797 - 1858),,"Nice color and detail. Small hole, a few spots and light creases.",0,2024-03-05 15:34:29,4.6198
911047,A Clearance Opportunity! Meiji or Edo era Original,Meiji era artist (unsigned),,"This print with nice color and detail as shown. Staining, tears, and losses at edges. Please see photos for details.",1,2024-03-05 15:34:29,4.2429
900865,A Clearance Opportunity! Meiji or Edo era Original,Meiji era artist (unsigned),,This print with nice color and detail as shown. Rubbing and staining throughout. Please see photos for details.,1,2024-03-05 15:34:29,4.2429
906774,A Clearance Opportunity! Meiji or Edo era Original,Toyokuni III/Kunisada (1786 - 1864),,This print with nice color and detail as shown. Rubbing and staining throughout. Loss at top corner. Backed with paper. Please see photos for details.,1,2024-03-05 15:34:29,4.9902
913285,A Clearance Opportunity! Meiji or Edo era Original,Toyokuni III/Kunisada (1786 - 1864),,This print with nice color and detail as shown. Rubbing and staining throughout. Crease at center. Thinning at bottom corner. Please see photos for details.,1,2024-03-05 15:34:29,4.9902
906631,A Clearance Opportunity! Meiji or Edo era Original,Edo era artist (unsigned),,This print with nice color and detail as shown. Rubbing and staining throughout. Several small losses. Backed with paper. Please see photos for details.,1,2024-03-05 15:34:29,4.1951
911796,A Clearance Opportunity! Meiji or Edo era Original,Edo era artist (not read),,This print with nice color and detail as shown. Rubbing and staining throughout. Several small losses. Backed with paper. Please see photos for details.,1,2024-03-05 15:34:29,4.0073
906896,A Clearance Opportunity! Meiji or Edo era Original,Sadahide (1807 - 1873),,This print with nice color and detail as shown. Wrinkling and staining throughout. Loss by bottom corner. Backed with paper. Please see photos for details.,1,2024-03-05 15:34:29,5.1905
905190,Fuji with Rafts in the Rushes,Hokusai (1760 - 1849),Series; One Hundred Views of Mt. Fuji (Fugaku Hyakkei)A Fuji Arts Special Offer Auction,Good color and detail as shown. Stitching holes at one side of each panel.,1,2024-03-05 15:34:29,3.9827
914332,Fuji through Flowers,Hokusai (1760 - 1849),Series; One Hundred Views of Mt. Fuji (Fugaku Hyakkei)A Fuji Arts Special Offer Auction,Good color and detail as shown. Stitching holes at one side of each panel.,1,2024-03-05 15:34:29,3.9827
911680,Fuji in a Good Harvest,Hokusai (1760 - 1849),Series; One Hundred Views of Mt. Fuji (Fugaku Hyakkei)A Fuji Arts Special Offer Auction,Good color and detail as shown. Stitching holes at one side of each panel.,1,2024-03-05 15:34:29,3.9827
909712,Fuji under Clouds,Hokusai (1760 - 1849),Series; One Hundred Views of Mt. Fuji (Fugaku Hyakkei)A Fuji Arts Special Offer Auction,Good color and detail as shown. Stitching holes at side.,1,2024-03-05 15:34:29,3.9827
905297,Fuji in the Mountains,Hokusai (1760 - 1849),Series; One Hundred Views of Mt. Fuji (Fugaku Hyakkei)A Fuji Arts Special Offer Auction,Good color and detail as shown. Stitching holes at one side of each panel.,1,2024-03-05 15:34:29,3.9827
910524,Fuji from Snake-Chasing Swamp,Hokusai (1760 - 1849),Series; One Hundred Views of Mt. Fuji (Fugaku Hyakkei)A Fuji Arts Special Offer Auction,Good color and detail as shown. Stitching holes at one side of each panel.,1,2024-03-05 15:34:29,3.9827
900505,Circling the Crater of Fuji,Hokusai (1760 - 1849),Series; One Hundred Views of Mt. Fuji (Fugaku Hyakkei)A Fuji Arts Special Offer Auction,Good color and detail as shown. Stitching holes at one side of each panel.,1,2024-03-05 15:34:29,3.9827
912735,A Clearance Opportunity! Meiji or Edo era Original,Toyokuni III/Kunisada (1786 - 1864),,This print with nice color and detail as shown. Rubbing and staining throughout. Please see photos for details.,1,2024-03-05 15:34:29,4.9902
908940,Kuzu,Tsukioka Kogyo (1869 - 1927),Series; Noga taikan (A Great Collection of Noh Pictures),Excellent color and detail. Some prints have a few light creases at edges or spots.,1,2024-03-05 15:34:30,4.273
910705,Ema (The Votive Tablets),Tsukioka Kogyo (1869 - 1927),Series; Noga taikan (A Great Collection of Noh Pictures),Excellent color and detail. Some prints have a few light creases at edges or spots.,1,2024-03-05 15:34:30,4.273
913942,Hotoke no Hara,Tsukioka Kogyo (1869 - 1927),Series; Noga taikan (A Great Collection of Noh Pictures),Excellent color and detail. Some prints have a few light creases at edges or spots.,1,2024-03-05 15:34:30,4.273
906191,Ebira,Tsukioka Kogyo (1869 - 1927),Series; Noga taikan (A Great Collection of Noh Pictures),Excellent color and detail. Some prints have a few light creases at edges or spots.,1,2024-03-05 15:34:30,4.273
914531,Shunzei Tadanori (Shunzei and Tadanori),Tsukioka Kogyo (1869 - 1927),Series; Noga taikan (A Great Collection of Noh Pictures),Excellent color and detail. Some prints have a few light creases at edges or spots.,1,2024-03-05 15:34:30,4.273
906570,Ikuta Atsumori,Tsukioka Kogyo (1869 - 1927),Series; Noga taikan (A Great Collection of Noh Pictures),Excellent color and detail. Some prints have a few light creases at edges or spots.,1,2024-03-05 15:34:30,4.273
905934,Awaji,Tsukioka Kogyo (1869 - 1927),Series; Noga taikan (A Great Collection of Noh Pictures),Excellent color and detail. Some prints have a few light creases at edges or spots.,1,2024-03-05 15:34:30,4.273
900502,Senju,Tsukioka Kogyo (1869 - 1927),Series; Noga taikan (A Great Collection of Noh Pictures),Excellent color and detail. Some prints have a few light creases at edges or spots.,1,2024-03-05 15:34:30,4.273
902511,Shari,Tsukioka Kogyo (1869 - 1927),Series; Noga taikan (A Great Collection of Noh Pictures),Excellent color and detail. Some prints have a few light creases at edges or spots.,1,2024-03-05 15:34:30,4.273
900360,"Drastic Price Reduction Moved to Clearance, Act Fast!",Meiji era artist (unsigned),Series; Ancient Customs Paintings,Nice color and detail. Some prints have a couple creases at edges or small spots.,1,2024-03-05 15:34:30,4.2429
910646,Kiso (Lord Kiso),Tsukioka Kogyo (1869 - 1927),Series; Noga taikan (A Great Collection of Noh Pictures),Excellent color and detail. Some prints have a few light creases at edges or spots.,1,2024-03-05 15:34:30,4.273
902172,Children Catching Fireflies,Yurimoto Keiko (1906 - 2000),Series; The Life Of Japanese Children,Excellent color and detail. No issues to report.,1,2024-03-05 15:34:31,4.9143
912713,"Night Rain at the Hunting Ground, 1842 - 1843",Kuniyoshi (1797 - 1861),Series; Virtuous Women for the Eight Views,"Good detail. Horizontal centerfold. Thinning at edges, a few holes. Creasing throughout.",1,2024-03-05 15:34:31,5.3703
902176,"Scene from Go hiiki yakko no konoshita, 1840",Kuniyoshi (1797 - 1861),,"Nice detail. Backed with paper. Light horizontal centerfold, vertical fold at side, a few repairs at edges.",1,2024-03-05 15:34:31,5.3703
907105,"Popular Otsu-e Paintings for the Times: A Long-Awaited Rarity, circa 1848",Kuniyoshi (1797 - 1861),,"Good detail. A few wormholes, repaired. Creasing throughout.",1,2024-03-05 15:34:31,5.3703
915876,"Chinzei Hachiro Tametomo, 1847 - 1852",Kuniyoshi (1797 - 1861),,"Nice detail. A few repairs, slight rubbing and a few creases at edges.",1,2024-03-05 15:34:31,5.3703
901850,"The Secrets of Strategy, 1847 - 1848",Kuniyoshi (1797 - 1861),Series; Biography of Yoshitsune,Nice detail. A few repairs and creases.,1,2024-03-05 15:34:31,5.3703
908742,"Dance of Daikoku, Yamagata",Miyao Shigeo (1902 - 1983),,Excellent color and detail. A couple tiny spots.,1,2024-03-05 15:34:31,4.9143
910132,Tomoe,Tsukioka Kogyo (1869 - 1927),Series; Noga taikan (A Great Collection of Noh Pictures),Excellent color and detail. Some prints have a few light creases at edges or spots.,1,2024-03-05 15:34:31,4.273
900764,Seaside Farewell,Takehisa Yumeji (1884 - 1934),,Nice color and detail. Light folds at corners.,0,2024-03-05 15:34:31,5.0143
907055,"Beauty from the Showa Era: Early Spring, 1931",Ito Shinsui (1898 - 1972),,"Excellent color and detail. Soft vertical fold near top, a few creases at edges.",1,2024-03-05 15:34:31,6.0658
902173,"Beauty from Meiji 15 (1882): Light Snowfall, circa 1931",Kiyokata Kaburagi (1886 - 1972),,"Excellent color and detail. Horizontal fold at bottom edge, a few creases at edges.",1,2024-03-05 15:34:31,4.9143
912561,"Autumn, 1927",Yamakawa Shuho (1898 - 1944),Series; Four Images of Women,"Excellent color and detail. Small loss at corner, repaired. A few faint spots in margins.",1,2024-03-05 15:34:31,5.1364
908123,Motomezuka,Tsukioka Kogyo (1869 - 1927),Series; Noga taikan (A Great Collection of Noh Pictures),Excellent color and detail. Some prints have a few light creases at edges or spots.,1,2024-03-05 15:34:31,4.273
900412,Cloth,Takehisa Yumeji (1884 - 1934),,Excellent color and detail. No issues to report.,0,2024-03-05 15:34:31,5.0143
914456,"Scene from Yoshitsune Senbon Zakura, 1856",Toyokuni III/Kunisada (1786 - 1864),,"Good detail. Diagonal fold at side, slight rubbing.",1,2024-03-05 15:34:32,4.9902
905114,Street Scene,Meiji era artist (unsigned),Series; Ancient Customs Paintings,"Nice color and detail. Small repair at edge, a few light creases at edges.",1,2024-03-05 15:34:32,4.2429
912108,Toyotomi Hideyoshi's Armor,Meiji era artist (not read),Series; Ancient Customs Paintings,Nice color and detail. Some prints have a couple creases at edges or small spots.,1,2024-03-05 15:34:32,4.2802
900374,The Heroine Matsukaze,Hiromitsu Nakazawa (1874 - 1964),"Series; The Complete Works of Chikamatsu Monzaemon, First Edition, circa 1922 - 1926",Excellent color and detail. A few small spots.,0,2024-03-05 15:34:32,4.2245
901003,The Heroine Koman from Seki,Yamamura Toyonari (1885 - 1942),"Series; The Complete Works of Chikamatsu Monzaemon, First Edition, circa 1922 - 1926",Excellent color and detail. A few small spots.,1,2024-03-05 15:34:32,4.3231
906425,"The Heroine Umekawa, circa 1923",Tsunetomi Kitano (1880 - 1947),"Series; The Complete Works of Chikamatsu Monzaemon, First Edition, circa 1922 - 1926",Excellent color and detail as shown. Staining.,1,2024-03-05 15:34:32,6.0634
905547,"Scene from Sakura Soshi Gonichi Bundan, 1861",Toyokuni III/Kunisada (1786 - 1864),,"Good detail. Vertical folds near side. Repair, slight rubbing at side.",1,2024-03-05 15:34:32,4.9902
902605,The Sailor Kezori Kuemon,Noda Kyuho (1879 - 1971),"Series; The Complete Works of Chikamatsu Monzaemon, First Edition, circa 1922 - 1926","Excellent color and detail. Crease at top edge, a few small spots.",1,2024-03-05 15:34:32,4.2911
910342,The Heroine Tora Gozen ,Ishikawa Toraji (1875 - 1964),"Series; The Complete Works of Chikamatsu Monzaemon, First Edition, circa 1922 - 1926","Excellent color and detail. Slight soiling, a few small marks.",1,2024-03-05 15:34:32,4.9574
900415,The Deity Fudo and the Priest Mongaku,Tomita Keisen (1879 - 1936),"Series; The Complete Works of Chikamatsu Monzaemon, First Edition, circa 1922 - 1926","Excellent color and detail. Small spot and indented line in margin, a couple creases at edges.",1,2024-03-05 15:34:32,4.6211
910568,"Kataoka Gado II as Issun Tokubei and Morita Kan'ya XI as Tsurifune no Sabu, 1855",Toyokuni III/Kunisada (1786 - 1864),,"Good detail. Diagonal and vertical folds, a couple repairs and creases.",1,2024-03-05 15:34:32,4.9902
901382,The Heroine Yugiri,Shima Seien (1892 - 1970),"Series; The Complete Works of Chikamatsu Monzaemon, First Edition, circa 1922 - 1926","Excellent color and detail. A few small spots, a few creases at edges.",1,2024-03-05 15:34:32,5.3351
915387,Gedatsu (The Release),Torii Kiyotada VII (1875 - 1941) ,Series; The Eighteen Kabuki Plays,Excellent color and detail. Some prints have a couple light creases at edges or small spots.,1,2024-03-05 15:34:32,4.9143
903058,Fuwa (The Unbreakable),Torii Kiyotada VII (1875 - 1941) and Torii Kiyosada (1844 - 1901),Series; The Eighteen Kabuki Plays,Excellent color and detail. Some prints have a couple light creases at edges or small spots.,1,2024-03-05 15:34:32,4.9143
906386,"Crowds at the Senso Temple, High in the Mountains, 1856",Kuniyoshi (1797 - 1861),,Good detail. A couple light creases at edges and small repairs.,1,2024-03-05 15:34:32,5.3703
915824,"The Village School Scene from Sugawara Denju Tenarai Kagami, 1850",Kuniyoshi (1797 - 1861),,"Good detail. Stitching holes at one side of each panel, repaired. Diagonal wrinkle at top of right panel, small wrinkle and a few creases at edges.",1,2024-03-05 15:34:32,5.3703
908611,Shibaraku (Wait a Minute),Torii Kiyotada VII (1875 - 1941) and Torii Kiyosada (1844 - 1901),Series; The Eighteen Kabuki Plays,Excellent color and detail. Some prints have a couple light creases at edges or small spots.,1,2024-03-05 15:34:32,4.9143
908587,Tokiwa Gozen Brought before Taira no Kiyomori,Kuniyoshi (1797 - 1861),,"Good detail. Horizontal folds. Wormholes at edges, a few holes, repaired. Creasing throughout.",1,2024-03-05 15:34:32,5.3703
908252,Nanatsumen (The Seven Masks),Torii Kiyotada VII (1875 - 1941) and Torii Kiyosada (1844 - 1901),Series; The Eighteen Kabuki Plays,Excellent color and detail. Some prints have a couple light creases at edges or small spots.,1,2024-03-05 15:34:32,4.9143
900173,Kamahige (Sickle Whiskers),Torii Kiyotada VII (1875 - 1941) and Torii Kiyosada (1844 - 1901),Series; The Eighteen Kabuki Plays,"Excellent detail. Small repair, crease at edge.",1,2024-03-05 15:34:32,4.9143
908003,Kenuki (The Tweezers),Torii Kiyotada VII (1875 - 1941),Series; The Eighteen Kabuki Plays,Excellent color and detail. Some prints have a couple light creases at edges or small spots.,1,2024-03-05 15:34:32,4.779
901404,Kagekiyo,Torii Kiyotada VII (1875 - 1941) and Torii Kiyosada (1844 - 1901),Series; The Eighteen Kabuki Plays,Excellent color and detail. Some prints have a couple light creases at edges or small spots.,1,2024-03-05 15:34:32,4.9143
913222,Kanjincho (The Subscription List),Torii Kiyotada VII (1875 - 1941) and Torii Kiyosada (1844 - 1901),Series; The Eighteen Kabuki Plays,Excellent color and detail. Some prints have a couple light creases at edges or small spots.,1,2024-03-05 15:34:32,4.9143
914802,"Kato Kiyomasa, No. 18",Chikanobu (1838 - 1912),"Series; Eastern Brocades, Day and Night Compared",Excellent color and detail.,1,2024-03-05 15:34:33,5.3508
903324,Yoshida: Willow and Private Estate,Junichiro Sekino (1914 - 1988),Series: The Fifty-three Stations of the Tokaido,"Excellent color and detail. A few creases at edges, a few stains.",1,2024-03-05 15:34:33,6.0388
903379,"Parting of the Kusunoki Masashige and His Son at Sakurai, 1892",Nobukazu (1874 - 1944),,Excellent color and good detail. A few small repairs and small spots.,1,2024-03-05 15:34:33,5.3052
913775,Young Fowls and Nardosmia,Nakayama Sugakudo (active circa 1850 - 1860),Series; Forty-eight Hawks Drawn from Life,Excellent color and detail. Backed with paper. A couple small spots.,1,2024-03-05 15:34:33,4.659
901101,"Blackbird, Rapeseed, and Wild Pea",Nakayama Sugakudo (active circa 1850 - 1860),Series; Forty-eight Hawks Drawn from Life,Excellent color and detail. Backed with paper.,1,2024-03-05 15:34:33,4.659
909252,Parrot and Daphne,Nakayama Sugakudo (active circa 1850 - 1860),Series; Forty-eight Hawks Drawn from Life,Excellent color and detail. Backed with paper.,1,2024-03-05 15:34:33,4.659
902337,Parroquet and Wild Plum,Nakayama Sugakudo (active circa 1850 - 1860),Series; Forty-eight Hawks Drawn from Life,Excellent color and detail. Backed with paper.,1,2024-03-05 15:34:33,4.659
906817,Kakegawa: Mountain-top Kannon,Junichiro Sekino (1914 - 1988),Series: The Fifty-three Stations of the Tokaido,"Excellent color and detail. A few creases at edges, faint spotting.",1,2024-03-05 15:34:33,6.0388
915553,Mishima: Mishima Shrine,Junichiro Sekino (1914 - 1988),Series: The Fifty-three Stations of the Tokaido,Excellent color and detail. Light crease at corner.,1,2024-03-05 15:34:33,6.0388
914470,Sparrow and Cotton Rose,Shizuo Ashikaga (1917 - 1991),,This print with excellent color and detail as shown. Some creases at edges. Please see photos for details. Good overall.,1,2024-03-05 15:34:33,4.7306
909861,Maiko on a Verandah,Shin-hanga & Modern artist (not read),,Excellent color and detail. No issues to report.,1,2024-03-05 15:34:33,4.0626
907690,Rooster and Hen,Takahashi Biho (1873 - ?),,"This print with excellent color and detail as shown. A couple creases at edges and small spots. Stamped ""Made in Japan No. 66"" on reverse. Please see photos for details.",1,2024-03-05 15:34:33,4.4259
914619,Maiko at the Silver Pavilion,Shin-hanga & Modern artist (not read),,Excellent color and detail. No issues to report.,1,2024-03-05 15:34:33,4.0626
915154,Maiko on a Snowy Day,Shin-hanga & Modern artist (not read),,Excellent color and detail.,1,2024-03-05 15:34:33,4.0626
903558,Maiko on a Bridge,Shin-hanga & Modern artist (not read),,Excellent color and detail. No issues to report.,1,2024-03-05 15:34:33,4.0626
908516,Maiko on a Moonlit Night,Shin-hanga & Modern artist (not read),,Excellent color and detail. Light crease at edge.,1,2024-03-05 15:34:33,4.0626
911039,Bunraku,Nishimura Goun (1877 - 1938),"Series; The Complete Works of Chikamatsu Monzaemon, First Edition, circa 1922 - 1926","This print with excellent color and detail as shown. Slight toning, a few spots, a couple creases at corners, soiling at edges. Please see photos for details.",1,2024-03-05 15:34:33,4.5662
906993,A Swordsman,Yamaguchi Sohei (1882 - 1961),"Series; The Complete Works of Chikamatsu Monzaemon, First Edition, circa 1922 - 1926","This print with excellent color and detail as shown. Slight toning, a few creases at edges and small spots, fiber in paper. Please see photos for details.",1,2024-03-05 15:34:33,4.3853
900934,"The Heroine Koharu, 1922 ",Keigetsu Kikuchi (1879 - 1955),"Series; The Complete Works of Chikamatsu Monzaemon, First Edition, circa 1922 - 1926","Excellent color and detail. A couple spots.  Please note, the darkening along the edge of the face and hands is from the oxidation of the pigment used, and is typical for this subject.",1,2024-03-05 15:34:33,4.686
905539,"The Heroine Osan, circa 1923",Saburosuke Okada (1869 - 1939),"Series; The Complete Works of Chikamatsu Monzaemon, First Edition, circa 1922 - 1926",Excellent color and detail. A few small spots.,1,2024-03-05 15:34:33,5.3297
915603,Cockatoo on a Basket of Orchids,Ichiro (dates unknown),,This print with excellent color and detail as shown. A few small spots and light creases. Please see photos for details.,1,2024-03-05 15:34:33,4.5423
907581,"Rokuharamitsu-ji in Kyoto, Yamashiro Province, No. 17 of the Saikoku Pilgrimage Route, 1859",Toyokuni III/Kunisada (1786 - 1864) and Hiroshige II (1826 - 1869),Series; Miracles of Kannon (Kannon reigenki),"Nice color and detail. Backed with paper. Wormhole, repaired.",1,2024-03-05 15:34:34,4.9794
911799,"Makinoo-dera in Izumi Province, No. 4 of the Saikoku Pilgrimage Route, 1858",Toyokuni III/Kunisada (1786 - 1864) and Hiroshige II (1826 - 1869),Series; Miracles of Kannon (Kannon reigenki),"Nice color and detail. Backed with paper. Vertical fold at side, light diagonal fold at center, small rubbed spot.",1,2024-03-05 15:34:34,4.9794
909186,"Mii-dera in Omi Province, No. 14 of the Saikoku Pilgrimage Route, 1859",Toyokuni III/Kunisada (1786 - 1864) and Hiroshige II (1826 - 1869),Series; Miracles of Kannon (Kannon reigenki),Nice color and detail. Backed with paper.,1,2024-03-05 15:34:34,4.9794
907814,"Lady Nii, No. 37",Chikanobu (1838 - 1912),"Series; Eastern Brocades, Day and Night Compared",Excellent color and detail.,1,2024-03-05 15:34:34,5.3508
915260,"Oka-dera in Yamato Province, No. 7 of the Saikoku Pilgrimage Route, 1859",Toyokuni III/Kunisada (1786 - 1864) and Hiroshige II (1826 - 1869),Series; Miracles of Kannon (Kannon reigenki),Nice color and detail. Backed with paper.,1,2024-03-05 15:34:34,4.9794
904016,"Ishiyama-dera in Omi Province, No.13 of the Saikoku Pilgrimage Route, 1858",Toyokuni III/Kunisada (1786 - 1864) and Hiroshige II (1826 - 1869),Series; Miracles of Kannon (Kannon reigenki),Nice color and detail. Backed with paper.,1,2024-03-05 15:34:34,4.9794
915483,"Tanikumidera in Mino Province, No.33 of the Saikoku Pilgrimage Route, 1859",Toyokuni III/Kunisada (1786 - 1864) and Hiroshige II (1826 - 1869),Series; Miracles of Kannon (Kannon reigenki),Nice color and detail. Backed with paper.,1,2024-03-05 15:34:34,4.9794
904296,"Scene from Ami moyo toro no kikukiri, 1857",Toyokuni III/Kunisada (1786 - 1864),,"Nice detail. A few wormholes, repaired. A few creases.",1,2024-03-06 15:37:26,4.9902
902182,"Ogyu Sorai, 1886",Kiyochika (1847 - 1915),Series; Foundations of Morality and Success (Kyodo Risshi no Motoi),Nice detail. Backed with somewhat stiff paper.,1,2024-03-06 15:37:27,5.1663
912692,"Villa of a Wealthy Family, 1889",Chikanobu (1838 - 1912),,"Nice color and detail. Folds at corners. Small loss at corner, small hole, repaired. A few creases.",1,2024-03-06 15:37:27,5.3508
914171,Arguing on a Winter Day,Toyokuni III/Kunisada (1786 - 1864),,Good detail. A few repairs and light creases.,1,2024-03-06 15:37:27,4.9902
906175,"Scene from Kujira Obi Nishiki no Shingata, 1867",Yoshitoshi (1839 - 1892),A Fuji Arts Special Offer Auction,Nice detail. A few repairs and creases.,1,2024-03-06 15:37:28,5.7164
912838,Title Page for Thirty-Six Ghosts,Yoshitoshi (1839 - 1892),Series; New Forms of Thirty-six GhostsA Fuji Arts Special Offer Auction,Nice detail. Vertical fold at side. A couple small repairs and creases.,1,2024-03-06 15:37:28,5.7164
911226,"Uesugi Terutora Kenshin Dances in Front of a Bonfire, 1878",Yoshitoshi (1839 - 1892),Series; Mirror of Famous Generals of JapanA Fuji Arts Special Offer Auction,"Good color and detail. Small repair, a couple light creases at edges.",1,2024-03-06 15:37:28,5.7164
911656,"Nitta no Yoshisada, 1876",Yoshitoshi (1839 - 1892),Series; Mirror of Famous Generals of JapanA Fuji Arts Special Offer Auction,Good color and detail. Backed with somewhat stiff paper.,1,2024-03-06 15:37:28,5.7164
908702,Priest Helping Hino Kumawakamura Escape from Sado,Yoshitoshi (1839 - 1892),Series; Twenty-four Accomplishments in Imperial JapanA Fuji Arts Special Offer Auction,Nice detail. Backed with paper.,1,2024-03-06 15:37:28,5.7164
907457,"Okatsu of the Obana Clan, 1887",Yoshitoshi (1839 - 1892),Series; Personalities of Recent TimesA Fuji Arts Special Offer Auction,Nice color and detail. Horizontal and vertical folds. Slight creasing.,1,2024-03-06 15:37:28,5.7164
909526,Asaoka,Yoshitoshi (1839 - 1892),"Series; Mirror of Beauties Past and Present, 1875 - 1876A Fuji Arts Special Offer Auction","Good detail. Vertical folds, a few small repairs and creases.",1,2024-03-06 15:37:28,5.7164
914956,Musashi Koman of Shimbashi and the Warrior Yorimasa,Yoshitoshi (1839 - 1892),"Series; Six Poems of Love and Valor, 1879A Fuji Arts Special Offer Auction","Good detail. Horizontal and diagonal folds, a few repairs and wrinkles.",1,2024-03-06 15:37:28,5.7164
903862,Twisting the Nose of a Tengu at the Kompira Shrine at Toranomon,Yoshitoshi (1839 - 1892),Series; Crazy Pictures of Famous Places in TokyoA Fuji Arts Special Offer Auction,Good color and detail. Backed with somewhat stiff paper.,1,2024-03-06 15:37:28,5.7164
907098,An Honest Rickshaw Driver; A Bad-mannered Rickshaw Driver,Yoshitoshi (1839 - 1892),"Series; Moral Lessons through Pictures of Good and Evil, 1880A Fuji Arts Special Offer Auction","Nice color and detail. A few small repairs, a couple light creases at edges.",1,2024-03-06 15:37:28,5.7164
914730,"A Chronicle of the War in Kagoshima: The Main Camp at Kawajiri, 1877",Yoshitoshi (1839 - 1892),A Fuji Arts Special Offer Auction,Nice color and detail. Backed with somewhat stiff paper. Vertical folds.,1,2024-03-06 15:37:28,5.7164
913415,Emperor Go-Daigo Escaping a Burning Castle,Yoshitoshi (1839 - 1892),Series; A Short Illustrated History of Great Japan (Dai Nippon shiyaku zue)A Fuji Arts Special Offer Auction,Nice detail. Backed with paper. Vertical folds.,1,2024-03-06 15:37:28,5.7164
915785,"Kato Kiyomasa Viewing Mt. Fuji from the Coast of Korea, 1887",Yoshifuji (1828 - 1889),,"Nice color and detail. Thinning and separation along vertical folds, small loss and tears at edges, a few holes, repaired. Slight creasing.",1,2024-03-06 15:37:28,4.864
912013,"Tenjitsubo Hosaku, 1866",Yoshiiku (1833 - 1904),Series; Twenty-eight Famous Murders with Verse,"Nice detail. Backed with paper. Small losses at edges, stitching holes at side, repaired. Rubbing at edge.",1,2024-03-06 15:37:28,5.0906
900908,"Marigase Shuya, 1867",Yoshiiku (1833 - 1904),Series; Twenty-eight Famous Murders with Verse,Nice detail. Backed with paper. Vertical crease at side where backing papers meet.,1,2024-03-06 15:37:28,5.0906
901495,"A List of Noted Places at the Second National Industrial Exposition at Ueno Park, 1881",Kunitoshi (1847 - 1899),,Good detail. Backed with paper. A few wrinkles.,1,2024-03-06 15:37:28,4.5527
906137,"Watanabe no Tsuna on Horseback in the Rain, 1865",Yoshitoshi (1839 - 1892),Series; One Hundred Ghost Stories of China and JapanA Fuji Arts Special Offer Auction,"Good detail. Backed with paper. Vertical and diagonal folds, a few repairs, creasing throughout.",1,2024-03-06 15:37:28,5.7164
914571,A Kite Flies Off with a Bonito at Seidozaka,Yoshitoshi (1839 - 1892),Series; Crazy Pictures of Famous Places in TokyoA Fuji Arts Special Offer Auction,Nice color and detail. Backed with somewhat stiff paper. A couple creases at corner.,1,2024-03-06 15:37:29,5.7164
910631,"New Play at the Kabukiza, 1891",Kunisada III (1848 - 1920),A Fuji Arts $25 Opening Special Offer Auction! Get your bid in!,"Good color and detail. A couple creases, lightly rubbed spot.",1,2024-03-06 15:37:29,4.5157
905922,"A Woman Falling down the Arched Bridge at Temmangu Shrine, Kameido",Yoshitoshi (1839 - 1892),Series; Crazy Pictures of Famous Places in TokyoA Fuji Arts Special Offer Auction,Nice color and detail. Backed with somewhat stiff paper. A couple creases at corner.,1,2024-03-06 15:37:29,5.7164
913329,Takanawa,Eishi (1756 - 1829),Series; Famous Places Represented by Sake CupsA Fuji Arts $25 Opening Special Offer Auction! Get your bid in!,Nice color and detail. A couple light creases at edges.,0,2024-03-06 15:37:29,4.2988
909687,"Play in the Road at Okazaki, 1883",Toyonobu (1859 - 1886),Series; The New Biography of Toyotomi Hideyoshi (Shinsen Taikoki)A Fuji Arts $25 Opening Special Offer Auction! Get your bid in!,"Nice detail. Folds, a few repairs, wrinkling throughout.",1,2024-03-06 15:37:29,5.4468
911282,"The 47 Ronin at Ryogoku Bridge, 1847 - 1850",Kuniyoshi (1797 - 1861),A Fuji Arts $25 Opening Special Offer Auction! Get your bid in!,"Good detail. Thinning along vertical folds, a few holes, repaired. Slight rubbing, a couple creases at edges.",1,2024-03-06 15:37:29,5.3703
913884,"First Torii Gate at the Atsuta Shrine, 1863",Yoshitsuya (1822 - 1866),"Series; Famous Places along the Tokaido Road (The Processional Tokaido), 1863A Fuji Arts $25 Opening Special Offer Auction! Get your bid in!",Nice detail. Vertical and diagonal folds. A few repairs and creases.,1,2024-03-06 15:37:29,4.846
900118,"The Appeal of the Four Seasons, 1857",Toyokuni III/Kunisada (1786 - 1864),A Fuji Arts $25 Opening Special Offer Auction! Get your bid in!,"Good detail. Horizontal and vertical folds, repairs.",1,2024-03-06 15:37:29,4.9902
904443,Two Beauties Kakemono Original Painting,Meiji era artist (unsigned),A Fuji Arts $25 Opening Special Offer Auction! Get your bid in!,"Nice detail. Backed with paper. Horizontal folds, wrinkling throughout. Wormholes at side, a few holes, repaired.",1,2024-03-06 15:37:29,4.2429
913484,Dragonfly and Moths,Meiji era artist (unsigned),A Fuji Arts $25 Opening Special Offer Auction! Get your bid in!,Excellent color and detail. A couple light creases at edges.,1,2024-03-06 15:37:29,4.2429
906308,Suruga-cho,Hiroshige (1797 - 1858),Series; One Hundred Famous Views of EdoA Fuji Arts $25 Opening Special Offer Auction! Get your bid in!,Excellent color and detail. A couple light creases at edges,0,2024-03-06 15:37:29,4.6198
912281,"Tsukuda Island in Musashi Province, Edo",Hokusai (1760 - 1849),Series; Thirty-six Views of FujiA Fuji Arts $25 Opening Special Offer Auction! Get your bid in!,Nice detail. A few small spots.,0,2024-03-06 15:37:29,3.9827
912575,"Beauty in Summer Kimono, Seated, 1920 - Limited Edition Commemorative Print",Hashiguchi Goyo (1880 - 1921),A Fuji Arts $25 Opening Special Offer Auction! Get your bid in!,"Excellent color and detail. Small stain on background, small spot on neck, a couple small fibers in paper on chest.",1,2024-03-06 15:37:29,5.4019
915751,The Syllable Mi: Ichimura Kakitsu IV as Yukukawa Sanpei Munenori,Toyokuni III/Kunisada (1786 - 1864),"Series; Stories of the Faithful Samurai, 1864A Fuji Arts $25 Opening Special Offer Auction! Get your bid in!",Nice color and detail. Backed with paper. Some prints have a couple small spots or slight rubbing at edge.,1,2024-03-06 15:37:30,4.9902
911994,Yamauba and Kintaro,Utamaro (1750 - 1806),A Fuji Arts $25 Opening Special Offer Auction! Get your bid in!,Excellent overall with no issues to report.,0,2024-03-06 15:37:30,4.0166
901671,Annaka,Hiroshige (1797 - 1858),Series; Sixty-nine Stations of the KisokaidoA Fuji Arts $25 Opening Special Offer Auction! Get your bid in!,With excellent color and detail. Please see photos for details. Good overall.,0,2024-03-06 15:37:30,4.6198
913892,Tokusa Kari (Gathering Rushes),Hokusai (1760 - 1849),A Fuji Arts $25 Opening Special Offer Auction! Get your bid in!,This print with excellent color and detail as shown. Please see photos for details. Nice overall.,0,2024-03-06 15:37:30,3.9827
912857,Utagawa and Nanasato of the Yotsuba House,Masanobu (1761 - 1816),Series; New Beauties of the Yoshiwara in the Mirror of their Own ScriptA Fuji Arts $25 Opening Special Offer Auction! Get your bid in!,This print with excellent color and detail as shown. Vertical centerfold. A few creases and small marks. Please see photos for details.,0,2024-03-06 15:37:30,4.9143
911669,"Fujikawa, Station No. 38",Eisen (1790 - 1848),From an untitled series of beauties on the Tokaido RoadA Fuji Arts $25 Opening Special Offer Auction! Get your bid in!,This print with excellent color and detail as shown. Please see photos for details.,0,2024-03-06 15:37:30,5.4133
906419,"Scene from Engi-mo Yosa Takara no Mayudama, 1898",Kunichika (1835 - 1900),A Fuji Arts $25 Opening Special Offer Auction! Get your bid in!,Excellent color and good detail. Backed with somewhat stiff paper. Light vertical lines where backing papers meet.,1,2024-03-06 15:37:30,4.9712
900034,"The Demon of Mt. Togakushi, 1887",Kunichika (1835 - 1900),A Fuji Arts $25 Opening Special Offer Auction! Get your bid in!,Nice color and detail. Backed with somewhat stiff paper. Vertical fold between panels.,1,2024-03-06 15:37:30,4.9712
914480,"Beauty after a Bath, 1867",Kunisada II (1823 - 1880),A Fuji Arts $25 Opening Special Offer Auction! Get your bid in!,"Good detail. Small repairs, mostly at edges. A few wrinkles at edges.",1,2024-03-06 15:37:30,5.0398
905042,Courtesan Hinazaru Pillar Print,Choki (active circa 1785 - 1805),A Fuji Arts $25 Opening Special Offer Auction! Get your bid in!,"Nice color and detail. Folded by publisher, a couple light creases at edges.",0,2024-03-06 15:37:30,4.5114
909757,The Syllable Ko: Jitsukawa Enjaku I as Ushioda Matanojo Takanori,Toyokuni III/Kunisada (1786 - 1864),"Series; Stories of the Faithful Samurai, 1864A Fuji Arts $25 Opening Special Offer Auction! Get your bid in!",Nice color and detail. Backed with paper. Some prints have a couple small spots or slight rubbing at edge.,1,2024-03-06 15:37:30,4.9902
908699,"Onoe Kikugoro V as Tobi Kakitsu (above), Nakamura Shikan IV as a Footman, Bando Mitsugoro VI as a Courtesan, and Bando Hikosaburo V as a Daimyo",Kunichika (1835 - 1900),"Series; Hit Actors in a Contest of Storytelling, 1873","Nice color and detail. Backed with paper. Small repair at edge, vertical wrinkle near right side.",1,2024-03-06 15:37:31,4.9712
903450,"Nakamura Shikan IV as Kunisada Chuji (above), Onoe Kikugoro V as Shicho Goromata, Kawarazaki Sansho I as Shicho Taromata, and Nakamura Sojuro I as Shicho Jiromata",Kunichika (1835 - 1900),"Series; Hit Actors in a Contest of Storytelling, 1873","Nice color and detail. Backed with paper. Thinning at edge, repaired.",1,2024-03-06 15:37:31,4.9712
909623,"Kabuki, 1999",Masaya Watabe (born 1931),A Fuji Arts $25 Opening Special Offer Auction! Get your bid in!,Excellent color and detail. A couple light creases at edge.,1,2024-03-06 15:37:31,4.3513
912748,"The Battle at Tianzhuangdai: The Gathering of Eleven Generals, 1895",Gekko (1859 - 1920),A Fuji Arts $25 Opening Special Offer Auction! Get your bid in!,"Excellent color and detail. Backed with paper. Vertical folds between panels, light horizontal lines where backing papers meet.",1,2024-03-06 15:37:31,4.7082
903226,Beauty with a Battledore Kakemono,Kuniyoshi (1797 - 1861),A Fuji Arts $25 Opening Special Offer Auction! Get your bid in!,Good detail. Backed with paper. Horizontal folds.,1,2024-03-06 15:37:31,5.3703
905479,"The Image of a Japanese Beauty Kakemono, 1843 - 1845",Toyokuni III/Kunisada (1786 - 1864),A Fuji Arts $25 Opening Special Offer Auction! Get your bid in!,Good detail. Horizontal centerfold. A few small repairs.,1,2024-03-06 15:37:31,4.9902
910884,"A Parody of the Hana no en Chapter in Genji, 1855",Toyokuni III/Kunisada (1786 - 1864),A Fuji Arts $25 Opening Special Offer Auction! Get your bid in!,"Good detail. A few small repairs, light vertical fold in right panel.",1,2024-03-06 15:37:31,4.9902
902137,"Ichikawa Danjuro VII as Takechi Mitsuhide, Ichikawa Danjuro VIII as Fuwa Banzaemon, and Ichikawa Gonjuro I as Nagoya Sanza, 1861",Toyokuni III/Kunisada (1786 - 1864),"Series; Toyokuni's Manga on Three Wine Cups, 1861A Fuji Arts $25 Opening Special Offer Auction! Get your bid in!","Nice detail. A few small repairs at edges, horizontal centerfold, light creasing throughout.",1,2024-03-06 15:37:31,4.9902
913406,"Bando Mitsugoto III as Kumagai Naozane, Bando Shuka I as Yamauba, and Bando Mitsugoro VI as Kaidomaru, 1861",Toyokuni III/Kunisada (1786 - 1864),"Series; Toyokuni's Manga on Three Wine Cups, 1861A Fuji Arts $25 Opening Special Offer Auction! Get your bid in!","Nice detail. A few small repairs at edges, horizontal centerfold, light creasing throughout.",1,2024-03-06 15:37:31,4.9902
910248,"Fuji, 1981",Okumura Togyu (1889 - 1990),A Fuji Arts $25 Opening Special Offer Auction! Get your bid in!,Nice color and detail. A couple light creases at edges. Tape remnants on reverse at edges from previous mounting.,1,2024-03-06 15:37:31,5.0949
901343,"Cockfighting in a Garden, 1898",Chikanobu (1838 - 1912),A Fuji Arts $25 Opening Special Offer Auction! Get your bid in!,"Excellent color and detail. Backed with paper. A few small holes, repaired.",1,2024-03-06 15:37:31,5.3508
909624,"Onoe Kikugoro V as the Ghost of Okiku (above), Sawamura Tossho II as Izumi Saburo, and Nakamura Juzaburo as Gotobei",Kunichika (1835 - 1900),"Series; Hit Actors in a Contest of Storytelling, 1873","Nice color and detail. Backed with paper. Slight paper remnants at side, light glue residue at center right.",1,2024-03-06 15:37:31,4.9712
905450,"The 47 Ronin, Act 8",Chikanobu (1838 - 1912),Series; Bamboo JointsA Fuji Arts $25 Opening Special Offer Auction! Get your bid in!,Excellent color and good detail.,1,2024-03-06 15:37:31,5.3508
905249,Ichikawa Sadanji I as Osho Jiro (above) and Nakamura Shikan IV as a Nio Nidayu,Kunichika (1835 - 1900),"Series; Hit Actors in a Contest of Storytelling, 1873",Nice color and detail. Backed with paper.,1,2024-03-06 15:37:31,4.9712
911938,"Sawamura Tanosuke III as Otake (above), Ichikawa Sadanji I as Marubashi Chuya, and Nakamura Arajiro I as Police Officer Tsujibei",Kunichika (1835 - 1900),"Series; Hit Actors in a Contest of Storytelling, 1873","Nice color and detail. Backed with paper. Wormhole and a few tiny holes, repaired.",1,2024-03-06 15:37:31,4.9712
905851,"Kawarazaki Mimasu as the Monk Renseibo (above), Bando Hikosaburo V as Jinnai, and Ichikawa Sadanji I as as Rickshaw Driver",Kunichika (1835 - 1900),"Series; Hit Actors in a Contest of Storytelling, 1873",Nice color and detail. Backed with paper. Slight rubbing along vertical fold.,1,2024-03-06 15:37:31,4.9712
904826,Ichikawa Sadanji I as Shimizu Daikaku (above) and Kawarazaki Sansho I as Ishikawa Goemon,Kunichika (1835 - 1900),"Series; Hit Actors in a Contest of Storytelling, 1873",Nice color and detail. Backed with paper.,1,2024-03-06 15:37:31,4.9712
911262,"Ichikawa Sadanji I as Hanemasu Yukichi (above), Bando Hikosaburo V as Okubo Hikozaemon, and Nakamura Shikan IV as Abe Bungo no kami",Kunichika (1835 - 1900),"Series; Hit Actors in a Contest of Storytelling, 1873",Nice color and detail. Backed with paper.,1,2024-03-06 15:37:31,4.9712
909298,"Kawarazaki Sansho I as Matsuzen'ya Gorozo (above), and Nakamura Shikan IV as Kato Kiyomasa",Kunichika (1835 - 1900),"Series; Hit Actors in a Contest of Storytelling, 1873",Nice color and detail. Backed with paper.,1,2024-03-06 15:37:31,4.9712
908301,"Onoe Kikugoro V as Net Fisherman Shichigoro (above), Nakamura Sojuro I as Kisanta, Kawarazaki Sansho I as Kiichi, and Bando Kakitsu as Torazo",Kunichika (1835 - 1900),"Series; Hit Actors in a Contest of Storytelling, 1873",Nice color and detail. Backed with paper.,1,2024-03-06 15:37:31,4.9712
912331,"Nakamura Sojuro I as Hanshichi (above), and Kawarazaki Sansho I as Lord Hidetsugu",Kunichika (1835 - 1900),"Series; Hit Actors in a Contest of Storytelling, 1873",Nice color and detail. Backed with paper.,1,2024-03-06 15:37:31,4.9712
908766,"Nakamura Kanjaku III as Musashi (above), and Nakamura Shikan IV as both Matsuyama and Wankyu",Kunichika (1835 - 1900),"Series; Hit Actors in a Contest of Storytelling, 1873",Nice color and detail. Backed with paper.,1,2024-03-06 15:37:31,4.9712
904613,Flower Arranging,Chikanobu (1838 - 1912),A Fuji Arts $25 Opening Special Offer Auction! Get your bid in!,Nice color and good detail. A few small repairs.,1,2024-03-06 15:37:31,5.3508
905792,"Nakamura Shikan IV (above), and Kawarazaki Sansho I as Kiyomasa",Kunichika (1835 - 1900),"Series; Hit Actors in a Contest of Storytelling, 1873",Nice color and detail. Backed with paper.,1,2024-03-06 15:37:31,4.9712
909452,Takeda Katsuyori,Sadanobu III (1881 - 1963),,"Nice color and detail. Diagonal folds, creasing throughout.",1,2024-03-06 15:37:32,4.4177
901504,"Soga Goro, 1941",Sadanobu III (1881 - 1963),,"Nice color and detail. Small tear at edge, repaired. A few creases at edges.",1,2024-03-06 15:37:32,4.4177
906983,"Nozarashi Hiding behind a Curtain, 1865",Kunisada II (1823 - 1880),,"Good detail. Vertical fold at side of two panels. Thinning one fold, hole, repaired.",1,2024-03-06 15:37:32,5.0398
912855,"Angry Sumo Wrestler, 1861",Kuniaki (1835 - 1888) ,,Nice detail. A few small repairs.,1,2024-03-06 15:37:32,4.9143
905313,"Commoner and Fisherman at the Shore, 1857",Toyokuni III/Kunisada (1786 - 1864),,Nice color and detail.,1,2024-03-06 15:37:32,4.9902
906585,Scene from Yoshitsune Senbon Zakura,Kunisada III (1848 - 1920),,"Nice color and detail. Vertical fold in two panels. Tear and small losses at edge, repaired. A few creases.",1,2024-03-06 15:37:32,4.5157
914924,"Threatening a Samurai with a Broken Bottle, 1867",Kunichika (1835 - 1900),,Nice color and detail. A few small repairs.,1,2024-03-06 15:37:32,4.9712
906756,"Confrontation at the Foot of a Bridge, 1867",Kunichika (1835 - 1900),,Nice color and detail. A couple creases at edges and small repairs.,1,2024-03-06 15:37:32,4.9712
900547,"Taira no Kiyomori Gesturing to the Sun to Stand Still, 1842 - 1843",Kuniyoshi (1797 - 1861),,"Good detail. Backed with paper. A couple losses, wormholes, repaired.",1,2024-03-06 15:37:32,5.3703
911511,"Great Battle in Outer Hyogo: The Battle of Minatogawa, circa 1842 - 1843",Kuniyoshi (1797 - 1861),,"Good detail. Backed with paper. A few wormholes, repaired. Slight rubbing.",1,2024-03-06 15:37:32,5.3703
906274,"Temple of Heaven, Peking",Katharine Jowett (1883 - 1972),,"Nice color and detail. Light spotting, a few light creases at edges.",1,2024-03-06 15:37:32,4.9143
913204,"Courtesan and Girl in a Garden, 1862",Kunichika (1835 - 1900),Series; How to Master Hauta Songs,"Nice detail. Backed with paper. Small repair, a couple creases at edge.",1,2024-03-06 15:37:33,4.9712
902532,"Reading a Letter, circa 1840",Kuniyoshi (1797 - 1861),Series; Instruction for Children in the Accomplishments,"Good detail. Horizontal folds.  A few wormholes, repaired. Light creasing throughout.",1,2024-03-06 15:37:33,5.3703
910269,Minamoto no Yoshitsune at Horikawa Palace,Toyokuni III/Kunisada (1786 - 1864),,"Nice detail. Thinning along horizontal centerfold, a few holes, repaired.",1,2024-03-06 15:37:33,4.9902
911696,Asano Takumi no kami kerai Oishi Kuranosuke Yoshio,Gekko (1859 - 1920),"Series; Pictures of the Forty-seven Loyal Retainers, 1895 - 1903","Nice color and detail. Horizontal folds. A few repairs, creasing throughout.",1,2024-03-06 15:37:33,4.7082
910970,"The 47 Ronin, Act 6: The Suicide of Kampei and the Departure of Okaru, 1866",Kunichika (1835 - 1900),Series; The Storehouse of Loyal Retainers,"Good color and detail. Stitching holes at one side of each panel, a few holes, repaired. A couple wrinkles at edges.",1,2024-03-06 15:37:33,4.9712
908332,Kawarazaki Gonjuro as Fuwa Banzaemon,Kunichika (1835 - 1900),,Nice detail and good color. A couple creases at edges.,1,2024-03-06 15:37:33,4.9712
911177,Onoe Kikugoro as Nagoya Sanza,Kunichika (1835 - 1900),,Nice detail. A couple creases at edges and small stains.,1,2024-03-06 15:37:33,4.9712
910188,Commoner in Summer Kimono,Yoshiiku (1833 - 1904),Series; Figures of Flowers in the Eastern Capital,Nice detail. Staining at edge.,1,2024-03-06 15:37:33,5.0906
901718,"Bando Hikosaburo V as Manoya Tokubei, 1865",Kunichika (1835 - 1900),,"Nice detail. Loss at corner, a couple thin spots, repaired. Creasing throughout.",1,2024-03-06 15:37:33,4.9712
900740,"Desire to See the Next Volume; Whitebait Fish from Nishimiya in Shinano Province, 1852",Kuniyoshi (1797 - 1861),"Series; Celebrated Products of Mountains and Seas, 1852","Good detail. A few repairs, a couple creases at edges.",1,2024-03-06 15:37:33,5.3703
907136,"Mitsutoki Reporting to Tomomori at the Battle of Dan-no-ura, circa 1842 - 1843",Kuniyoshi (1797 - 1861),,Good detail. A few small repairs.,1,2024-03-06 15:37:33,5.3703
911230,"Rebuilding Kiyosu Castle, 1849",Kuniyoshi (1797 - 1861),,"Nice detail. Backed with paper. A few wormholes, repaired. Slight rubbing at edges.",1,2024-03-06 15:37:33,5.3703
904873,"The 47 Ronin, Act 6: Ichikawa Danjuro VIII as Hayano Kampei, 1852",Kuniyoshi (1797 - 1861),Series; Twelve Acts of the Lantern Chushingura,"Nice detail. Backed with paper. Diagonal wrinkle at lower right, a couple creases, light indent on face.",1,2024-03-06 15:37:34,5.3703
903583,Goat and Horse: Sawamura Tossho II as Sanshichiro Nobutaka and Ichikawa Sadanji I as Kunitaro,Kunichika (1835 - 1900),"Series; Selected Actors for the Twelve Signs of the Zodiac, 1869","Nice color and detail. Backed with paper. Small repair, a few creases, slight curling.",1,2024-03-06 15:37:34,4.9712
914805,Beauty with an Umbrella Kakemono,Eisen (1790 - 1848),,"Good detail. A few small repairs, a couple horizontal creases.",1,2024-03-06 15:37:34,5.4133
902796,"Emperor Nintoku Visits His Palace in the City of Naniwa, 1868",Sadanobu II (1848 - 1940),,Nice detail. Vertical folds at sides. A few repairs.,1,2024-03-06 15:37:34,4.9112
901848,"In the Kusunoki Camp, Sugimoto Akiyuki Is Rewarded with an Inscribed Sword, 1858",Kuniyoshi (1797 - 1861),,"Nice detail. Small repair, a few light creases at edges.",1,2024-03-06 15:37:34,5.3703
901064,Descending Geese at Katada,Hiroshige (1797 - 1858),"Series; Eight Views of Omi Province, 1891 Memorial Edition",Nice color and detail. Backed with paper.,1,2024-03-06 15:37:34,4.6198
901089,Clearing Weather at Awazu,Hiroshige (1797 - 1858),"Series; Eight Views of Omi Province, 1891 Memorial Edition",Nice color and detail. Backed with paper.,1,2024-03-06 15:37:34,4.6198
903468,Returning Sails at Yabase,Hiroshige (1797 - 1858),"Series; Eight Views of Omi Province, 1891 Memorial Edition",Nice color and detail. Backed with paper.,1,2024-03-06 15:37:34,4.6198
904457,Night Rain at Karasaki,Hiroshige (1797 - 1858),"Series; Eight Views of Omi Province, 1891 Memorial Edition",Nice color and detail. Backed with paper.,1,2024-03-06 15:37:34,4.6198
902038,Twilight Snow at Hira,Hiroshige (1797 - 1858),"Series; Eight Views of Omi Province, 1891 Memorial Edition",Nice color and detail. Backed with paper. Small repair.,1,2024-03-06 15:37:34,4.6198
901323,Zato Quarreling,Tsukimaro (active circa 1800s - 1820s),,Good detail. A few small repairs.,1,2024-03-06 15:37:34,5.3374
902626,Heron in a Willow Tree,Tsukimaro (active circa 1800s - 1820s),,Good detail. A few small repairs.,1,2024-03-06 15:37:34,5.3374
911132,Tiger,Tsukimaro (active circa 1800s - 1820s),,Good detail. A few small repairs.,1,2024-03-06 15:37:34,5.3374
911012,"Viewing Maple Leaves, 1895",Chikanobu (1838 - 1912),Series; Chiyoda Inner Palace (Chiyoda no Ooku),Nice color and good detail. Backed with paper. A few small spots on background.,1,2024-03-06 15:37:34,5.3508
904713,Beauty with Poem Slip Kakemono,Kuniyoshi (1797 - 1861),,Good detail. Backed with paper. Vertical fold between panels.,1,2024-03-06 15:37:34,5.3703
902708,Taira no Kiyomori and Lady Tokiwa,Chikanobu (1838 - 1912),Series; A Chronicle of the Rise and Fall of the Genji and Heike,Nice color and detail.,1,2024-03-06 15:37:34,5.3508
901601,Princess Minazuru,Chikanobu (1838 - 1912),Series; A Chronicle of the Rise and Fall of the Genji and Heike,Nice color and detail.,1,2024-03-06 15:37:34,5.3508
905708,Shizuka Gozen,Chikanobu (1838 - 1912),Series; A Chronicle of the Rise and Fall of the Genji and Heike,Nice color and detail.,1,2024-03-06 15:37:34,5.3508
909124,"Beauties Enjoying a Waterfall at a Villa, 1893",Chikanobu (1838 - 1912),,"Good color and detail. A few small repairs, slight rubbing at edge,  slight curling.",1,2024-03-06 15:37:34,5.3508
909052,Sawamura Tanosuke III ,Kunichika (1835 - 1900),,"Good detail. Partially backed with paper. Vertical fold. Thinning areas, repaired.",1,2024-03-06 15:37:34,4.9712
904081,Otani Tomoemon V,Kunichika (1835 - 1900),,"Good detail. Partially backed with paper. Vertical fold. Loss at edge and thinning areas, repaired. A few creases.",1,2024-03-06 15:37:34,4.9712
903758,"Scene from Kuruwa Bunsho, 1850",Toyokuni III/Kunisada (1786 - 1864),,Good detail. Backed with paper.,1,2024-03-06 15:37:34,4.9902
900700,"Scene from Musume Hisago no Kanzashi, 1876",Kunichika (1835 - 1900),,Nice color and detail. Backed with paper. Horizontal centerfold.,1,2024-03-06 15:37:34,4.9712
908821,"Kusunoki Masayuki and His Mother, 1892",Kunichika (1835 - 1900),,Nice detail. Backed with paper. Curling.,1,2024-03-06 15:37:34,4.9712
902233,"Takenouchi no Sukune, 1858",Yoshikazu (active circa 1850 - 1870),"Series; Mirror of Famous Generals of Our Country, 1858","Good detail. A few small repairs, light creasing throughout.",1,2024-03-06 15:37:34,5.6311
916084,"Beauties in a Chrysanthemum Garden, 1895",Chikanobu (1838 - 1912),Series; Chiyoda Inner Palace (Chiyoda no Ooku),Nice color and good detail. Backed with paper. A few small spots on background.,1,2024-03-06 15:37:35,5.3508
905426,"Drastic Price Reduction Moved to Clearance, Act Fast!",Shin-hanga & Modern artist (not read),,This print with nice detail as shown. Some soiling.,1,2024-03-06 15:37:36,4.0626
914362,Women and Children Gathering Abalone into a Basket,Shinsai (circa 1764 - 1823),,"Good detail. Backed with paper. Small loss at corner, repaired. Slight curling.",0,2024-03-06 15:37:36,4.9143
907388,Moon and Waves Surimono,Shunman (1757 - 1820),,"Good detail. Wormhole near edge, repaired.",0,2024-03-06 15:37:36,4.9143
909131,Woman Weaving Surimono,Shigenobu I (1787 - 1832),,Good detail. A few creases at edges and small repairs.,0,2024-03-06 15:37:36,4.9143
915790,Woman of Ohara with Firewood Bundle and Kite Surimono,Hokkei (1780 - 1850),,Good detail. A few small repairs and creases.,0,2024-03-06 15:37:36,5.2876
912318,Puppet on a Go Board Surimono,Hokusai (1760 - 1849),,Good detail. Backed with paper. Slight curling.,0,2024-03-06 15:37:36,3.9827
904835,Two Women and a Servant by a Plum Tree Surimono,Shinsai (circa 1764 - 1820),,"Good detail. Backed with paper. Small losses at edges, slight curling.",0,2024-03-06 15:37:36,4.7193
912991,Elegant Chronicles of New Year Sake Surimono,Gakutei (1786 - 1868),,Good detail. Backed with paper. Slight curling.,0,2024-03-06 15:37:36,4.8335
904562,Ebisu Sharing an Umbrella with a Beauty in the Snow Surimono,Toyohiro (1773 - 1828),,Good detail. Backed with paper. Slight curling.,0,2024-03-06 15:37:36,4.9735
914028,The Rokugo Ferry at Kawasaki,Hiroshige (1797 - 1858),Series;  Fifty-three Stations of the Tokaido,Excellent overall with no issues to report.,0,2024-03-06 15:37:36,4.6198
915821,"Graveyard of Sengakuji, 1945",Azechi Umetaro (1902 - 1999),Series; Scenes of Last Tokyo,This print with excellent color and detail as shown. Slight paper remnants on reverse at top corners from previous mounting. Slight toning. Please see photos for details. Nice overall.,1,2024-03-06 15:37:36,5.212
913489,"Drastic Price Reduction Moved to Clearance, Act Fast!",Buncho (active 1765 - 1792),,This print with good color and detail as shown. Brown spotting near face. Please see photos for details.,0,2024-03-06 15:37:36,4.7035
903716,"Drastic Price Reduction Moved to Clearance, Act Fast!",Meiji era artist (not read),,This print with nice color and detail as shown. Some soiling and staining.,1,2024-03-06 15:37:36,4.2802
910803,"Parading Pounded Rice Cakes, 1895",Chikanobu (1838 - 1912),Series; Chiyoda Inner Palace (Chiyoda no Ooku),Nice color and good detail. Backed with paper. A few small marks on background.,1,2024-03-06 15:37:36,5.3508
902209,"Drastic Price Reduction Moved to Clearance, Act Fast!",Meiji era artist (unsigned),,This print with nice color and detail as shown. Some soiling.,1,2024-03-06 15:37:37,4.2429
910554,"Drastic Price Reduction Moved to Clearance, Act Fast!",Shigeharu (1803 - 1853),,This print with nice color and detail as shown. Some soiling.,1,2024-03-06 15:37:37,4.9143
904093,"Drastic Price Reduction Moved to Clearance, Act Fast!",Utamaro (1750 - 1806),,This print with nice color and detail as shown. Some creasing and toning.,0,2024-03-06 15:37:37,4.0166
910492,"Drastic Price Reduction Moved to Clearance, Act Fast!",Meiji era artist (unsigned),,This print with nice color and detail as shown. Some toning.,1,2024-03-06 15:37:37,4.2429
904301,"Drastic Price Reduction Moved to Clearance, Act Fast!",Meiji era artist (not read),,This print with nice color and detail as shown. Some toning.,1,2024-03-06 15:37:37,4.2802
914518,"Drastic Price Reduction Moved to Clearance, Act Fast!",Meiji era artist (not read),,This print with nice color and detail as shown. Some soiling.,1,2024-03-06 15:37:37,4.2802
908255,"Drastic Price Reduction Moved to Clearance, Act Fast!",Meiji era artist (not read),,This print with nice color and detail as shown. Some soiling.,1,2024-03-06 15:37:37,4.2802
903448,"Onoe Kikugoro V in the Role of Asao no Tsubone, circa 1874",Ginko (active 1874 - 1897),Series; An Evening of Storytelling; More Stories,Excellent color and detail.,1,2024-03-07 15:37:51,4.9605
912161,"Scene from Oguri Hangan Kuruma Kaido, 1853",Toyokuni III/Kunisada (1786 - 1864),,Good detail. A few small repairs. Slight rubbing and a few creases at edges.,1,2024-03-07 15:37:51,4.9902
900806,"The 47 Ronin, Act 1: Nakamura Shikan II as Kono Moronao and Iwai Hanshiro VI as Lady Kaoyo, 1832",Toyokuni II (1777 - 1835),Series; A Comparison of Loyal Retainers,"Good detail. A few small repairs, light creasing throughout.",1,2024-03-07 15:37:51,4.7063
915325,Hakoomaru Leaving the Buddhist Temple to Avenge His Father,Hiroshige (1797 - 1858),"Series; Illustrated Tale of the Soga Brothers, 1845 - 1846","Nice detail. Slight separation at ends of vertical fold at side, a few small holes, repaired. A few creases and slight rubbing at edges.",1,2024-03-07 15:37:52,4.6198
912363,Asahina Saburo Pulling the Armor of Sogo Goro Tokimune,Hiroshige (1797 - 1858),"Series; Illustrated Tale of the Soga Brothers, 1845 - 1846","Good detail. A few wormholes, repaired. Creasing throughout.",1,2024-03-07 15:37:52,4.6198
916125,"Soga Juro Sukenari Bidding Farewell to His Bride, Tora Gozen",Hiroshige (1797 - 1858),"Series; Illustrated Tale of the Soga Brothers, 1845 - 1846","Nice detail. A couple small repairs, slight rubbing at edges.",1,2024-03-07 15:37:52,4.6198
907251,Tora Gozen at the Banquet of Wada no Yoshimori,Hiroshige (1797 - 1858),"Series; Illustrated Tale of the Soga Brothers, 1845 - 1846","Good detail. Vertical centerfolds. A few small repairs, creasing throughout.",1,2024-03-07 15:37:52,4.6198
910806,"Policeman and Monk, 1883",Kunichika (1835 - 1900),,"Nice color and detail. A few small repairs, a couple folds, creasing throughout.",1,2024-03-07 15:37:53,4.9712
907821,Hojo Wada about to Execute Ichimanmaru and Hakoomaru at Yuigahama,Hiroshige (1797 - 1858),"Series; Illustrated Tale of the Soga Brothers, 1845 - 1846","Nice color and detail. Stitching holes at side, repaired. A couple creases at edges.",1,2024-03-07 15:37:53,4.6198
914508,"Thoughts, 1981",Iwata Sentaro (1901 - 1974),"Series; Three Selected Woodblock Prints, Flower Calendar",Excellent overall with no issues to report.,1,2024-03-07 15:37:53,5.6137
909449,"Scene from Sandai-banashi Koza no Shinsaku, 1863",Kunisada II (1823 - 1880),,"This print with good detail as shown. Small loss at edge, repaired. Folds at corner, a few creases and small spots. Please see photos for details.",1,2024-03-07 15:37:53,5.0398
905404,"Ushiwakamaru Serenading a Beauty, 1889",Kunisada III (1848 - 1920),,"Nice color and detail. Vertical wrinkles. A few small repairs, including two holes on one face.",1,2024-03-07 15:37:53,4.5157
901969,Iwai Kumesaburo as a Distraught Beauty,Kuniyasu (1794 - 1832),,Nice detail. A few small repairs and creases.,1,2024-03-07 15:37:53,5.0512
910460,"Scene from Sumidagawa Hana no Goshozome, 1814",Toyokuni I (1786 - 1864),,Good detail. A few small repairs.,1,2024-03-07 15:37:53,4.9143
900201,"Scene from Hakata Kojoro, 1837",Toyokuni III/Kunisada (1786 - 1864),,Good detail. A few small repairs and creases.,1,2024-03-07 15:37:53,4.9902
905209,"Couple on a Pontoon Bridge, 1856",Toyokuni III/Kunisada (1786 - 1864),,Good detail. A few repairs and light creases.,1,2024-03-07 15:37:53,4.9902
912883,Beauty Serving Sake to a Samurai,Chikashige (active circa 1869 - 1882),,"Nice color and detail. Backed with paper. Slight curling at sides, a few wrinkles at side, fold at corner.",1,2024-03-07 15:37:53,4.6691
904527,"Kyoto: Nobles Playing Kickball, 1863",Yoshimori (1830 - 1884),"Series; Famous Places along the Tokaido Road (The Processional Tokaido), 1863","Good detail. A few small repairs, slight creasing, horizontal wrinkle near top.",1,2024-03-07 15:37:53,5.1341
909100,Spring View of Dotonbori,Sadanobu I (1809 - 1879),Series; Customs of Naniwa: Songs Matched with Beauties,"Good detail. A couple small repairs, a few vertical creases.",1,2024-03-07 15:37:53,4.8648
906940,Kinokuni Slope in Akasaka,Hiroshige II (1826 - 1869),Series; Forty-eight Famous Views of Edo,Nice color and detail. A few small repairs.,1,2024-03-07 15:37:53,4.6123
907919,Kameido Tenjin Temple,Hiroshige II (1826 - 1869),"Series; Famous Places in the Eastern Capital, 1860 - 1864","Good detail. A few thinning spots and holes, repaired.",1,2024-03-07 15:37:53,4.6123
900042,Hojo Tokimasa Celebrates Hakoomaru's Coming of Age,Hiroshige (1797 - 1858),"Series; Illustrated Tale of the Soga Brothers, 1845 - 1846","Nice color and detail. Stitching holes at side, repaired. Wrinkle at side.",1,2024-03-07 15:37:53,4.6198
901662,Hakoomaru Holding a Big Rock,Hiroshige (1797 - 1858),"Series; Illustrated Tale of the Soga Brothers, 1845 - 1846","Good detail. Fold at corner. A few wormholes, repaired. Creasing throughout.",1,2024-03-07 15:37:53,4.6198
900473,"Scene from Ashiya doman ouchi kagami, 1850",Toyokuni III/Kunisada (1786 - 1864),,"Nice detail. Slight thinning along horizontal centerfold, a few small holes, repaired. A few creases and wrinkles.",1,2024-03-07 15:37:53,4.9902
901847,"High Class Tea Ceremony, 1881",Chikanobu (1838 - 1912),A Fuji Arts Special Offer Auction,Good color and detail. Backed with paper. Vertical folds between panels. Curling. Some prints have staining.,1,2024-03-07 15:37:54,5.3508
914770,Courtesans in the Yoshiwara,Yoshiiku (1833 - 1904),A Fuji Arts Special Offer Auction,Good color and detail. Backed with paper. Vertical folds between panels. Curling. Some prints have staining.,1,2024-03-07 15:37:54,5.0906
909134,"Singing and Dancing in the Modern Style, 1878",Chikanobu (1838 - 1912),A Fuji Arts Special Offer Auction,Good color and detail. Backed with paper. Vertical folds between panels. Curling. Some prints have staining.,1,2024-03-07 15:37:54,5.3508
902083,"Mirror of the Gods and Emperors of Japan, 1878",Chikanobu (1838 - 1912),A Fuji Arts Special Offer Auction,Good color and detail. Backed with paper. Vertical folds between panels. Curling. Some prints have staining.,1,2024-03-07 15:37:54,5.3508
900342,"Beauties Writing Poem Slips, 1878",Chikanobu (1838 - 1912),A Fuji Arts Special Offer Auction,Good color and detail. Backed with paper. Vertical folds between panels. Curling. Some prints have staining.,1,2024-03-07 15:37:54,5.3508
915836,Meiji Emperor Viewing Silkworm Production,Chikanobu (1838 - 1912),A Fuji Arts Special Offer Auction,Good color and detail. Backed with paper. Vertical folds between panels. Curling. Some prints have staining.,1,2024-03-07 15:37:54,5.3508
907361,"Dressing a Young Prince, 1880",Chikanobu (1838 - 1912),A Fuji Arts Special Offer Auction,Good color and detail. Backed with paper. Vertical folds between panels. Curling. Some prints have staining.,1,2024-03-07 15:37:54,5.3508
909484,"Children Playing on a Bridge, 1877",Chikanobu (1838 - 1912),A Fuji Arts Special Offer Auction,Good color and detail. Backed with paper. Vertical folds between panels. Curling. Some prints have staining.,1,2024-03-07 15:37:54,5.3508
911008,"Empress attending a Flower Show, 1879",Chikashige (active circa 1869 - 1882),A Fuji Arts Special Offer Auction,Good color and detail. Backed with paper. Vertical folds between panels. Curling. Some prints have staining.,1,2024-03-07 15:37:54,4.6691
915039,A Clearance Opportunity! Meiji or Edo era Original,Kunichika (1835 - 1900),,This print with nice color and detail as shown. Rubbing and staining throughout. Small tear at bottom edge. Please see photos for details.,1,2024-03-07 15:37:54,4.9712
907360,A Clearance Opportunity! Meiji or Edo era Original,Hiroshige III (1843 - 1894),,This print with nice color and detail as shown. Rubbing and staining throughout. Crease near bottom corner. Loss and holes at bottom edge. Please see photos for details.,1,2024-03-07 15:37:54,4.5843
904803,A Clearance Opportunity! Meiji or Edo era Original,Hiroshige III (1843 - 1894),,This print with nice color and detail as shown. Rubbing and staining throughout. Please see photos for details.,1,2024-03-07 15:37:54,4.5843
914478,A Clearance Opportunity! Meiji or Edo era Original,Kunichika (1835 - 1900),,This print with nice color and detail as shown. Brown staining throughout. Please see photos for details.,1,2024-03-07 15:37:54,4.9712
900450,A Clearance Opportunity! Meiji or Edo era Original,Miyagawa Shuntei (1873 - 1914),,This print with nice color and detail as shown. Rubbing and staining throughout. Please see photos for details.,1,2024-03-07 15:37:55,4.5671
915807,Fine Old Reprint Clearance! A Fuji Arts Value,Toyokuni I (1769 - 1825),,Nice color and detail. Backed with stiff paper. Vertical fold at side.,0,2024-03-07 15:37:55,4.7311
912006,Fine Old Reprint Clearance! A Fuji Arts Value,Hokusai (1760 - 1849),,"Nice color and detail. Loss at corner, small tears and creases at edges.",0,2024-03-07 15:37:55,3.9827
902739,"Opening of the Noh Stage at the Koyokan Theatre, 1881",Chikanobu (1838 - 1912),,"Excellent color and detail. Backed with paper. A few light creases, slight curling.",1,2024-03-07 15:37:56,5.3508
907307,Fine Old Reprint Clearance! A Fuji Arts Value,Hokusai (1760 - 1849),,Nice color and detail. A few creases at edges and spots.,0,2024-03-07 15:37:56,3.9827
915454,Athens,Tokuriki (1902 - 1999),,Excellent color and detail. Light crease at corner.,1,2024-03-07 15:37:56,4.8756
913402,Autumn Foliage,Nisaburo Ito (1910 - 1988),,Excellent color and detail. No issues to report.,1,2024-03-07 15:37:56,4.9667
901374,"An Imperial Excursion to Maruyama in Shiba Park, 1880",Kuniaki II (1835 - 1888),,"Excellent color and detail. Backed with paper. A few wrinkles and creases, light vertical line where backing papers meet. Slight curling.",1,2024-03-07 15:37:56,5.1666
904123,Shiragi of Inamoto-ro and Kochiyo of Nakanocho 1883,Chikanobu (1838 - 1912),Series; Praise for Multicolored Blossoms,"Nice color and detail. Small repair and a few creases at edges, small crease on one face.",1,2024-03-07 15:37:56,5.3508
900369,Mikagura Performance,Chikanobu (1838 - 1912),Series; Inner Chiyoda Palace (Chiyoda no Ooku),"Good color and detail. Horizontal fold in right panel, a couple creases at edges, faint staining at top.",1,2024-03-07 15:37:56,5.3508
900989,"Beauties in an Iris Garden, 1880",Chikanobu (1838 - 1912),,"Nice color and detail. Backed with paper. Horizontal wrinkles near top, slight creasing and curling.",1,2024-03-07 15:37:56,5.3508
900284,"The Empress and her Retinue Leaving the Palace, 1878",Chikanobu (1838 - 1912),,"Nice color and detail. Vertical folds between panels, horizontal centerfold, a few creases at edges and small repairs.",1,2024-03-07 15:37:56,5.3508
913608,Kiyomizu Temple in Winter,Shin-hanga & Modern artist (unsigned),,Nice color and detail. No issues to report.,1,2024-03-07 15:37:57,4.1396
911272,Oda Nobunaga Finds Saito Tosan Laughing at Him,Kiyochika (1847 - 1915),Series; Foundations of Morality and Success (Kyodo Risshi no Motoi),Nice color and detail. Backed with paper.,1,2024-03-07 15:37:57,5.1663
900516,Hanging Lantern and Maple Leaves,Shin-hanga & Modern artist (not read),,"Nice color and detail. A few creases at edges, light diagonal fold at upper left.",1,2024-03-07 15:37:57,4.0626
905331,White Blossoms,Shin-hanga & Modern artist (not read),,Nice color and detail. A couple light creases at edges.,1,2024-03-07 15:37:57,4.0626
908919,Winter Landscape,Shin-hanga & Modern artist (not read),,Nice color and detail. No issues to report.,1,2024-03-07 15:37:57,4.0626
915551,Giant Lantern at Asakusa Kannon Shrine,Tsuchiya Koitsu (1870 - 1949),,Nice color and detail. Small repair at edge.,1,2024-03-07 15:37:57,5.7472
913121,"Godaido Shrine, Matsushima",Tsuchiya Koitsu (1870 - 1949),,Nice color and detail. A few creases at edges and small spots.,1,2024-03-07 15:37:57,5.7472
906638,The Torii Gate at Miyajima in Snow,Tsuchiya Koitsu (1870 - 1949),,Nice color and detail. No issues to report.,1,2024-03-07 15:37:57,5.7472
916165,Teahouse - Yotsuya Arakicho,Tsuchiya Koitsu (1870 - 1949),,Nice color and detail. No issues to report.,1,2024-03-07 15:37:57,5.7472
906785,Shofuku: Mother and Child,Chikanobu (1838 - 1912),Series; Eastern Customs: Enumerated Blessings,Nice color and detail. Backed with paper.,1,2024-03-07 15:37:57,5.3508
913451,Fish and Seaweed,Shin-hanga & Modern artist (unsigned),,Nice color and detail. A few small spots.,1,2024-03-07 15:37:57,4.1396
900274,"Ichikawa Sadanji in the role of Tennichibo, 1874",Kiyochika (1847 - 1915),Series; Short Kodan Stories (Kodan isseki yomikiri),"Nice color and detail. Backed with paper. Light rippling, vertical crease at side.",1,2024-03-07 15:37:58,5.1663
912710,"Scene from Zenaku ryowa myomyo guruma, 1876",Kunichika (1835 - 1900),Series; A Great Competition of Plays,"Nice color and detail. Backed with paper. Light rippling, light vertical line where backing papers meet, vertical crease on face.",1,2024-03-07 15:37:58,4.9712
906116,"Ichikawa Sadanji as Bansuke Attacking a Beauty, 1876",Kunichika (1835 - 1900),Series; A Great Competition of Plays,"Nice color and detail. Backed with paper. Light rippling, light vertical line where backing papers meet.",1,2024-03-07 15:37:58,4.9712
902330,"Beauty and Bando Hikosaburo as a Commoner, 1876",Kunichika (1835 - 1900),Series; A Great Competition of Plays,"Nice color and detail. Backed with paper. Small repair, light rippling, a few creases.",1,2024-03-07 15:37:58,4.9712
911419,"Sawamura Tossho as Oboshi Yuranosuke and Sawamura Hyakunosuke as Oboshi Rikiya, 1874",Chikashige (active circa 1869 - 1882),,"Nice color and detail. Backed with paper. Tear at edge, repaired. Light rippling, light vertical line where backing papers meet.",1,2024-03-07 15:37:58,4.6691
907067,"Okaru and Hayano Kampei, 1874",Chikashige (active circa 1869 - 1882),,"Nice color and detail. Backed with paper. A couple creases on beauty's face, light rippling, light vertical line where backing papers meet.",1,2024-03-07 15:37:58,4.6691
908856,"Snow-viewing Party, 1853",Toyokuni III/Kunisada (1786 - 1864),,Good detail. Light wrinkling throughout.,1,2024-03-07 15:37:58,4.9902
900541,"Sawamura Tossho II as Kinokuni Bunza in the Book Ogonsui Daijin Sakazuki, 1866",Yoshiiku (1833 - 1904),Series; Contest of Popular Modern Books,"Good detail. Small repair, a few light creases.",1,2024-03-07 15:37:58,5.0906
907991,"Ichikawa Kodanji IV as the Evil Futoshi, 1856",Toyokuni III/Kunisada (1786 - 1864),,Nice detail. Vertical fold at side.,1,2024-03-07 15:37:58,4.9902
913501,"Festival Dancers, 1861",Kunisada II (1823 - 1880),,Nice detail. A few small repairs and creases.,1,2024-03-07 15:37:59,5.0398
910706,"Scene from Jiraiya goketsu monogatari, 1852",Toyokuni III/Kunisada (1786 - 1864),,Good detail. A few small repairs and creases.,1,2024-03-07 15:37:59,4.9902
914018,"Beauty and Commoners outside an Entrance Gate, 1865",Kuniteru II (1829 - 1874),,Good detail. A few creases.,1,2024-03-07 15:37:59,4.9899
914061,"Musashibo Benkei, 1852",Toyokuni III/Kunisada (1786 - 1864),,Nice detail. Backed with paper. A few repairs.,1,2024-03-07 15:38:00,4.9902
903741,Fire: Ichikawa Kodanji IV as Nezumi Kozo,Toyokuni III/Kunisada (1786 - 1864),"Series; The Relations of the Five Elements Represented in Hit Plays, 1858",Good detail. Horizontal centerfold. A few repairs and creases.,1,2024-03-07 15:38:00,4.9902
906353,Earth: Nakamura Fukusuke I as Yaegushi no Saiza,Toyokuni III/Kunisada (1786 - 1864),"Series; The Relations of the Five Elements Represented in Hit Plays, 1858",Good detail. Horizontal centerfold. A few small repairs and creases.,1,2024-03-07 15:38:00,4.9902
911526,Water: Kawarazaki Gonjuro I as Ushiwaka Denji,Toyokuni III/Kunisada (1786 - 1864),"Series; The Relations of the Five Elements Represented in Hit Plays, 1858",Good detail. Horizontal centerfold. A few small repairs and creases.,1,2024-03-07 15:38:00,4.9902
906977,"The Russian Crown Prince Arriving in Kyoto, 1891",Shogetsu (active circa 1870 - 1900),,"Nice color and detail. A few small repairs, creasing throughout.",1,2024-03-07 15:38:00,4.9371
900573,"Nakamura Shikan V, 1868",Kunichika (1835 - 1900),,Good detail. Backed with paper.,1,2024-03-07 15:38:00,4.9712
907196,"The New Ryogoku Bridge, 1875",Hiroshige III (1843 - 1894) ,Series; Famous Places in Tokyo,"Good color and detail. A few small repairs and creases, vertical fold in left panel.",1,2024-03-07 15:38:00,5.0199
908809,"View of the Imperial Visit of Mikado Ingyo to Princess Sotoshi, 1901",Toshinobu (1857 - 1886),,Nice color and detail. A few small repairs.,1,2024-03-07 15:38:00,5.1548
906699,"Shizuka Gozen at Tsurugaoka in Kamakura, 1911",Toshikata (1866 - 1908),,Excellent color and detail. Vertical fold at side of one panel.,1,2024-03-07 15:38:00,4.6882
912802,"The Third National Industrial Exposition, 1890",Nobukazu (1874 - 1944),,Nice color and detail. A few repairs.,1,2024-03-07 15:38:00,5.3052
902246,"Maboroshi, Chapter 41, 1851 - 1853",Toyokuni III/Kunisada (1786 - 1864),"Series; Faithful Depictions of the Figure of the Shining Prince, 1851 - 1853",Good color and detail. Light vertical centerfold.,1,2024-03-07 15:38:01,4.9902
902576,Onoe Kikugoro as Nikki Danjo,Toyokuni I (1769 - 1825),,Good detail. Backed with paper. Horizontal centerfold.,1,2024-03-07 15:38:01,4.7311
915311,"Plum Blossoms, 1852",Toyokuni III/Kunisada (1786 - 1864),,"Good detail. Horizontal centerfold. A few repairs, slight creasing at edges.",1,2024-03-07 15:38:01,4.9902
913282,"Hashihime, Chapter 45, 1851 - 1853",Toyokuni III/Kunisada (1786 - 1864),"Series; Faithful Depictions of the Figure of the Shining Prince, 1851 - 1853",Good detail. Small repair.,1,2024-03-07 15:38:01,4.9902
912796,"Beauty beside a Palanquin, 1847 - 1852",Hiroshige II (1826 - 1869),Series; Eight Views of Famous Places in Edo,"Good detail. A few small repairs and horizontal creases, fold near top edge.",1,2024-03-07 15:38:01,4.6123
908297,"Moon, 1847 - 1852",Toyokuni III/Kunisada (1786 - 1864),"Series; Snow, Moon, and Flowers","Good detail. Horizontal centerfold. A couple small repairs, a few creases.",1,2024-03-07 15:38:01,4.9902
910624,"The Sumida Embankment in the Eastern Capital, 1858",Hiroshige (1797 - 1858) ,Series; Thirty-Six Views of Mt. Fuji,Good color and detail. Backed with paper.,1,2024-03-07 15:38:01,4.8669
904371,"Dutch Woman and Child, 1860",Sadahide (1807 - 1873),,Nice detail. Vertical folds. A few small repairs.,1,2024-03-07 15:38:01,5.1905
905093,"Americans, 1861",Yoshitora (active circa 1840 - 1880),Series; People from Foreign Lands,Good color and detail. A few small repairs and horizontal creases.,1,2024-03-07 15:38:01,5.3681
909271,"Russian Horseman, 1860",Yoshitomi (active circa 1848 - 1880),,Good detail. A few small repairs and creases.,1,2024-03-07 15:38:01,5.0769
912083,French Family,Yoshikazu (active circa 1850 - 1870),,"Good color and detail. A few small repairs, a couple creases at edges.",1,2024-03-07 15:38:01,5.6311
901342,"Miyuki, Chapter 29, 1851 - 1853",Toyokuni III/Kunisada (1786 - 1864),"Series; Faithful Depictions of the Figure of the Shining Prince, 1851 - 1853",Good detail. Small repair.,1,2024-03-07 15:38:01,4.9902
900035,"Dutch Men, 1861",Yoshikazu (active circa 1850 - 1870),,"Good detail. A few repairs and creases, light fold at side.",1,2024-03-07 15:38:02,5.6311
904108,Tanzaku Prints with Birds,Shin-hanga & Modern artist (not read),,Nice color and detail. Faint stain at edge.,1,2024-03-07 15:38:02,4.0626
912267,Aizuri-e Tanzaku Prints ,Shin-hanga & Modern artist (not read),,Nice color and detail.,1,2024-03-07 15:38:02,4.0626
915795,Prince Genji and Beauties in a Garden,Kunisada II (1823 - 1880),,"Good detail. A few small repairs, creasing throughout.",1,2024-03-07 15:38:02,5.0398
908750,"Prince Genji on a Summer Evening, 1862",Toyokuni III/Kunisada (1786 - 1864),,Nice detail. A few creases at edges and small repairs.,1,2024-03-07 15:38:02,4.9902
901749,"The First Month (Mutsuki), 1847 - 1852",Toyokuni III/Kunisada (1786 - 1864),Series; Annual Events for Young Murasaki,"Nice detail. A few small wormholes, repaired. A couple wrinkles.",1,2024-03-07 15:38:02,4.9902
901292,Boy and Ox near Mt. Fuji,Gekko (1859 - 1920),,This print with excellent color and detail as shown. Please see photos for details.,1,2024-03-07 15:38:02,4.7082
902244,Cotton Roses in Rain,After Nagamachi Chikuseki (1757 - 1806),,Excellent color and detail. Wrinkling at left edge.,1,2024-03-07 15:38:02,4.601
912686,Crossing a Bridge by Moonlight Tanzaku Print,Shin-hanga & Modern artist (unsigned),,This print with excellent color and detail as shown. Please see photos for details. Nice overall.,1,2024-03-07 15:38:02,4.1396
910784,"The Ghost of Wicked Genta Yoshihira Attacking Namba Jiro at Nunobiki Waterfall, No. 19",Yoshitoshi (1839 - 1892) ,Series; New Forms of Thirty-six Ghosts,A beautiful clean print with excellent detail and nice color.,1,2024-03-07 15:38:02,6.095
903344,"Flowers, 1980",Yamaguchi Kayo (1899 - 1984),,"Excellent color and detail. Light toning, a few creases at edges and faint spots in margins.",1,2024-03-07 15:38:02,5.4629
907413,"Drastic Price Reduction Moved to Clearance, Act Fast!",Toyohiro (1773 - 1828),,Nice color and detail. Fold and a couple creases at bottom edge.,0,2024-03-07 15:38:02,4.9735
905919,"Drastic Price Reduction Moved to Clearance, Act Fast!",Hiroshige (1797 - 1858) ,Series; Eight Views of Figures Inside and Outside,This print with excellent color and detail as shown. Please see photos for details. Nice overall.,0,2024-03-07 15:38:02,4.8669
913117,"New Year Felicitations at the Palace, 1847 - 1852",Toyokuni III/Kunisada (1786 - 1864),,"Nice detail. Small loss at edge, a few holes, repaired. Folds at corner, light wrinkling at edges of two panels.",1,2024-03-07 15:38:02,4.9902
903159,"Drastic Price Reduction Moved to Clearance, Act Fast!",Hiroshige (1797 - 1858),"Series; Eight Views, Comparing Women and Scenery",This print with excellent color and detail as shown. Please see photos for details. Nice overall.,0,2024-03-07 15:38:03,4.6198
908357,"Drastic Price Reduction Moved to Clearance, Act Fast!",Sharaku (active 1794 - 1795) ,,This print with excellent color and detail as shown. Please see photos for details. Good overall.,0,2024-03-07 15:38:03,4.9143
907115,"Drastic Price Reduction Moved to Clearance, Act Fast!",Toyokuni III/Kunisada (1786 - 1864),Series; Fifty-four Chapters of The Tale of Genji,"This print with excellent color and detail as shown. Backed with paper. Some prints have a few spot or creases, some have light lines where backing papers overlap. Please see photos for details.",1,2024-03-07 15:38:03,4.9902
908653,"Ukifune, Chapter 51",Kuniyoshi (1797 - 1861),"Series; Ukiyo-e Comparisons of the Cloudy Chapters of Genji, 1845 - 1846","Good detail. Backed with paper. A few holes, repaired.",1,2024-03-08 15:36:42,5.3703
905244,"Fuji no uraba, Chapter 33",Kuniyoshi (1797 - 1861),"Series; Ukiyo-e Comparisons of the Cloudy Chapters of Genji, 1845 - 1846","Good detail. Backed with paper. Small loss at edge, repaired.",1,2024-03-08 15:36:42,5.3703
901206,"Yugiri, Chapter 39",Kuniyoshi (1797 - 1861),"Series; Ukiyo-e Comparisons of the Cloudy Chapters of Genji, 1845 - 1846","Good detail. Backed with paper. Hole, repaired.",1,2024-03-08 15:36:43,5.3703
904420,"Umegae, Chapter 32",Kuniyoshi (1797 - 1861),"Series; Ukiyo-e Comparisons of the Cloudy Chapters of Genji, 1845 - 1846","Good detail. Backed with paper. Wormhole, repaired.",1,2024-03-08 15:36:43,5.3703
910127,"Fujibakama, Chapter 30",Kuniyoshi (1797 - 1861),"Series; Ukiyo-e Comparisons of the Cloudy Chapters of Genji, 1845 - 1846","Good detail. Backed with paper. Wormhole, repaired. A couple creases.",1,2024-03-08 15:36:43,5.3703
902985,"Tokonatsu, Chapter 26",Kuniyoshi (1797 - 1861),"Series; Ukiyo-e Comparisons of the Cloudy Chapters of Genji, 1845 - 1846","Good detail. Backed with paper. Wormhole, repaired.",1,2024-03-08 15:36:43,5.3703
914798,"Miyuki, Chapter 29",Kuniyoshi (1797 - 1861),"Series; Ukiyo-e Comparisons of the Cloudy Chapters of Genji, 1845 - 1846","Good detail. Backed with paper. Wormhole, repaired. Light diagonal crease.",1,2024-03-08 15:36:43,5.3703
914932,"Suzumushi, Chapter 38",Kuniyoshi (1797 - 1861),"Series; Ukiyo-e Comparisons of the Cloudy Chapters of Genji, 1845 - 1846",Good detail. Backed with paper.,1,2024-03-08 15:36:43,5.3703
903599,"Wakana no jo, Chapter 34",Kuniyoshi (1797 - 1861),"Series; Ukiyo-e Comparisons of the Cloudy Chapters of Genji, 1845 - 1846",Good detail. Backed with paper. Small repair at edge.,1,2024-03-08 15:36:44,5.3703
912192,"Yume-no-Ukihashi, Chapter 54",Kuniyoshi (1797 - 1861),"Series; Ukiyo-e Comparisons of the Cloudy Chapters of Genji, 1845 - 1846",Good detail. Backed with paper.,1,2024-03-08 15:36:44,5.3703
905875,"Takegawa, Chapter 44",Kuniyoshi (1797 - 1861),"Series; Ukiyo-e Comparisons of the Cloudy Chapters of Genji, 1845 - 1846",Good detail. Backed with paper.,1,2024-03-08 15:36:44,5.3703
909172,"Kabuki Actors Group Portrait, 1882",Kunichika (1835 - 1900),,"Nice color and detail. Backed with paper. Horizontal centerfold in two panels, slight curling.",1,2024-03-08 15:36:44,4.9712
904014,"Kobai, Chapter 43",Kuniyoshi (1797 - 1861),"Series; Ukiyo-e Comparisons of the Cloudy Chapters of Genji, 1845 - 1846",Good detail. Backed with paper. Small repair.,1,2024-03-08 15:36:44,5.3703
907727,"Utsusemi, Chapter 2, 1858",Toyokuni III/Kunisada (1786 - 1864),Series; Lasting Impressions of a Later Genji Collection,"Nice detail. Thinning along horizontal centerfold, repaired.",1,2024-03-08 15:36:45,4.9902
901151,"Courtesan Writing a Letter, 1857",Toyokuni III/Kunisada (1786 - 1864),,Good detail. Diagonal fold. A couple creases at edges and small repairs.,1,2024-03-08 15:36:45,4.9902
902086,Ichikawa Shinsha as Otoki,Kunichika (1835 - 1900),,"Good detail. Wormhole, repaired.",1,2024-03-08 15:36:45,4.9712
907472,"Ichikawa Kuzo III, 1867",Yoshiiku (1833 - 1904),Series; Portraits as True Likenesses in the Moonlight,Good detail. Horizontal and vertical folds. Small repair.,1,2024-03-08 15:36:45,5.0906
909660,"Iwai Shijaku II, 1867",Yoshiiku (1833 - 1904),Series; Portraits as True Likenesses in the Moonlight,"Good detail. Horizontal centerfold. A few small repairs and creases, light wrinkling near bottom center.",1,2024-03-08 15:36:45,5.0906
906746,"Bando Hikosaburo V, 1867",Yoshiiku (1833 - 1904),Series; Portraits as True Likenesses in the Moonlight,"Good detail. Diagonal folds, a few creases.",1,2024-03-08 15:36:45,5.0906
905880,Ichikawa Monnosuke IV,Yoshiiku (1833 - 1904),Series; Portraits as True Likenesses in the Moonlight,"Good detail. Vertical folds, a few repairs and creases.",1,2024-03-08 15:36:45,5.0906
904201,Ginjuro,Yoshiiku (1833 - 1904),Series; Portraits as True Likenesses in the Moonlight,Good detail. Remargined at side. A few repairs at edges and creases.,1,2024-03-08 15:36:45,5.0906
902346,Ichikawa Sadanji,Yoshiiku (1833 - 1904),Series; Portraits as True Likenesses in the Moonlight,"Good detail. A few repairs, a couple light creases at edges.",1,2024-03-08 15:36:45,5.0906
907547,"Nakamura Tsuruzo I, 1867",Yoshiiku (1833 - 1904),Series; Portraits as True Likenesses in the Moonlight,Good detail. A few repairs.,1,2024-03-08 15:36:45,5.0906
904299,Sawamura Tossho II,Yoshiiku (1833 - 1904),Series; Portraits as True Likenesses in the Moonlight,"Good detail. Vertical fold near center. Wormholes at edges, repaired.",1,2024-03-08 15:36:45,5.0906
913881,"Yugao, Chapter 4, 1858",Toyokuni III/Kunisada (1786 - 1864),Series; Lasting Impressions of a Later Genji Collection,"Nice detail. Thinning along horizontal centerfold, repaired.",1,2024-03-08 15:36:45,4.9902
915862,"Ceremony of the Issuance of the Constitution, 1889",Chikanobu (1838 - 1912) ,,"Nice color and detail. Small repair, fold at corner, a few light creases.",1,2024-03-08 15:36:45,5.1498
909524,Beauties on a Balcony,Meiji era artist (unsigned),,"Good color and detail. A couple small repairs, a few creases at edges.",1,2024-03-08 15:36:45,4.2429
909824,"The Phoenix Carriage Leaving Nishi-no-maru of the Imperial Palace to Attend a Military Review at Aoyama, 1892",Nobukazu (1847 - 1899),,"Nice color and detail. Horizontal folds, a couple creases at edges.",1,2024-03-08 15:36:45,4.6703
908075,"Nakamura Shikan IV as a Firefighter, 1860",Toyokuni III/Kunisada (1786 - 1864),,"Good detail. Backed with paper. A couple small repairs, light creasing throughout, wrinkling at upper right.",1,2024-03-08 15:36:45,4.9902
905329,"Famous Places in Tokyo: Gofuku Bridge, 1868",Hiroshige III (1843 - 1894),,This print with nice color and detail as shown. Wrinkling throughout. Please see photos for details.,1,2024-03-08 15:36:45,4.5843
902828,Catch from the Sea,Goro Kumagai (born 1932),,"This print with excellent color and detail as shown. Mounted along top edge to blank card, could be removed. Please see photos for details. Nice overall.",1,2024-03-08 15:36:45,4.4177
914566,Full Moon over the River Tanzaku Print,20th century artist (unsigned),,Excellent color and detail. Slight toning.,1,2024-03-08 15:36:45,4.5375
904935,Dancer ,Gekko (1859 - 1920),Series; Gekko's Essays,"This print with nice color and detail as shown. A couple small spots, light crease at edge. Please see photos for details.",1,2024-03-08 15:36:45,4.7082
908664,Beauty in Early Spring,Chikanobu (1838 - 1912),,Good color and detail. Light creasing throughout.,1,2024-03-08 15:36:45,5.3508
903581,"Kawarazaki Gonjuro as a Fireman, 1860",Toyokuni III/Kunisada (1786 - 1864),,"Good detail. Backed with paper. A few repairs, light creasing throughout.",1,2024-03-08 15:36:45,4.9902
903238,Ichikawa Danjuro IX as Shinonome,Kunichika (1835 - 1900),Series; One Hundred Roles of Ichikawa Danjuro IX,Excellent color and detail. Some prints have a couple light creases at edges or small spots.,1,2024-03-08 15:36:46,4.9712
900355,Ichikawa Danjuro IX as Ono Tofu,Kunichika (1835 - 1900),Series; One Hundred Roles of Ichikawa Danjuro IX,Excellent color and detail. Some prints have a couple light creases at edges or small spots.,1,2024-03-08 15:36:46,4.9712
905580,Ichikawa Danjuro IX as Takechi Mitsuhide,Kunichika (1835 - 1900),Series; One Hundred Roles of Ichikawa Danjuro IX,"Excellent color and detail. Horizontal fold near center, a couple creases at edges.",1,2024-03-08 15:36:46,4.9712
911901,Ichikawa Danjuro IX in Futari Bakama,Kunichika (1835 - 1900),Series; One Hundred Roles of Ichikawa Danjuro IX,Excellent color and detail. Some prints have a couple light creases at edges or small spots.,1,2024-03-08 15:36:46,4.9712
913207,"No. 8, Laolai: Amusing His Parents",Chikanobu (1838 - 1912),Series; Juxtaposed Pictures of Twenty-four Paragons of Filial Piety,Nice color and detail. Backed with paper.,1,2024-03-08 15:36:48,5.3508
903886,Beauty Playing the Koto,Toyokuni II (1777 - 1835),,"Good detail. Horizontal centerfold. Small losses and holes at edges, repaired. Creasing throughout.",1,2024-03-08 15:36:48,4.7063
909053,Ichikawa Danjuro IX as Saimyoji Tokiyori,Kunichika (1835 - 1900),Series; One Hundred Roles of Ichikawa Danjuro IX,Excellent color and detail. Some prints have a couple light creases at edges or small spots.,1,2024-03-08 15:36:48,4.9712
906348,Ichikawa Danjuro IX as Yamauba,Kunichika (1835 - 1900),Series; One Hundred Roles of Ichikawa Danjuro IX,Excellent color and detail. Some prints have a couple light creases at edges or small spots.,1,2024-03-08 15:36:48,4.9712
907034,Ichikawa Danjuro IX as Akushichibyoe Kagekiyo,Kunichika (1835 - 1900),Series; One Hundred Roles of Ichikawa Danjuro IX,Excellent color and detail. Some prints have a couple light creases at edges or small spots.,1,2024-03-08 15:36:48,4.9712
903299,Ichikawa Danjuro IX as the Heron Maiden (Sagi Musume),Kunichika (1835 - 1900),Series; One Hundred Roles of Ichikawa Danjuro IX,Excellent color and detail. Some prints have a couple light creases at edges or small spots.,1,2024-03-08 15:36:48,4.9712
912147,Ichikawa Danjuro IX as Teraoka Heiemon,Kunichika (1835 - 1900),Series; One Hundred Roles of Ichikawa Danjuro IX,Excellent color and detail. Some prints have a couple light creases at edges or small spots.,1,2024-03-08 15:36:48,4.9712
902497,Ichikawa Danjuro IX as Ishikawa Goemon,Kunichika (1835 - 1900),Series; One Hundred Roles of Ichikawa Danjuro IX,Excellent color and detail. Some prints have a couple light creases at edges or small spots.,1,2024-03-08 15:36:48,4.9712
900930,Ichikawa Danjuro IX as the Fisherman Fukashichi,Kunichika (1835 - 1900),Series; One Hundred Roles of Ichikawa Danjuro IX,Excellent color and detail. Some prints have a couple light creases at edges or small spots.,1,2024-03-08 15:36:48,4.9712
900047,"No. 6, Lady Tang: Never Tired of Feeding Her Mother-in-law Milk, 1890",Chikanobu (1838 - 1912),Series; Juxtaposed Pictures of Twenty-four Paragons of Filial Piety,Excellent color and detail. Backed with paper.,1,2024-03-08 15:36:48,5.3508
916119,"No. 7, Wang Xiang: Catching Fish for His Stepmother in Winter, 1890",Chikanobu (1838 - 1912),Series; Juxtaposed Pictures of Twenty-four Paragons of Filial Piety,Excellent color and detail. Backed with paper. Faint staining near top.,1,2024-03-08 15:36:48,5.3508
906826,Kiyomizu Komachi,Kuniyoshi (1797 - 1861),"Series; Modern Seven Komachi, 1851","Nice color and detail. Folds at side. Stitching holes at side, a couple holes, repaired.",1,2024-03-08 15:36:48,5.3703
913080,"Beauty Strolling, 1849 - 1852",Kuniyoshi (1797 - 1861),,"Good detail. A few repairs, light creasing throughout.",1,2024-03-08 15:36:48,5.3703
912401,"Autumn Moon at Ishiyama Temple, 1847 - 1852",Kunisada II (1823 - 1880),Series; Eight Views of Omi,Nice detail. A few repairs.,1,2024-03-08 15:36:48,5.0398
905638,Prince Genji on an Outing to the Country,Yoshitora (active circa 1836 - 1887),,Good color and detail. Backed with paper. A couple creases at edges.,1,2024-03-08 15:36:48,4.8103
912341,Komurasaki of the Miuraya,Tominobu (active circa 1804 - 1844),,"Good detail. Horizontal fold, diagonal fold at corner. A few repairs and creases.",1,2024-03-08 15:36:48,4.9143
902402,"Drastic Price Reduction Moved to Clearance, Act Fast!",Meiji era artist (not read),,This print with nice color and detail as shown. Some soiling.,1,2024-03-08 15:36:49,4.2802
911975,Camellia,Nakajima Chinami (born 1945),,Excellent color and detail. No issues to report.,1,2024-03-08 15:36:49,5.058
906421,Cactus,Nakajima Chinami (born 1945),,Excellent color and detail. No issues to report.,1,2024-03-08 15:36:49,5.058
901162,"Scene from Sukeroku Yukari no Edo-zakura, 1862",Toyokuni III/Kunisada (1786 - 1864),,Nice detail. Horizontal centerfold. A few creases at edges and repairs.,1,2024-03-08 15:36:49,4.9902
904508,"Emperor Nintoku, 1896",Gekko (1859 - 1920),Series; Gekko's Essays,Nice color and detail. A couple creases at edges.,1,2024-03-08 15:36:49,4.7082
901813,"Purple of Edo, circa 1850",Kuniyoshi (1797 - 1861),,Nice detail and good color. Backed with paper. Small repair.,1,2024-03-08 15:36:49,5.3703
902471,"The Little Cherry, Most Beloved Tree in the Garden, 1847 - 1852",Toyokuni III/Kunisada (1786 - 1864),,"Nice detail. Thinning along vertical fold at side, small hole, repaired.",1,2024-03-08 15:36:49,4.9902
904626,"Snowy Morning, 1847 - 1852",Kuniyoshi (1797 - 1861),,"Good detail. Backed with paper. A few small holes, large loss, repaired. Wrinkling at top of center panel.",1,2024-03-08 15:36:49,5.3703
914930,"Young Nobleman's Procession, 1847 - 1852",Toyokuni III/Kunisada (1786 - 1864),,"Good detail. Stitching holes at one side of each panel, a few wormholes at edges, repaired. A few creases and slight rubbing at edges.",1,2024-03-08 15:36:49,4.9902
906458,"Poem by Koroku-jo, 1863",Toyokuni III/Kunisada (1786 - 1864),Series; A Refreshing Collection of Haiku by Beauties,Good detail. A few small repairs.,1,2024-03-08 15:36:49,4.9902
910090,Murakami Yoshimitsu Retrieving His Clan's Banner,Yasuji Inoue (1864 - 1889),Series; Foundations of Morality and Success (Kyodo Risshi no Motoi),"Nice color and detail. Backed with paper. Tear, repaired.",1,2024-03-08 15:36:49,4.5801
909565,Sugawara Michizane,Kiyochika (1847 - 1915),Series; Foundations of Morality and Success (Kyodo Risshi no Motoi),Nice color and detail. Backed with paper. Light vertical fold at side.,1,2024-03-08 15:36:49,5.1663
905626,Festival Lanterns and Other Designs,20th century artist (not read),,"This print with excellent color and detail, as shown. Slight toning, a couple creases at edges. Please see photos for details. Nice overall.",1,2024-03-08 15:36:49,4.466
914655,"Scene from Ikanimo Choryo Yumeno ukihashi, 1861",Toyokuni III/Kunisada (1786 - 1864),,Nice detail. Horizontal centerfold. A few creases at edges and small repairs.,1,2024-03-08 15:36:49,4.9902
905457,"Drastic Price Reduction Moved to Clearance, Act Fast!",Meiji era artist (not read),,This print with nice color and detail as shown. Some stitching holes.,1,2024-03-08 15:36:49,4.2802
911119,"Drastic Price Reduction Moved to Clearance, Act Fast!",Kunichika (1835 - 1900),,This print with nice color and detail as shown. Some offsetting and toning.,1,2024-03-08 15:36:49,4.9712
911652,"Drastic Price Reduction Moved to Clearance, Act Fast!",Edo era artist (not read),,This print with nice color and detail as shown. Some soiling. A loss.,1,2024-03-08 15:36:49,4.0073
910607,"Drastic Price Reduction Moved to Clearance, Act Fast!",Edo era artist (not read),,This print with nice color and detail as shown. Some soiling.,1,2024-03-08 15:36:49,4.0073
909073,"Drastic Price Reduction Moved to Clearance, Act Fast!",Kuniaki II (1835 - 1888),,This print with nice color and detail as shown. Some soiling. A few losses.,1,2024-03-08 15:36:49,5.1666
903410,"Drastic Price Reduction Moved to Clearance, Act Fast!",Meiji era artist (unsigned),,This print with nice color and detail as shown. Some soiling and toning.,1,2024-03-08 15:36:49,4.2429
914016,"Drastic Price Reduction Moved to Clearance, Act Fast!",Meiji era artist (unsigned),,This print with nice color and detail as shown. Some soiling and toning.,1,2024-03-08 15:36:49,4.2429
903084,"Drastic Price Reduction Moved to Clearance, Act Fast!",Meiji era artist (unsigned),,This print with nice color and detail as shown. Some soiling.,1,2024-03-08 15:36:49,4.2429
905647,"Drastic Price Reduction Moved to Clearance, Act Fast!",Meiji era artist (not read),,This print with nice color and detail as shown. Some soiling.,1,2024-03-08 15:36:49,4.2802
908983,Full Moon over Monkey Bridge,Hiroshige (1797 - 1858),,Nice color and detail.,0,2024-03-08 15:36:49,4.6198
912498,"Drastic Price Reduction Moved to Clearance, Act Fast!",Shin-hanga & Modern artist (not read),,This print with nice color and detail as shown. Light spotting and creases near edges. Please see photos for details.,1,2024-03-08 15:36:50,4.0626
909468,"Drastic Price Reduction Moved to Clearance, Act Fast!",Shin-hanga & Modern artist (not read),,This print with nice color and detail as shown. Staining near edges. Please see photos for details.,1,2024-03-08 15:36:50,4.0626
914928,"Drastic Price Reduction Moved to Clearance, Act Fast!",Edo era artist (unsigned),,This print with nice color and detail as shown. Rubbing and staining throughout. Losses near left edge. Backed with paper. Please see photos for details.,1,2024-03-08 15:36:50,4.1951
906586,"Drastic Price Reduction Moved to Clearance, Act Fast!",Shin-hanga & Modern artist (not read),,This print with nice detail as shown. Spotting and staining throughout. Please see photos for details.,1,2024-03-08 15:36:50,4.0626
905226,A Clearance Opportunity! Meiji or Edo era Original,Hiroshige III (1843 - 1894),,This print with nice color and detail as shown. Rubbing and staining throughout. Please see photos for details.,1,2024-03-09 15:30:51,4.5843
900426,A Clearance Opportunity! Meiji or Edo era Original,Kunisada II (1823 - 1880),,This print with nice color and detail as shown. Rubbing and staining throughout. Small holes along left edge. Please see photos for details.,1,2024-03-09 15:30:51,5.0398
911824,A Clearance Opportunity! Meiji or Edo era Original,Hiroshige III (1843 - 1894),,This print with nice color and detail as shown. Rubbing and staining throughout. Losses at edges. Please see photos for details.,1,2024-03-09 15:30:51,4.5843
910238,Fine Old Reprint Clearance! A Fuji Arts Value,Hokusai (1760 - 1849),,This print with nice color and detail as shown. A small spot. Please see photos for details.,0,2024-03-09 15:30:51,3.9827
901880,A Clearance Opportunity! Meiji or Edo era Original,Kunichika (1835 - 1900),,This print with nice color and detail as shown. Toning and creases throughout. Losses and tears at edges. Brittle paper. Please see photos for details.,1,2024-03-09 15:30:51,4.9712
911529,"Lake Ezu, Autumn",Munakata (1903 - 1975),A Fuji Arts Special Offer Auction,This print with excellent detail as shown. Folds and creases at edges. Please see photos for details.,0,2024-03-09 15:30:53,4.9143
901355,Directly Facing the Cloud,Munakata (1903 - 1975),A Fuji Arts Special Offer Auction,This print with excellent color and detail as shown. Tiny spots overall. Please see photos for details.,0,2024-03-09 15:30:53,4.9143
911550,Beauty and Dragonfly,Munakata (1903 - 1975),A Fuji Arts Special Offer Auction,This print with excellent color and detail as shown. A couple light creases at edges. Please see photos for details.,0,2024-03-09 15:30:53,4.9143
913236,Risshakuji Temple,Munakata (1903 - 1975),A Fuji Arts Special Offer Auction,Excellent overall with no issues to report.,0,2024-03-09 15:30:53,4.9143
906911,Silence,Munakata (1903 - 1975),A Fuji Arts Special Offer Auction,"This print with excellent color and detail as shown. A couple light creases at edges, spot in margin. Please see photos for details.",0,2024-03-09 15:30:53,4.9143
913850,New York Riverside,Munakata (1903 - 1975),A Fuji Arts Special Offer Auction,Excellent overall with no issues to report.,0,2024-03-09 15:30:53,4.9143
902932,Mitsui-ji Temple,Munakata (1903 - 1975),A Fuji Arts Special Offer Auction,This print with excellent detail as shown. A few creases at edges. Please see photos for details. Nice overall.,0,2024-03-09 15:30:53,4.9143
902686,"Sunlight, Tappi",Munakata (1903 - 1975),A Fuji Arts Special Offer Auction,"This print with excellent detail as shown. Diagonal folds, a few creases at edges. Please see photos for details. Good overall.",0,2024-03-09 15:30:53,4.9143
914320,Winter Bird,Munakata (1903 - 1975),A Fuji Arts Special Offer Auction,This print with excellent detail as shown. Crease at top center on sky. Please see photos for details.,0,2024-03-09 15:30:53,4.9143
907934,Tengu,Munakata (1903 - 1975),Series; Wandering Away from Home: Compositions on Isamu Yoshii's TankaA Fuji Arts Special Offer Auction,This print with excellent color and detail as shown. Slight curling and creasing. Please see photos for details.,0,2024-03-09 15:30:53,4.9143
905338,Obanazawa,Munakata (1903 - 1975),A Fuji Arts Special Offer Auction,Excellent overall with no issues to report.,0,2024-03-09 15:30:53,4.9143
914119,Deep Blue,Munakata (1903 - 1975),A Fuji Arts Special Offer Auction,This print with excellent color and detail as shown. A couple light creases at edges. Please see photos for details.,0,2024-03-09 15:30:53,4.9143
909716,Takayo Castle,Munakata (1903 - 1975),A Fuji Arts Special Offer Auction,This print with excellent detail as shown. A few creases at edges. Please see photos for details. Nice overall.,0,2024-03-09 15:30:53,4.9143
905146,Tokyo Bridge,Munakata (1903 - 1975),A Fuji Arts Special Offer Auction,This print with excellent color and detail as shown. A couple light creases at edges. Please see photos for details.,0,2024-03-09 15:30:53,4.9143
911487,Van Gogh's Church at Auvers,Munakata (1903 - 1975),A Fuji Arts Special Offer Auction,This print with excellent detail as shown. Slight toning. Please see photos for details. Nice overall.,0,2024-03-09 15:30:53,4.9143
907831,Autumn Grasses and Blossoms,Munakata (1903 - 1975),A Fuji Arts Special Offer Auction,This print with excellent detail as shown. A couple light creases at edges. Please see photos for details.,0,2024-03-09 15:30:53,4.9143
908680,Seta Bridge,Munakata (1903 - 1975),A Fuji Arts Special Offer Auction,"This print with excellent detail as shown. Slight toning, a few light creases. Please see photos for details.",0,2024-03-09 15:30:53,4.9143
914034,Mt. Fuji,Munakata (1903 - 1975),A Fuji Arts Special Offer Auction,"This print with excellent color and detail as shown. Creasing, soft horizontal folds. Please see photos for details.",0,2024-03-09 15:30:53,4.9143
908934,Kurokami,Munakata (1903 - 1975),A Fuji Arts Special Offer Auction,This print with excellent color and detail as shown. A couple light creases. Please see photos for details. Nice overall.,0,2024-03-09 15:30:53,4.9143
903588,Spring,Munakata (1903 - 1975),A Fuji Arts Special Offer Auction,Excellent overall with no issues to report.,0,2024-03-09 15:30:53,4.9143
900232,"Sisters Kuchi-e Print, 1911",Odake Chikuha (1878 - 1936),,"Good detail. Horizontal folds. Small repair, a couple creases.",1,2024-03-09 15:30:54,4.9143
912275,"Beauty Leaning against a Plum Tree Kuchi-e Print, 1903",Toshikata (1866 - 1908),,Nice color and detail. Vertical folds.,1,2024-03-09 15:30:54,4.6882
907037,Watching a Prisoner Kuchi-e Print,Tomioka Eisen (1864 - 1905),,Nice color and detail. Vertical folds. Diagonal fold at side.,1,2024-03-09 15:30:55,4.6625
903044,"Single oban original - Winter Group, 1891",Imao Keinen (1845 - 1924),Series; Four Seasons,Nice color and detail. Stitching holes at side. Some prints have a couple light creases or spots.,1,2024-03-09 15:30:55,4.61
915022,"Oban diptych original - Winter Group, 1891",Imao Keinen (1845 - 1924),Series; Four Seasons,Nice color and detail. Stitching holes at one side of each panel. Some prints have a couple light creases or spots.,1,2024-03-09 15:30:55,4.61
907160,Soldier and Couple Kuchi-e Print,Meiji era artist (unsigned),,"Good color and detail. Vertical and diagonal folds, creasing throughout.",1,2024-03-09 15:30:55,4.2429
908565,"Single oban original - Winter Group, 1891",Imao Keinen (1845 - 1924),Series; Four Seasons,Nice color and detail. Stitching holes at side. Some prints have a couple light creases or spots.,1,2024-03-09 15:30:55,4.61
909722,"Single oban original - Winter Group, 1891",Imao Keinen (1845 - 1924),Series; Four Seasons,Nice color and detail. Stitching holes at side. Some prints have a couple light creases or spots.,1,2024-03-09 15:30:55,4.61
900907,"Single oban original - Winter Group, 1891",Imao Keinen (1845 - 1924),Series; Four Seasons,Nice color and detail. Stitching holes at side. Some prints have a couple light creases or spots.,1,2024-03-09 15:30:55,4.61
907869,"Single oban original - Winter Group, 1891",Imao Keinen (1845 - 1924),Series; Four Seasons,Nice color and detail. Stitching holes at side. Wrinkle at bottom edge.,1,2024-03-09 15:30:55,4.61
904855,"Single oban original - Winter Group, 1891",Imao Keinen (1845 - 1924),Series; Four Seasons,Nice color and detail. Stitching holes at side. Some prints have a couple light creases or spots.,1,2024-03-09 15:30:55,4.61
906068,"Oban diptych original - Winter Group, 1891",Imao Keinen (1845 - 1924),Series; Four Seasons,Nice color and detail. Stitching holes at one side of each panel. Some prints have a couple light creases or spots.,1,2024-03-09 15:30:55,4.61
910521,"Single oban original - Winter Group, 1891",Imao Keinen (1845 - 1924),Series; Four Seasons,Nice color and detail. Stitching holes at side. Some prints have a couple light creases or spots.,1,2024-03-09 15:30:55,4.61
912800,"Single oban original - Winter Group, 1891",Imao Keinen (1845 - 1924),Series; Four Seasons,Nice color and detail. Stitching holes at side. Some prints have a couple light creases or spots.,1,2024-03-09 15:30:55,4.61
915360,"The First Rabbit Day of The Year, 1903",Takeuchi Keishu (1861-1942),,"Nice color and detail. Vertical and diagonal folds, light creasing throughout.",1,2024-03-09 15:30:55,4.8824
904406,"Hermitage in Hagi Kuchi-e Print, 1899",Tomioka Eisen (1864 - 1905),,"Nice color and detail. Vertical folds, diagonal fold at edge.",1,2024-03-09 15:30:55,4.6625
911080,"Flowing Water Kuchi-e Print, 1900",Kajita Hanko (1870 - 1917),,"Nice detail. Vertical folds, diagonal folds at edges.",1,2024-03-09 15:30:55,4.8012
901866,"Autumn Beauty Kuchi-e Print, 1897",Takeuchi Keishu (1847 - 1915),,Nice color and good detail. Vertical folds. A few creases at edges.,1,2024-03-09 15:30:55,4.855
906811,"Doll Kuchi-e Print, 1912",Takeuchi Keishu (1847 - 1915),,Nice color and detail. Horizontal folds. Light creasing throughout.,1,2024-03-09 15:30:55,4.855
912594,"Beauty Reading a Letter Kuchi-e Print, 1900",Toshikata (1866 - 1908),,"Good color and detail. Vertical folds. Small repair, a few creases.",1,2024-03-09 15:30:55,4.6882
907719,"Snowy Morning Kuchi-e Print, 1904",Tomioka Eisen (1864 - 1905),,"Nice color and detail. Vertical folds, a few light creases.",1,2024-03-09 15:30:55,4.6625
902145,"Single oban original - Summer Group, 1891",Imao Keinen (1845 - 1924) ,Series; Four Seasons,Nice color and detail. Stitching holes at side. Some prints have a couple light creases or spots.,1,2024-03-09 15:30:56,4.3278
911443,"Single oban original - Autumn Group, 1891 ",Imao Keinen (1845 - 1924) ,Series; Four Seasons,Nice color and detail. Stitching holes at side. Some prints have a couple light creases or spots.,1,2024-03-09 15:30:56,4.3278
910081,"Single oban original - Autumn Group, 1891 ",Imao Keinen (1845 - 1924) ,Series; Four Seasons,Nice color and detail. Stitching holes at side. Some prints have a couple light creases or spots.,1,2024-03-09 15:30:56,4.3278
915420,"Single oban original - Autumn Group, 1891 ",Imao Keinen (1845 - 1924) ,Series; Four Seasons,Nice color and detail. Stitching holes at side. Some prints have a couple light creases or spots.,1,2024-03-09 15:30:56,4.3278
901018,"Single oban original - Autumn Group, 1891 ",Imao Keinen (1845 - 1924) ,Series; Four Seasons,Nice color and detail. Stitching holes at side. Some prints have a couple light creases or spots.,1,2024-03-09 15:30:56,4.3278
908684,"Single oban original - Winter Group, 1891",Imao Keinen (1845 - 1924),Series; Four Seasons,Nice color and detail. Stitching holes at side. Some prints have a couple light creases or spots.,1,2024-03-09 15:30:56,4.61
914311,"Oban diptych original - Spring Group, 1891",Imao Keinen (1845 - 1924),Series; Four Seasons,Nice color and detail. Stitching holes at one side of each panel. Some prints have a couple light creases or spots.,1,2024-03-09 15:30:57,4.61
910140,"Single oban original - Spring Group, 1891",Imao Keinen (1845 - 1924),Series; Four Seasons,"Nice color and detail. Stitching holes at side. Rippling, a few wrinkles.",1,2024-03-09 15:30:57,4.61
911888,"Single oban original - Autumn Group, 1891 ",Imao Keinen (1845 - 1924) ,Series; Four Seasons,Nice color and detail as shown. Stitching holes at side. Some prints have a couple light creases or spots.,1,2024-03-09 15:30:57,4.3278
909736,"Keishi, Arashiyama",Hiroshige (1797 - 1858),Series; Sights of the ProvincesShokoku Meisho,"Excellent color and detail. Slight toning, small mark on cover at corner. Please note, each print is ""tipped in"" to the windowed paper presentation folder with two very small spots of wheat paste at the upper reverse corners, exactly as originally produced. The print can be easily removed by the collector if desired.",1,2024-03-09 15:30:57,4.6198
903746,Pheasant,Hiroshige (1797 - 1858),From an untitled series of Kacho-e (Bird and Flower prints),"Excellent color and detail. Please note, each print is ""tipped in"" to the windowed paper presentation folder with two very small spots of wheat paste at the upper reverse corners, exactly as originally produced. The print can be easily removed by the collector if desired.",1,2024-03-09 15:30:57,4.6198
901109,"Single oban original - Autumn Group, 1891 ",Imao Keinen (1845 - 1924) ,Series; Four Seasons,Nice color and detail as shown. Stitching holes at side. Some prints have a couple light creases or spots.,1,2024-03-09 15:30:57,4.3278
905353,"Oban diptych original - Spring Group, 1891",Imao Keinen (1845 - 1924),Series; Four Seasons,Nice color and detail as shown. Stitching holes at one side of each panel. Some prints have a couple light creases or spots.,1,2024-03-09 15:30:57,4.61
900899,"Single oban original - Spring Group, 1891",Imao Keinen (1845 - 1924),Series; Four Seasons,Nice color and detail. Stitching holes at side. Some prints have a couple light creases or spots.,1,2024-03-09 15:30:57,4.61
908380,"Oban diptych original - Summer Group, 1891",Imao Keinen (1845 - 1924),Series; Four Seasons,Nice color and detail. Stitching holes at one side of each panel. Some prints have a couple light creases or spots.,1,2024-03-09 15:30:57,4.61
913919,"Single oban original - Autumn Group, 1891 ",Imao Keinen (1845 - 1924) ,Series; Four Seasons,Nice color and detail as shown. Stitching holes at side. Some prints have a couple light creases or spots.,1,2024-03-09 15:30:57,4.3278
909746,"Oban diptych original - Spring Group, 1891",Imao Keinen (1845 - 1924),Series; Four Seasons,Nice color and detail. Stitching holes at one side of each panel. Some prints have a couple light creases or spots.,1,2024-03-09 15:30:57,4.61
911777,"Sagami Province, Enoshima",Hiroshige (1797 - 1858),Series; Sights of the ProvincesShokoku Meisho,Excellent color and detail. Mounted at top corners to original backing sheet. Creasing at top right corner.,1,2024-03-09 15:30:57,4.6198
907707,"Single oban original - Summer Group, 1891",Imao Keinen (1845 - 1924) ,Series; Four Seasons,Nice color and detail. Stitching holes at side. Some prints have a couple light creases or spots.,1,2024-03-09 15:30:57,4.3278
911013,"Sagami Province, Shichiri-ga-hama",Hiroshige (1797 - 1858),Series; Sights of the ProvincesShokoku Meisho,"Excellent color and detail. Slight toning. Please note, each print is ""tipped in"" to the windowed paper presentation folder with two very small spots of wheat paste at the upper reverse corners, exactly as originally produced. The print can be easily removed by the collector if desired.",1,2024-03-09 15:30:57,4.6198
909527,"Single oban original - Summer Group, 1891",Imao Keinen (1845 - 1924) ,Series; Four Seasons,Nice color and detail. Stitching holes at side. Some prints have a couple light creases or spots.,1,2024-03-09 15:30:57,4.3278
916035,"Oban diptych original - Summer Group, 1891",Imao Keinen (1845 - 1924),Series; Four Seasons,Nice color and detail. Stitching holes at one side of each panel. Some prints have a couple light creases or spots.,1,2024-03-09 15:30:57,4.61
913374,"Single oban original - Summer Group, 1891",Imao Keinen (1845 - 1924) ,Series; Four Seasons,Nice color and detail. Stitching holes at side. Some prints have a couple light creases or spots.,1,2024-03-09 15:30:57,4.3278
913730,The Kamo Embankment,Hiroshige (1797 - 1858),Series; Calligraphy as Taught by the Chancellor SugawaraSugawara Denju Tenerai Kagami,"Excellent color and detail. Slight toning. Please note, each print is ""tipped in"" to the windowed paper presentation folder with two very small spots of wheat paste at the upper reverse corners, exactly as originally produced. The print can be easily removed by the collector if desired.",1,2024-03-09 15:30:57,4.6198
912890,"Single oban original - Summer Group, 1891",Imao Keinen (1845 - 1924) ,Series; Four Seasons,Nice color and detail. Stitching holes at side. Some prints have a couple light creases or spots.,1,2024-03-09 15:30:57,4.3278
911000,Eight Loves,Hiroshige (1797 - 1858),Series; Calligraphy as Taught by the Chancellor SugawaraSugawara Denju Tenerai Kagami,"Excellent color and detail. Please note, each print is ""tipped in"" to the windowed paper presentation folder with two very small spots of wheat paste at the upper reverse corners, exactly as originally produced. The print can be easily removed by the collector if desired.",1,2024-03-09 15:30:58,4.6198
911253,"Ricefield Moon, Shinano Province, Sarashina",Hiroshige (1797 - 1858),Series; Sights of the ProvincesShokoku Meisho,"Excellent color and detail. Please note, each print is ""tipped in"" to the windowed paper presentation folder with two very small spots of wheat paste at the upper reverse corners, exactly as originally produced. The print can be easily removed by the collector if desired.",1,2024-03-09 15:30:58,4.6198
901379,Initiation,Hiroshige (1797 - 1858),Series; Calligraphy as Taught by the Chancellor SugawaraSugawara Denju Tenerai Kagami,Excellent color and detail. Small crease at top corner.,1,2024-03-09 15:30:58,4.6198
909854,Macaw,Hiroshige (1797 - 1858),From an untitled series of Kacho-e (Bird and Flower prints),Excellent color and detail. Mounted at top corners to original backing sheet.,1,2024-03-09 15:30:58,4.6198
902144,Congratulations,Hiroshige (1797 - 1858),Series; Calligraphy as Taught by the Chancellor SugawaraSugawara Denju Tenerai Kagami,"This print with excellent color and detail as shown. Slight toning. Please note, each print is ""tipped in"" to the windowed paper presentation folder with two very small spots of wheat paste at the upper reverse corners, exactly as originally produced. The print can be easily removed by the collector if desired.",1,2024-03-09 15:30:58,4.6198
900021,"Settsu Province, Yodogawa",Hiroshige (1797 - 1858),Series; Sights of the ProvincesShokoku Meisho,"Excellent color and detail. Please note, each print is ""tipped in"" to the windowed paper presentation folder with two very small spots of wheat paste at the upper reverse corners, exactly as originally produced. The print can be easily removed by the collector if desired.",1,2024-03-09 15:30:58,4.6198
908938,"Yamato Province, Tatsutagawa",Hiroshige (1797 - 1858),Series; Sights of the ProvincesShokoku Meisho,Excellent color and detail. No issues to report.,1,2024-03-09 15:30:58,4.6198
909766,"First Act, The Imperial Palace",Hiroshige (1797 - 1858),Series; Calligraphy as Taught by the Chancellor Sugawara Sugawara Denju Tenerai Kagami,"This print with excellent color and detail. Slight toning, small crease at top corner. Please note, each print is ""tipped in"" to the windowed paper presentation folder with two very small spots of wheat paste at the upper reverse corners, exactly as originally produced. The print can be easily removed by the collector if desired.",1,2024-03-09 15:30:58,4.6198
907641,"Harima Province, Maiko-no-hama",Hiroshige (1797 - 1858),Series; Sights of the ProvincesShokoku Meisho,"This print with excellent color and detail. Small tear across corner, repaired. Slight oning. Light toning and spotting inside front of folder. Please note, each print is ""tipped in"" to the windowed paper presentation folder with two very small spots of wheat paste at the upper reverse corners, exactly as originally produced. The print can be easily removed by the collector if desired.",1,2024-03-09 15:30:59,4.6198
913798,Riding an Ox,Hiroshige (1797 - 1858),Series; Calligraphy as Taught by the Chancellor SugawaraSugawara Denju Tenerai Kagami,"This print with excellent color and detail as shown. Slight toning. Please note, each print is ""tipped in"" to the windowed paper presentation folder with two very small spots of wheat paste at the upper reverse corners, exactly as originally produced. The print can be easily removed by the collector if desired.",1,2024-03-09 15:30:59,4.6198
902750,Carriage Stopping,Hiroshige (1797 - 1858),Series; Calligraphy as Taught by the Chancellor SugawaraSugawara Denju Tenerai Kagami,"This print with excellent color and detail. Slight toning. Please note, each print is ""tipped in"" to the windowed paper presentation folder with two very small spots of wheat paste at the upper reverse corners, exactly as originally produced. The print can be easily removed by the collector if desired.",1,2024-03-09 15:30:59,4.6198
900714,The Village School,Hiroshige (1797 - 1858),Series; Calligraphy as Taught by the Chancellor SugawaraSugawara Denju Tenerai Kagami,"This print with excellent color and detail. Light toning, small crease across top corner.  Please note, each print is ""tipped in"" to the windowed paper presentation folder with two very small spots of wheat paste at the upper reverse corners, exactly as originally produced. The print can be easily removed by the collector if desired.",1,2024-03-09 15:30:59,4.6198
910159,"Ichimura Uzaemon XIII as Tekomae no Takekichi, 1859",Toyokuni III/Kunisada (1786 - 1864),Series; Mirror of Today's Pictures,Nice detail. Horizontal centerfold. A few repairs at edges and creases.,1,2024-03-09 15:31:00,4.9902
908121,Children of Aizu,Kiyoshi Saito (1907 - 1997),,Nice color and detail. Faint staining at corners.,1,2024-03-09 15:31:00,6.1511
908372,Summer in Aizu,Kiyoshi Saito (1907 - 1997),,Nice color and detail. A couple small spots.,1,2024-03-09 15:31:00,6.1511
902409,"Memorial Portrait of Bando Shuka I, 1855",Edo era artist (unsigned),,Good detail. A few light creases at edges and small repairs.,1,2024-03-09 15:31:00,4.1951
904088,"Sculptor Hidari Jingoro and the Living Doll, 1873",Kunichika (1835 - 1900),,Good color and detail. Vertical folds. A few repairs and creases.,1,2024-03-09 15:31:00,4.9712
903497,"Scene from Momoyama monogatari, 1869",Kunichika (1835 - 1900),,Good detail. A few repairs and light creases.,1,2024-03-09 15:31:00,4.9712
915900,"Scene from Yuki to Sumi Kuruwa no Tatehiki, 1872",Kunichika (1835 - 1900),,Nice color and detail. A few small creases at edges.,1,2024-03-09 15:31:00,4.9712
915915,"Swordfight in an Interior, 1892",Kunichika (1835 - 1900),,Nice color and detail. A few repairs.,1,2024-03-09 15:31:00,4.9712
914024,"Mariko, circa 1841 - 1844",Hiroshige (1797 - 1858),"Series; Fifty-three Stations of the Tokaido Road (Gyosho Tokaido), 1841 - 1844",Nice detail. A few small repairs.,1,2024-03-09 15:31:00,4.6198
914007,"Hojo Takatoki Tormented by Tengu, 1887",Kunisada III (1848 - 1920),,"Nice detail. Horizontal centerfold, a couple diagonal folds in right panel. A few light creases at edges and small repairs.",1,2024-03-09 15:31:00,4.5157
913754,"Manzen Restaurant in Takasago-gai, 1871",Kunichika (1835 - 1900),Series; Thirty-six Tokyo Restaurants,"Good detail. A few small repairs, creasing throughout.",1,2024-03-09 15:31:00,4.9712
907590,"Scene from Yagura Daiko Oto mo Yoshiwara, 1866",Kunichika (1835 - 1900),,"Good detail. A few small repairs, a couple light creases at edges.",1,2024-03-09 15:31:00,4.9712
901505,"Scene from Kujira Obi Nishiki no Shingata, 1867",Kunichika (1835 - 1900),,Nice detail. A few small repairs. Light wrinkling throughout.,1,2024-03-09 15:31:00,4.9712
905862,"Sword Attack, 1893",Kunisada III (1848 - 1920),,"Nice color and detail. Vertical folds. Thinning spots, a few holes, repaired. Light creasing.",1,2024-03-09 15:31:00,4.5157
908545,"Couple and Tattooed Commoner, 1866",Kunichika (1835 - 1900),,"Nice detail. Vertical fold at side of two panels. Thinning along one fold, thinning area, repaired. Slight rubbing.",1,2024-03-09 15:31:00,4.9712
903183,"Three Young People, 1866",Kunichika (1835 - 1900),,"Nice detail. Vertical fold at side of one panel. Thinning areas, tear at edge, repaired. A couple creases at edge.",1,2024-03-09 15:31:00,4.9712
909640,"The Manpachi-ro Restaurant in Yanagihashi, 1870",Kunichika (1835 - 1900),Series; Thirty-six Tokyo Restaurants,"Good detail. A few small repairs, creasing throughout.",1,2024-03-09 15:31:00,4.9712
913193,"Black Sea Bream, Small Sea Bream, Asparagus Shoots, and Sansho Pepper",Hiroshige (1797 - 1858),Grand Series of Fishes,"Nice detail. Backed with paper. Vertical centerfold. A few wormholes, loss at corner, repaired. A couple creases at corner.",1,2024-03-09 15:31:00,4.6198
901973,"Gathering Shellfish at Low Tide on the Beach at Susaki, circa 1837 - 1838",Hiroshige (1797 - 1858),Series; Famous Places in the Eastern Capital,Good detail. A few small repairs.,1,2024-03-09 15:31:00,4.6198
912524,"View of Matsuchiyama, circa 1832 - 1838",Hiroshige (1797 - 1858),Series; Famous Places in the Eastern Capital,"Good detail. Vertical centerfold. A few holes and thinning areas, repaired. A few creases.",1,2024-03-09 15:31:00,4.6198
912514,"Sanno Festival Procession at Kojimachi 1-chome, 1856",Hiroshige (1797 - 1858),Series; One Hundred Famous Views of Edo,Good color and detail. Backed with paper. Horizontal centerfold. Small lightly rubbed spot.,1,2024-03-09 15:31:00,4.6198
903997,"Sugatami Bridge, Omokage Bridge, and Jariba at Takata, 1857",Hiroshige (1797 - 1858),Series; One Hundred Famous Views of Edo,Good color and detail. Backed with paper. Horizontal centerfold. A couple small repairs.,1,2024-03-09 15:31:00,4.6198
905069,Statue of a Buddhist Deity,Shin-hanga & Modern artist (unsigned),,Excellent detail. Small paper remnant in lower right margin.,1,2024-03-09 15:31:01,4.1396
905484,Statue of a Buddhist Deity,Shin-hanga & Modern artist (unsigned),,Excellent detail.,1,2024-03-09 15:31:01,4.1396
913769,"Woman Shaking a Jar, 1977",Yoshitoshi Mori (1898 - 1992),,"Excellent color and detail. Light spotting on background, light diagonal fold across lower right.",1,2024-03-09 15:31:01,5.0084
915200,"Spring at the Imperial Palace (Hanzomon), 1993",Fumio Kitaoka (1918 - 2007),,"Excellent color and detail. A couple light creases at edges, a few spots in margins.",1,2024-03-09 15:31:02,5.3961
900824,The Komuso,Wada Sanzo (1883 - 1967),"Series; Japanese Vocations in Pictures, Series 1",Nice color and detail. Slight curling at top corners.,1,2024-03-09 15:31:02,4.9335
914022,"Kyoto, Torimoto, 1982",Masao Ido (1945 - 2016),,"Excellent color and detail. Light crease at edge, a couple small spots in margins.",1,2024-03-09 15:31:03,5.1949
905789,Shinkyo Gion Festival,Tokuriki (1902 - 1999),,Excellent color and detail. A couple light creases at edge.,1,2024-03-09 15:31:03,4.8756
912951,"Gate, Kamakura (G), 1973",Kiyoshi Saito (1907 - 1997),,Nice color and detail. Light fold at bottom edge.,1,2024-03-09 15:31:03,6.1511
902587,Bunraku Puppet Head,Tokuriki (1902 - 1999),,Excellent color and detail. Slight creasing at edges.,1,2024-03-09 15:31:03,4.8756
912570,Shower at Terashima,Shin-hanga & Modern artist (not read),,"Excellent color and detail. Small crease at corner, s couple small spots.",1,2024-03-09 15:31:03,4.0626
904022,The Genpei War: The Great Battle at Uji Bridge,Toyonobu (1859 - 1886),,Excellent color and detail. Light crease at corner. A couple small spots.,1,2024-03-09 15:31:03,5.4468
914427,Toyotomi’s Record of Achievements: Kinoshita Leading Construction of Sunomata Castle in One Night,Toshinaka (1868 - 1934),,"Excellent color and detail. Slight thinning along vertical fold at side, repaired.",1,2024-03-09 15:31:03,5.3759
914331,"The Soga Brothers Defeated Suketsune, 1882",Kiyochika (1847 - 1915),,"Nice color and detail. A couple small repairs, vertical fold at side.",1,2024-03-09 15:31:03,5.1663
913081,"Rebel Headquarters at Kawajiri, 1877",Kyosai (1831 - 1889),,Nice color and detail. A few small repairs and light creases.,1,2024-03-09 15:31:03,5.0329
911390,"Summer at Shima, 1947",Kawai Kenji (1908 - 1995),,Nice color and detail.,1,2024-03-09 15:31:03,5.1916
909755,"Twilight in Sakurajima, 1947",Hideo Nishiyama (1911 - 1989),,Nice color and detail. A couple light creases at edges.,1,2024-03-09 15:31:03,5.2692
912140,"Near Lake Kawaguchi, 1949",Okumura Koichi (1904 - 1974),,Nice color and detail.,1,2024-03-09 15:31:03,5.068
904859,Dawn of the Ancient Capital,Isao Takahashi,,Excellent color and detail. Tape on reverse at corners from previous mounting.,1,2024-03-09 15:31:03,5.0172
913200,Kyoto Specialty Fushimi Doll Shop,Tokuriki (1902 - 1999),,"Excellent color and detail. Slight separation at end of vertical centerfold, repaired. A few creases at edges, slight rubbing at upper left.",1,2024-03-09 15:31:03,4.8756
903074,A Snow Man,Hiyoshi Mamoru (active circa 1950s),,"This print with excellent color and detail as shown. A few creases at edges, small spot in margin. Please see photos for details.",1,2024-03-09 15:31:04,4.8939
910882,"The Great Battle of Awazu Plain, 1847 - 1852",Yoshikane (1832 - 1881),,"Nice detail. Slight separation at ends of vertical fold a side of two panels, a couple holes, repaired.",1,2024-03-09 15:31:04,5.2406
915158,"The Great Battle of the Uji River, on the 16th Day of the Third Month, 1184, circa 1843 - 1847",Yoshitora (active circa 1840 - 1880),,"Nice detail. Backed with paper. Small loss at edge, wormholes, repaired. Vertical fold at side of two panels.",1,2024-03-09 15:31:04,5.3681
912031,Red Sea Bream,Gekko (1859 - 1920),,This print with excellent color and detail as shown. A few spots. Please see photos for details.,1,2024-03-09 15:31:04,4.7082
915761,"Sumida River, 1864",Hiroshige II (1826 - 1869),Series; Famous Places in Edo,This print with good color and detail as shown. A few creases and marks. Please see photos for details.,1,2024-03-09 15:31:04,4.6123
911229,Bunraku Puppet Performance,Shin-hanga & Modern artist (not read),,"This print with excellent color and detail as shown. Light toning, a few small spots. Please see photos for details. Good overall.",1,2024-03-09 15:31:04,4.0626
911123,"The Sarugababa Resthouse near Futagawa, 1855",Hiroshige (1797 - 1858),Series; Pictures of Famous Places on the Fifty-three Stations (Vertical Tokaido),"Nice detail. Slight thinning at edges, repaired.",1,2024-03-10 15:16:45,4.6198
903227,"Minakuchi, circa 1841 - 1844",Hiroshige (1797 - 1858),"Series; Fifty-three Stations of the Tokaido Road (Gyosho Tokaido), 1841 - 1844","Good detail. Backed with paper. A few wormholes, repaired. Slight rubbing at edges.",1,2024-03-10 15:16:45,4.6198
911920,"Warrior in a Dragon Kimono and Priest, 1876",Kunichika (1835 - 1900),,"Excellent color and detail. Backed with paper. Vertical folds, slight ink offsetting.",1,2024-03-10 15:16:46,4.9712
913269,"Ichikawa Danjuro IX as Endo Musha Morito Holding the Head of Kesa Gozen, 1889",Kunichika (1835 - 1900),,Nice color and detail. Backed with paper. Slight curling at sides.,1,2024-03-10 15:16:46,4.9712
909299,"Beauties beneath a Plum Tree, 1847 - 1852",Toyokuni III/Kunisada (1786 - 1864),A Fuji Arts Special Offer Auction,"Good detail. Backed with paper. Horizontal and vertical folds. Wormholes, repaired. Creasing throughout.",1,2024-03-10 15:16:47,4.9902
906506,"Scene from Sugawara-ryu Kanagaki Soga, 1836",Kuniyoshi (1797 - 1861),A Fuji Arts Special Offer Auction,"Nice detail. Tear and loss at edge, a few holes and thinning areas, repaired. Wrinkling at edges.",1,2024-03-10 15:16:47,5.3703
909559,Samurai with Arrows Piercing His Armor,Toyokuni III/Kunisada (1786 - 1864),A Fuji Arts Special Offer Auction,"Good detail. Horizontal centerfold. A few repairs, creasing throughout.",1,2024-03-10 15:16:47,4.9902
901253,"Scene from Tokaido Yotsuya Kaidan, 1825",Toyokuni III/Kunisada (1786 - 1864),A Fuji Arts Special Offer Auction,Good detail. A few repairs and light creases.,1,2024-03-10 15:16:47,4.9902
905988,Footman and Mt. Fuji,Kuniyasu (1794 - 1832),A Fuji Arts Special Offer Auction,Good detail. Backed with paper. Crease near bottom,1,2024-03-10 15:16:47,5.0512
900301,Beauty Playing Hanetsuki Pillar Print,Utamaro (1750 - 1806),A Fuji Arts Special Offer Auction,"Good detail. Backed with paper. Substantial losses and holes, repaired. Slight rubbing, slight curling at ends.",1,2024-03-10 15:16:48,4.0166
905968,Parody of the Three Gods of Good Fortune,Sadatora (active circa 1818 - 1844),A Fuji Arts Special Offer Auction,"Good detail. A few repairs, wrinkling throughout.",1,2024-03-10 15:16:48,4.6073
913511,The Courtesan Hanamurasaki of the Tamaya,Edo era artist (unsigned),A Fuji Arts Special Offer Auction,"Good detail. Horizontal and vertical centerfolds, a few creases.",1,2024-03-10 15:16:48,4.1951
907303,Fuji Arts Overstock Triptych - Exceptional Bargain!,Kunichika (1835 - 1900),A Fuji Arts Special Offer Auction,"This print with nice color and detail as shown. Light rubbing, wrinkling, and staining throughout. Three separate panels. Please see photos for details.",1,2024-03-10 15:16:48,4.9712
906032,Courtesan Examining Bolts of Fabric,Tominobu (active circa 1804 - 1844),A Fuji Arts Special Offer Auction,"Good detail. Horizontal and vertical folds. A few wormholes, repaired.",1,2024-03-10 15:16:48,4.9143
909583,Fuji Arts Overstock Triptych - Exceptional Bargain!,Nobukazu (1874 - 1944),A Fuji Arts Special Offer Auction,This print with nice detail as shown. Rubbing and staining throughout. Three separate panels. Please see photos for details.,1,2024-03-10 15:16:48,5.3052
909785,Fuji Arts Overstock Triptych - Exceptional Bargain!,Kunisada III (1848 - 1920),A Fuji Arts Special Offer Auction,This print with nice color and detail as shown. Light staining. Three separate panels. Please see photos for details.,1,2024-03-10 15:16:48,4.5157
908569,Beauty with a Fish Obi,Kuniyasu (1794 - 1832),A Fuji Arts Special Offer Auction,"Good detail. Partially backed with paper. A few repairs and creases, horizontal wrinkle near bottom.",1,2024-03-10 15:16:48,5.0512
900712,Fuji Arts Overstock Triptych - Exceptional Bargain!,Kunichika (1835 - 1900),A Fuji Arts Special Offer Auction,"This print with nice color and detail as shown. Staining, tears, and losses along edges. Three separate panels. Please see photos for details.",1,2024-03-10 15:16:49,4.9712
912900,Fuji Arts Overstock Triptych - Exceptional Bargain!,Meiji era artist (not read),A Fuji Arts Special Offer Auction,This print with nice color and detail as shown. Rubbing and staining throughout. Tears and losses at edges. Backed with thin paper. Three separate panels. Please see photos for details.,1,2024-03-10 15:16:50,4.2802
910174,Fuji Arts Overstock Triptych - Exceptional Bargain!,Kunisada II  (1823 - 1880),A Fuji Arts Special Offer Auction,"This print with nice color and detail as shown. Rubbing, creases, and staining throughout. Three separate panels. Please see photos for details.",1,2024-03-10 15:16:50,4.4711
902114,Fine Old Reprint Clearance! A Fuji Arts Value,Utamaro (1750 - 1806),,This print with good color and detail as shown. Spotting near center. Please see photos for details.,0,2024-03-10 15:16:50,4.0166
912162,Fine Old Reprint Clearance! A Fuji Arts Value,Utamaro (1750 - 1806),,This print with good color and detail as shown. Stain in bottom left corner. Please see photos for details.,0,2024-03-10 15:16:50,4.0166
903628,Fine Old Reprint Clearance! A Fuji Arts Value,Choki (active circa 1785 - 1805),,This print with good color and detail as shown. Brown spotting near center. Please see photos for details.,0,2024-03-10 15:16:50,4.5114
909650,Fuji Arts Overstock Triptych - Exceptional Bargain!,Yoshifuji (1828 - 1889),A Fuji Arts Special Offer Auction,"This print with nice color and detail as shown. Rubbing, staining, and wrinkling throughout. Tears at edges. Three separate panels. Please see photos for details.",1,2024-03-10 15:16:50,4.864
908156,Fine Old Reprint Clearance! A Fuji Arts Value,Kuniyoshi (1797 - 1861),,This print with good color and detail as shown. Spotting and paper remnants at top left corner. Please see photos for details.,0,2024-03-10 15:16:50,5.3703
903408,Sennyu-ji Temple,Masao Ido (1945 - 2016),Series; One Hundred Famous Views of Kyoto: Rakunan,Excellent color and detail. Faint spot and slight rubbing in margin.,1,2024-03-10 15:16:52,5.1949
908257,Bamboo Grove around Nonomiya,Masao Ido (1945 - 2016),Series; One Hundred Famous Views of Kyoto: Sagano,Excellent color and detail. A few tiny spots in margins and light creases at edge.,1,2024-03-10 15:16:52,5.1949
907553,Kodai-ji Temple,Masao Ido (1945 - 2016),Series; One Hundred Famous Views of Kyoto: Higashiyama,Excellent color and detail. Some prints have very slight rubbing at top corners from original publisher mounting. Excellent condition overall.,1,2024-03-10 15:16:53,5.1949
914885,Shisen-do Temple,Masao Ido (1945 - 2016),Series; One Hundred Famous Views of Kyoto: Kitayama,Excellent color and detail. Some prints have very slight rubbing at top corners from original publisher mounting. Excellent condition overall.,1,2024-03-10 15:16:54,5.1949
916163,Akogi,Tsukioka Kogyo (1869 - 1927),"Series; Pictures of Noh Plays (Nogaku zue), 1897 - 1902","Beautiful, crisp printing with excellent color and detail. These prints have been stored only and are clean and bright. Backed with paper. A few small repairs. Some prints have a couple spots.",1,2024-03-10 15:16:54,4.273
903893,Adachigahara,Tsukioka Kogyo (1869 - 1927),"Series; Pictures of Noh Plays (Nogaku zue), 1897 - 1902","Beautiful, crisp printing with excellent color and detail. These prints have been stored only and are clean and bright. Backed with paper. Small repair. Some prints have a couple spots.",1,2024-03-10 15:16:54,4.273
910084,The Syllable Ko for the Play Kokusenya: Ichikawa Ebizo V as Kanki and Ichikawa Danjuro VIII as Watonai,Toyokuni III/Kunisada (1786 - 1864),"Series; The Seven Variations of the Iroha, 1856","Good detail. A few wormholes, repaired.",1,2024-03-10 15:17:04,4.9902
908207,"Drastic Price Reduction Moved to Clearance, Act Fast!",Kunisada II (1823 - 1880),,"This print with nice color and detail as shown. Rubbing, staining, and creases throughout. Three separate panels. Please see photos for details.",1,2024-03-10 15:17:04,5.0398
906721,"Drastic Price Reduction Moved to Clearance, Act Fast!",Kunisada II (1823 - 1880),,"This print with nice color and detail as shown. Rubbing, staining, and creases throughout. Thinning, tears, and a hole at far left edge. Three separate panels. Please see photos for details.",1,2024-03-10 15:17:04,5.0398
913295,"Drastic Price Reduction Moved to Clearance, Act Fast!",Kunichika (1835 - 1900),,"This print with nice color and detail as shown. Rubbing, staining, and creases throughout. Hole in far right panel. Three separate panels. Please see photos for details.",1,2024-03-10 15:17:05,4.9712
